#{"t_start": 1764078098.6933086, "env_id": "ALE/Breakout-v5"}
r,l,t24.0,284,5.4173013.3.0,257,9.9514991.2.0,212,12.5263174.0,268,16.504793
0.0,134,19.056107
2.0,203,21.109489
025.0,320,25.70144.000.0,125,27.98361.11.0,150,30.388410.25.0,297,35.1688248.0,467,40.284394
27.0,374,47.0439537.0,258,52.17256
2.0,198,55.610875
2.0,188,60.23306
4.0,264,65.061996
1.0,176,67.641084
7.0,256,72.907974
3.0,236,77.486495
46.0,352,82.2959262.0,180,85.284567
3.0,219,90.445551
13.0,221,92.5759317.0,248,97.707525
3.0,236,102.259346
3.0,240,107.116512
7.0,260,112.489234
6.0,346,118.964653
2.0,182,121.69263
7.0,269,126.391896
4.0,267,130.894406
2.0,183,135.138495
7.0,251,139.539568
1.0,159,142.046256
1.0,174,144.839644
7.0,396,151.653517
2.0,185,156.283598
7.0,247,161.415112
2.0,184,164.466752
7.0,391,171.330739
2.0,186,175.480541
2.0,190,177.898315
7.0,251,182.41163335.0,314,187.461689
7.0,247,191.88246452.0,196,196.62914132.0,208,200.865049117.0,246,203.84907611.0,413,210.493372
17.0,379,215.29238337.0,250,219.923479
7.0,258,224.464283
2.0,183,227.320004
2.0,191,231.568678
3.0,222,235.646707
7.0,248,240.036093
4.0,244,242.995041
3.0,215,247.26130577.0,250,251.900752
3.0,214,256.130133
3.0,219,259.018057
3.0,228,263.775533
7.0,250,268.314825
1.0,158,270.7535181111.0,276,277.5938873.7.0,253,281.8973723.7.0,279,286.791219
3.0,226,289.792898
7.0,244,294.420759
2.0,183,298.60223.3.0,225,302.789324.02.0,181,305.226247.07.0,247,310.077942.03.0,215,315.083585.01.0,155,317.61017.0,260,322.374235
13.0,233,325.22153972.0,187,329.65641
8.0,312,334.800393
11.0,277,340.02239737.0,284,346.16427
7.0,262,350.703604
7.0,277,355.782737
2.0,182,358.604814
7.0,272,363.42678
3.0,220,368.056115
3.0,227,372.770884
2.0,184,375.4691
7.0,250,380.787309
3.0,236,385.236638
3.0,217,389.509459
7.0,271,394.227086
3.0,223,398.658386
1.0,164,401.107216
2.0,202,405.668738
7.0,266,410.548635
3.0,224,413.504874
1.0,153,417.606425
4.0,286,422.292294
7.0,253,426.972704
2.0,186,429.629579
7.0,246,434.208522
3.0,245,438.486867
7.0,257,443.042165
7.0,245,447.279414
7.0,262,451.795882
2.0,190,454.407149
2.0,189,458.474657
3.0,226,462.867439
7.0,251,467.507226
3.0,214,470.336571
3.0,224,475.241069
3.0,219,479.643913
11.0,283,484.36062
7.0,264,488.990972
2.0,183,493.319154
3.0,238,496.506746
2.0,203,500.446657
2.0,195,504.61827
2.0,193,507.13491
7.0,270,512.00496
1.0,161,514.881727
3.0,221,519.010669
3.0,221,523.595516
3.0,231,528.119211
3.0,233,531.016059
2.0,192,535.359027
6.0,360,542.747235
7.0,272,547.400408
6.0,355,554.788867
3.0,219,557.560117
2.0,189,561.634857
7.0,258,565.997063
11.0,290,570.489361
11.0,279,575.256947
3.0,211,580.067994
3.0,220,584.96842
7.0,261,589.501097
1.0,157,591.88742
3.0,222,596.53143
7.0,259,601.58482
11.0,270,606.123654
3.0,216,610.504032
3.0,228,613.441536
7.0,243,617.990861
3.0,218,622.19588
3.0,227,626.622425
7.0,255,631.231872
3.0,215,633.9196
11.0,286,640.499411
3.0,223,643.438499
3.0,215,648.016978
7.0,283,653.049368
7.0,263,658.18671
2.0,191,662.441038
2.0,191,665.240576
7.0,264,670.609262
2.0,183,675.375123
2.0,192,678.007457
11.0,272,683.005532
2.0,186,687.018377
2.0,190,689.44505
1.0,163,693.540355
3.0,231,696.456115
3.0,226,701.038399
7.0,260,705.530743
3.0,210,710.612239
7.0,254,715.184935
2.0,206,718.197428
3.0,213,722.46988
4.0,265,727.289383
2.0,190,731.871345
3.0,223,734.920996
3.0,214,739.613727
2.0,180,742.391969
2.0,185,746.563448
3.011.0,276,751.72467.0,250,755.523359
4.0,4.0,272,760.36113.0,3.0,230,765.23663.0,238,768.537419
3.04.0,286,773.43943.0,11.0,289,780.3347.0,3.0,224,782.93633.0,3.0,237,787.39724.0,2.0,182,791.69487.0,8.0,292,797.34647.0,7.0,245,801.76413.0,11.0,281,806.9330.0,17.0,252,811.58626
11.0,390,818.523047
5.0,310,823.635201
11.0,284,830.323824
8.0,284,835.13626
5.0,311,840.129068
6.0,358,847.002105
6.0,360,854.124717
12.0,304,859.015644
10.0,493,868.474806
6.0,343,874.952044
11.0,432,881.991613
7.0,418,890.493326
10.0,532,899.65059
7.0,260,904.231352
10.0,374,910.865898
3.0,213,913.499765
5.0,300,920.371388
12.0,325,925.898351
7.0,247,930.376493
13.0,481,939.133763
8.0,282,943.923601
3.0,228,948.313131
6.0,336,953.54755
5.0,337,960.008029
9.0,522,969.349909
7.0,366,976.445591
12.0,442,984.057606
2.0,197,988.13372
7.0,419,995.032504
5.0,296,1001.352514
8.0,414,1008.714093
7.0,244,1013.545885
10.0,372,1020.537821
4.0,263,1025.117793
9.0,350,1030.364996
7.0,362,1036.688231
6.0,343,1043.011747
3.0,219,1047.71809511.0,418,1055.018149
7.0,361,1061.48344
11.0,524,1070.579484
8.0,420,1077.364944
9.0,322,1083.687084
8.0,413,1090.702881
4.0,266,1095.322417
8.0,419,1102.255023
11.0,418,1109.471854
4.0,261,1115.611979
3.0,210,1118.320397
10.0,375,1125.741762
3.0,212,1129.991995
7.0,265,1134.422993
5.0,304,1139.304178
5.0,304,1145.528276
5.0,344,1150.714354
11.0,392,1157.427346
8.0,398,1164.178426
5.0,312,1170.638699
3.0,219,1174.787028
7.0,408,1181.543878
7.0,249,1185.919725
8.0,441,1192.937286
7.0,270,1197.436537
7.0,248,1201.905458
11.0,284,1206.348536
4.0,261,1210.897049
7.0,246,1215.452115
6.0,343,1221.857412
6.0,329,1228.592984
6.0,345,1233.626391
6.0,337,1241.405951
8.0,412,1250.185182
10.0,377,1257.746012
4.0,262,1262.350615
14.0,369,1269.245753
3.0,220,1274.023184
7.0,251,1278.571723
9.0,462,1285.848723
7.0,256,1290.81169
3.0,215,1295.524615
10.0,380,1302.077106
5.0,291,1307.650136
7.0,364,1314.861115
4.0,242,1319.706506
12.0,443,1326.610566
6.0,333,1333.333419
6.0,364,1339.929042
11.0,266,1344.605176
2.0,187,1347.193308
9.0,457,1356.044305
7.0,397,1363.345105
8.0,409,1370.510818
4.0,261,1375.079119
11.0,12.0,523,1383.5026.0,7.0,247,1387.84737.0,11.0,394,1394.4133.0,28.0,310,1399.469697
11.0,271,1404.4467
4.0,241,1409.03226.012.0,447,1417.53568.0,8.0,415,1424.678388
7.0,253,1429.701151
2.0,182,1432.43883.0,8.0,291,1437.1287.0,38.0,410,1446.317.0,311.0,531,1455.969333
8.0,422,1462.886734
7.0,260,1467.3058.0,27.0,369,1473.573018
6.0,331,1479.886343
8.0,423,1486.987423
9.0,441,1494.388862
7.0,246,1498.941751
5.0,314,1505.427282
8.0,436,1512.588942
13.0,489,1521.90279
3.0,221,1526.426075
12.0,325,1531.343176
5.0,331,1537.860347
7.0,370,1544.654174
3.0,212,1547.385833
8.0,392,1554.958415
7.0,377,1561.979882
8.0,292,1567.974471
12.0,478,1575.618102
7.0,372,1582.40684
9.0,437,1590.820584
8.0,388,1597.526969
9.0,499,1606.447369
6.0,343,1612.227957
8.0,433,1621.154826
8.0,444,1629.07813
8.0,296,1635.43912
5.0,332,1640.494052
13.0,491,1649.987128
7.0,413,1657.000436
7.0,457,1666.381187
3.0,218,1669.202237
8.0,324,1676.026548
8.0,419,1683.250979
7.0,403,1690.439179
11.0,427,1699.592648
3.0,221,1702.239554
9.0,452,1711.353488
12.0,437,1718.479507
9.0,438,1727.50645
7.0,384,1734.559326
4.0,266,1739.097016
9.0,329,1743.74783
12.0,451,1752.785711
8.0,420,1759.869974
4.0,263,1764.455819
13.0,474,1773.589787
7.0,381,1780.48639
13.0,509,1789.490937
6.0,347,1796.347718
11.0,405,1803.102344
8.0,401,1809.827526
12.0,423,1817.21558
13.0,601,1828.580718
10.0,485,1837.339148
9.0,419,1844.88841
7.0,356,1851.310196
3.0,214,1855.975756
8.0,402,1862.485351
5.0,294,1867.833588
7.0,249,1872.550348
5.0,292,1877.458801
14.0,508,1885.625947
8.0,304,1891.344306
11.0,519,1899.534465
12.0,454,1906.243713
7.0,415,1912.906289
14.0,633,1923.231479
12.0,531,1931.580674
6.0,363,1938.150045
9.0,464,1946.343323
3.0,214,1950.171288
10.0,491,1956.652381
10.0,527,1965.984967
7.0,250,1968.827828
14.0,391,1976.538234
8.0,409,1982.72301
27.0,591,1991.362547
9.0,459,1999.360389
16.0,628,2009.433112
13.0,389,2015.554234
8.0,444,2021.981807
11.0,278,2027.539698
11.0,534,2036.081265
13.0,346,2040.627041
17.0,633,2050.505764
13.0,320,2056.541583
12.0,433,2062.638296
4.0,271,2066.917124
13.0,582,2076.759793
9.0,448,2083.300718
8.0,328,2089.257586
7.0,400,2095.567594
11.0,399,2101.814918
7.0,380,2107.98282
11.0,275,2111.948371
8.0,302,2117.607787
7.0,247,2121.656051
8.0,410,2127.857211
7.0,420,2134.051224
3.0,221,2137.97091
13.0,606,2148.108027
14.0,583,2157.471549
10.0,508,2165.405918
7.0,254,2169.304222
10.0,399,2175.202151
8.0,402,2181.914682
3.0,227,2185.971643
10.0,496,2194.098642
9.0,469,2201.731298
12.0,417,2208.104276
11.0,270,2212.833742
8.0,280,2217.110199
9.0,488,2225.228455
6.0,362,2231.156268
11.0,274,2235.347317
9.0,483,2243.464269
13.0,598,2251.994405
10.0,520,2259.90663
8.0,407,2267.415829
4.0,267,2271.490155
9.0,330,2276.067265
9.0,458,2284.003136
13.0,618,2294.083455
12.0,454,2300.612609
4.0,277,2305.026617
7.0,391,2311.314322
3.0,214,2315.166189
8.0,296,2319.254532
5.0,292,2325.118679
11.0,508,2333.416992
12.0,557,2341.705242
11.0,389,2347.641941
10.0,360,2353.536392
11.0,535,2361.700881
9.0,514,2369.594954
9.0,432,2376.068808
12.0,573,2385.73114
4.0,259,2389.758992
16.0,476,2397.665987
10.0,361,2403.721045
6.0,338,2408.036977
7.0,425,2414.575619
10.0,357,2420.613828
8.0,291,2426.174682
6.0,365,2430.98774
12.0,434,2438.89977
12.0,461,2445.716318
8.0,413,2454.115786
9.0,481,2460.618955
10.0,491,2468.674709
10.0,470,2476.404785
9.0,479,2484.213513
20.0,699,2495.073996
10.0,501,2503.050325
13.0,479,2511.837477
16.0,613,2522.043722
11.0,397,2528.245406
10.0,447,2534.359878
4.0,281,2538.723238
21.0,525,2547.197673
9.0,448,2554.791968
10.0,476,2562.711534
11.0,518,2570.914457
8.0,397,2576.983406
6.0,348,2582.979366
15.0,564,2591.572071
9.0,455,2597.872302
13.0,444,2605.654964
23.0,477,2613.675769
11.0,393,2620.15253
8.0,402,2626.285893
9.0,454,2632.696027
14.0,354,2638.651947
11.0,525,2646.923797
10.0,493,2654.897351
14.0,532,2663.385862
20.0,563,2673.040902
15.0,560,2681.473762
9.0,439,2689.270077
8.0,454,2695.575338
9.0,435,2701.960136
10.0,492,2710.228244
8.0,424,2718.105692
10.0,473,2724.886487
14.0,537,2734.612753
18.0,689,2745.136694
12.0,602,2755.620051
9.0,311,2759.986135
12.0,453,2768.122557
6.0,336,2772.449479
12.0,301,2778.155758
12.0,577,2786.580991
8.0,282,2790.843751
9.0,330,2796.586778
3.0,212,2799.010844
10.0,489,2806.752129
13.0,642,2817.654201
14.0,611,2827.74552
8.0,292,2831.88322
12.0,477,2839.958015
17.0,588,2849.705715
8.0,408,2855.908801
17.0,499,2864.161478
13.0,473,2870.759762
5.0,280,2876.205719
13.0,316,2880.706148
18.0,675,2890.765964
13.0,334,2896.935972
13.0,349,2902.774634
16.0,471,2909.230829
9.0,481,2917.004266
15.0,566,2926.903077
14.0,532,2935.129234
10.0,506,2943.332355
14.0,391,2949.535567
17.0,383,2955.503052
17.0,538,2964.288294
11.0,546,2972.525055
8.0,381,2978.877222
5.0,322,2984.600495
6.0,356,2989.116654
15.0,374,2995.049065
18.0,494,3003.000811
18.0,546,3012.844325
6.0,338,3017.270988
8.0,403,3023.968744
9.0,464,3031.716252
8.0,418,3037.816322
9.0,491,3045.692163
16.0,450,3053.972486
11.0,401,3060.328839
19.0,564,3070.101626
12.0,424,3076.439728
13.0,367,3082.668772
25.0,629,3092.688001
17.0,377,3098.839441
21.0,514,3106.85816
21.0,520,3115.772546
10.0,479,3123.898457
14.0,511,3132.161917
14.0,404,3138.480673
14.0,506,3146.881943
18.0,423,3153.194293
6.0,301,3158.831978
15.0,522,3167.057406
11.0,506,3175.169873
15.0,549,3183.497381
18.0,392,3189.487195
14.0,485,3197.347193
16.0,455,3204.003647
15.0,430,3211.705622
21.0,390,3217.855016
10.0,397,3223.8546
18.0,412,3230.281961
17.0,493,3238.040373
14.0,372,3244.022992
9.0,460,3251.764866
13.0,455,3258.236701
22.0,444,3265.923136
14.0,384,3271.978077
9.0,435,3278.498143
18.0,390,3284.857249
11.0,498,3292.954371
4.0,292,3296.989625
16.0,454,3305.075403
7.0,362,3311.291544
13.0,651,3321.632302
17.0,498,3329.815291
14.0,502,3336.407719
10.0,371,3342.496113
10.0,510,3350.896286
18.0,384,3357.649815
18.0,502,3365.649805
6.0,377,3371.581039
19.0,482,3379.681284
19.0,537,3388.127194
18.0,530,3396.308593
16.0,470,3404.115085
11.0,387,3410.882319
11.0,520,3419.158407
18.0,409,3425.467189
12.0,505,3433.663635
12.0,418,3439.904008
17.0,340,3445.880621
28.0,496,3454.213112
9.0,433,3460.572483
13.0,475,3468.86783
15.0,435,3475.196117
19.0,454,3483.119406
13.0,347,3489.238976
9.0,336,3493.741715
13.0,339,3499.524662
11.0,432,3506.07279
14.0,393,3512.02813
18.0,415,3520.015775
10.0,364,3526.065189
9.0,311,3530.393826
15.0,452,3538.361444
6.0,323,3542.763755
7.0,399,3548.929568
14.0,516,3557.352633
13.0,490,3565.725174
9.0,497,3573.925582
12.0,413,3580.047179
17.0,362,3585.913262
17.0,364,3591.965459
14.0,407,3598.168314
7.0,434,3604.508144
14.0,394,3610.606819
14.0,390,3616.56007
8.0,411,3624.361188
18.0,410,3631.058259
7.0,396,3637.500295
14.0,489,3645.409868
18.0,404,3651.718537
11.0,389,3658.433152
16.0,472,3666.367662
8.0,426,3672.507209
20.0,507,3680.610943
13.0,334,3686.422889
11.0,420,3692.537626
8.0,412,3698.757213
5.0,312,3704.622221
14.0,362,3710.228847
10.0,374,3716.181271
15.0,373,3721.997437
7.0,363,15.0,455,37289.0,454,314.0,412,37313.0,468,319.0,589,37414.0,394,326.0,420,37517.0,501,317.0,376,37531.0,498,3764.812587
17.0,371,3770.932229
17.0,450,26.0,529,377917.0,363,3783.541469
31.0,613,3793.734694
6.0,359,3799.419548
18.0,382,3805.755426
13.0,516,21.0,544,38146.0,341,316.0,469,38221.0,518,321.0,389,38215.0,597,3837.171188
14.0,521,3845.309223
22.0,443,3853.191088
19.0,453,3859.638901
11.0,508,3867.782357
24.0,608,3877.587173
16.0,460,3885.469143
28.0,504,3893.379601
6.0,291,3897.709162
5.0,331,3903.690397
6.0,356,3910.0,530,3915.0,553,3925.0,544,3914.0,372,3916.0,490,398.0,444,39229.0,696,3938.181133
24.0,512,3946.318542
20.0,486,3954.906498
21.0,368,314.0,490,39617.0,361,11.0,421,396715.0,425,24.0,445,397418.0,648,3983.145523
27.0,620,3992.925202
16.0,478,4000.647487
14.0,380,4006.874274
9.0,458,4013.74906
12.0,572,4023.45007
21.0,385,418.0,531,4024.0,270,4011.0,428,4012.0,433,4022.0,550,4018.0,536,4010.0,327,4011.0,366,4020.0,609,4021.0,465,407.0,357,40626.0,546,412.0,540,4020.0,490,418.0,517,40822.0,448,422.0,532,40914.0,513,420.0,488,40922.0,4439.0,466,4106.67.0,42425.0,549,411415.0,563,16.0,523,4123.218092
23.0,436,412926.0,69015.0,415,4137.18.0,680,4143.966155
28.0,5115.0,552,4153.624.0,512,4160.422994
19.0,610,4170.594525
20.0,556,4180.336872
19.0,635,4190.561023
23.0,575,4199.181816
10.0,532,4207.363512
20.0,482,4215.48034
25.0,519,4223.64505
17.0,493,4231.981248
16.0,473,4239.942838
24.0,506,4246.675818
23.0,609,4257.207028
25.0,554,4266.942529
24.0,627,4275.555044
16.0,612,4285.865
29.0,549,4295.594251
26.0,579,4304.012207
24.0,624,4314.699424
28.0,641,4324.957458
16.0,730,4336.649393
23.0,687,4347.452899
26.0,596,4357.704088
24.0,487,4364.209835
31.0,537,4373.682349
28.0,617,4383.595144
26.0,711,4393.851777
24.0,500,4402.15606
4.0,258,4406.341417
24.0,618,4416.20819
28.0,524,4424.490139
5.0,269,4428.976367
29.0,553,4437.168839
27.0,467,4445.073077
19.0,638,4455.191493
20.0,625,4465.411285
28.0,634,4475.747189
10.0,474,4482.353203
4.0,242,4486.548312
19.0,431,4494.25551
25.0,412,4500.396414
12.0,578,4508.938851
6.0,319,4514.704272
29.0,536,4522.660936
15.0,531,4531.237064
27.0,647,4541.404074
35.0,638,4551.628466
8.0,409,4559.882671
29.0,437,4566.272515
26.0,458,4574.432278
7.0,375,4579.062805
18.0,512,458715.0,685,15.0,412,459420.0,47419.0,429,4600.23.0,46424.0,621,4611.14.0,5222.0,563,4620.24.0,49612.0,442,462725.0,584,28.0,523,463524.0,50130.0,476,4644.7.0,399,24.0,619,4652.791318
20.0,614,4662.783754
10.0,476,4670.829135
27.0,617,4680.832164
32.0,691,4691.22866
30.0,733,4703.320668
19.0,431,4709.879766
27.0,635,4720.473504
28.0,513,4728.807298
23.0,435,4736.682619
18.0,412,4743.189765
9.0,483,4751.185789
22.0,539,4759.576952
26.0,590,4768.319335
26.0,571,4778.506571
8.0,393,4784.852313
25.0,529,4793.219096
24.0,520,4801.573633
25.0,672,4812.221258
19.0,444,4819.942199
8.0,411,4826.170057
21.0,528,4834.826297
16.0,576,4844.858354
10.0,429,4851.372803
26.0,675,4862.329304
11.0,537,5811.31938
12.0,456,5821.431482
28.0,526,5832.426933
9.0,465,5841.883808
29.0,595,5852.11476
26.0,591,5863.579316
21.0,547,5873.204234
29.0,674,5887.598575
16.0,607,5898.222471
19.0,434,5907.673709
6.0,310,5913.25663
19.0,658,5925.979969
34.0,586,5937.779039
24.0,605,5950.129995
16.0,481,5957.897666
24.0,495,5967.547298
24.0,513,5977.425529
35.0,696,5991.938005
20.0,587,6001.844371
21.0,628,6013.771454
17.0,611,6026.428767
34.0,576,6036.470299
24.0,484,6045.943209
24.0,480,6055.395636
20.0,614,6067.328068
33.0,676,6079.521957
24.0,632,6091.577224
13.0,461,6100.520817
13.0,503,6110.623483
8.0,443,6117.81922
18.0,519,6127.318575
4.0,278,6132.169285
9.0,323,6138.862502
23.0,470,6146.034073
12.0,546,6157.146374
6.0,344,6162.371731
7.0,401,6169.505663
23.0,504,6178.990934
10.0,348,6185.89862
26.0,589,6197.878778
7.0,348,6203.887822
30.0,574,6215.344311
22.0,545,6224.878671
20.0,580,6235.943672
14.0,597,6246.108247
20.0,623,6259.032578
13.0,505,6269.132146
16.0,584,6281.732139
12.0,448,6288.818785
21.0,539,6298.75036
25.0,544,6310.912251
28.0,482,6320.039803
18.0,562,6330.04657
24.0,475,6339.026177
17.0,337,6344.297097
28.0,618,6356.127837
37.0,558,6365.801579
25.0,541,6376.953882
26.0,571,6386.766994
29.0,543,6396.618125
39.0,433,6405.558788
5.0,291,6411.448129
15.0,685,6423.682697
18.0,374,6430.50038
11.0,391,6438.014458
17.0,519,6447.412942
32.0,601,6460.147145
4.0,241,6464.884196
24.0,478,6474.255385
22.0,413,6481.906329
16.0,565,6492.393072
8.0,411,6501.208931
15.0,413,6509.001343
31.0,481,6518.098382
12.0,576,6528.013964
20.0,350,6534.838352
35.0,646,6547.480179
28.0,494,6557.309296
25.0,526,6567.162465
41.0,608,6578.799299
19.0,560,6588.238421
15.0,413,6595.794126
26.0,665,6607.225261
25.0,476,6617.37122
32.0,504,6627.519426
22.0,686,6640.281941
28.0,494,6649.598161
18.0,514,6659.169657
30.0,738,6673.422778
19.0,569,6683.459363
30.0,553,6695.6408
25.0,557,6705.864097
6.0,373,6713.778535
31.0,503,6723.898492
19.0,542,6733.790268
31.0,611,6745.51259
31.0,573,6755.479599
14.0,404,6765.213553
17.0,638,6776.440233
12.0,447,6784.098435
9.0,436,6791.67614
7.0,374,6798.900017
22.0,523,6808.196741
19.0,582,6819.8333
19.0,426,6826.96397
17.0,506,6835.939912
29.0,541,6846.853072
19.0,711,6858.710067
7.0,400,6865.52468
29.0,532,6875.193854
20.0,450,6884.313103
12.0,423,6891.729075
25.0,545,6901.246203
26.0,578,6913.374449
30.0,517,6923.212369
9.0,460,6932.590855
35.0,732,6945.645528
28.0,545,6957.746641
21.0,576,6968.038997
29.0,550,6977.946814
22.0,546,6989.936763
23.0,729,7003.139255
30.0,590,7016.791876
20.0,462,7026.051502
12.0,577,7036.917992
21.0,672,7049.147696
31.0,630,7061.176567
21.0,484,7070.514572
25.0,544,7079.913944
32.0,497,7089.422553
6.0,359,7096.233853
26.0,545,7105.473305
32.0,505,7114.75112
30.0,613,7126.630053
25.0,548,7136.234218
29.0,702,7149.819923
24.0,479,7157.58436
34.0,552,7168.803664
11.0,391,7175.529698
23.0,591,7185.892819
18.0,690,7200.054096
16.0,588,7210.420276
19.0,529,7221.97911
4.0,259,7226.850001
22.0,581,7236.918729
17.0,483,7246.725892
13.0,586,7257.428366
20.0,560,7268.591959
7.0,372,7275.921434
14.0,501,7285.428694
29.0,440,7293.049285
10.0,456,7302.276175
14.0,475,7310.125558
27.0,678,7325.233266
32.0,647,7337.206223
15.0,526,7347.168324
9.0,460,7354.763837
26.0,606,7367.180919
30.0,466,7376.144413
34.0,735,7390.533456
10.0,468,7397.827704
18.0,419,7404.460127
17.0,630,7414.473257
8.0,424,7422.208151
20833
24.0,508,7385.816853
24.0,526,7395.667063
17.0,479,7403.807894
7.0,370,7409.805355
23.0,468,7416.52316
11.0,479,7424.353482
4368
30.0,567,7393.113404
25.0,554,7401.94559
21.0,657,7412.275713
24.0,585,7422.19906

17.0,515,7383.822087
25.0,529,7393.66997
16.0,583,7404.034581
11.0,528,7412.213813
32.0,666,7422.603136
.367143
22.0,580,7418.360829
58133.024.0,512,7424.493192
229
22.0,526,7364.887394
26.0,445,7373.868819
11.0,480,7383.28552
22.0,662,7395.582745
25.0,573,7404.32005
15.0,445,7412.001628
9.0,453,7418.597699
14.0,380,7424.585176
