#{"t_start": 1764085529.8113244, "env_id": "ALE/Breakout-v5"}
r,l,t5.0,355,5.189485
02.0,209,8.90741625.0,336,11.43543334.0,313,17.14409211.0,181,19.7128921.0,166,23.26244821.0,167,25.62040522.0,199,28.16530473.0,243,32.2080094.0,289,36.280132
15.0,347,41.80572822.0,195,44.26769522.0,226,48.14829127.0,258,52.092445
3.0,237,55.951411.41.0,168,58.193612.38.0,306,62.70047444.0,287,68.53568637.0,259,72.76447530.0,142,74.891095.2.0,209,77.4223213.3.0,235,81.5819047.2.0,184,85.6440283.6.0,350,91.604532
7.0,380,96.378065
3.0,212,100.291885
3.0,217,104.273128
1.0,159,106.44979.0,7.0,253,110.51904.03.0,212,114.621884.02.0,188,117.125373.02.0,203,121.210603.03.0,220,124.277573.03.0,219,128.331403.0,225,131.856237
3.0,219,134.531487
2.0,184,138.141795
3.05.0,297,142.32715.0,3.0,213,146.0992.0,14.0,271,150.2112.0,23.0,252,154.3233.0,23.0,213,156.7453.0,23.0,224,160.7217.0,21.0,156,163.0832.0,17.0,251,167.2191.0,12.0,185,171.0382.0,7.0,246,175.234764
1.0,157,177.72413.7.3.0,230,182.01677.0,2.0,193,184.293211.03.0,214,188.173107.02.0,185,190.55783.04.0,250,194.576735.0,298,198.474041
4.0,279,202.825246
1.0,152,206.634552
7.09.0,483,213.002677.03.0,241,216.934643.07.0,273,222.433816
3.0,214,225.371086
3.0,217,229.828237.02.0,209,233.910678
3.0,223,237.843358
7.0,381,243.899413
2.0,194,246.265486
3.0,222,250.202905
3.0,225,253.939981
7.0,247,256.947416
1.0,169,260.880998
7.0,254,264.994061
3.0,219,267.538049
1.0,169,271.442376
2.0,192,274.019406
3.0,218,277.847244
7.0,262,282.229884
2.0,188,285.900359
2.0,185,288.475578
11.0,267,292.942286
3.0,216,297.067436
2.0,189,299.486161
4.0,258,303.723662
3.0,218,307.662857
7.0,249,311.684465
3.0,211,315.72984
3.0,217,318.693785
2.0,185,322.29362
2.0,189,324.76437
2.0,185,328.458066
8.0,288,332.614956
3.0,219,336.56674
7.0,254,340.746716
5.0,300,345.247483
2.0,189,347.754447
3.0,220,351.605304
5.0,293,355.884421
11.0,282,361.391667
3.0,220,364.014411
7.0,382,370.4745
7.0,249,374.605218
3.0,225,378.679566
3.0,218,382.890988
7.0,260,387.126401
7.0,281,391.487433
2.0,192,393.886512
7.0,254,397.796453
3.0,226,401.717867
7.0,255,405.809159
2.0,208,409.521917
11.0,292,413.905159
7.0,275,418.055674
7.0,249,422.638053
7.0,406,429.541753
3.0,217,433.266163
3.0,225,437.155361
7.0,264,441.623563
7.0,254,445.780078
2.0,180,448.025178
7.0,253,452.284341
3.0,215,456.084609
11.0,291,460.501978
2.0,201,464.586997
7.0,252,468.781403
3.0,235,472.876927
3.0,211,475.479997
2.0,184,479.756845
7.0,249,483.666707
11.0,279,488.285811
3.0,212,490.767933
2.0,192,494.706584
7.0,254,498.833542
3.0,215,502.681622
5.0,305,507.296091
7.0,247,511.424817
7.0,259,515.694332
2.0,186,517.965138
3.0,210,521.830354
7.0,251,525.884425
7.0,252,529.975013
7.0,244,534.108883
2.0,187,536.471205
2.0,184,540.170659
11.0,280,544.544316
11.0,272,548.668588
3.0,234,552.555586
3.0,224,556.631299
2.0,181,558.882424
2.0,194,562.898954
3.0,244,565.663054
7.0,259,569.684186
11.0,280,575.156401
8.0,305,579.542592
2.0,192,583.543524
3.0,241,586.287958
2.0,190,590.248089
7.0,249,594.524564
2.0,195,596.892342
5.0,312,602.751391
11.0,280,607.184214
8.0,296,611.714544
7.0,260,615.734804
3.0,216,619.584635
3.0,224,623.748963
2.0,192,626.109421
11.0,279,630.33964
3.0,244,634.602859
7.0,271,638.764388
1.0,182,642.791788
2.0,181,645.197713
3.0,243,649.297697
7.0,253,653.45763
11.0,269,657.688899
2.0,181,661.290143
7.0,381,667.654782
3.0,226,670.477015
3.0,243,674.675092
9.0,345,681.095945
2.0,245,685.240566
2.0,188,687.672793
11.0,284,693.320434
11.0,292,697.690277
11.0,283,701.875496
2.0,183,705.692589
7.0,256,709.884899
7.0,257,713.897355
1.0,167,716.276567
2.0,185,718.582527
3.0,221,723.125421
3.0,216,727.132035
7.0,248,731.169116
2.0,187,733.870171
3.0,216,737.950439
11.0,286,742.177107
2.0,180,744.519279
2.0,211,748.347255
8.0,294,752.674261
3.0,216,756.679777
11.0,289,760.945045
7.0,250,764.894425
11.0,273,769.050595
11.0,280,774.71561
6.0,346,779.791994
7.0,278,784.123617
7.0,271,790.06684
7.0,250,794.109143
7.0,256,798.27613
3.0,242,801.03974
3.0,229,804.908766
7.0,272,809.242822
11.0,278,815.019069
2.0,187,817.459773
3.0,253,821.655951
7.0,259,825.936152
7.0,251,830.125399
7.0,249,834.185043
3.0,214,838.011507
3.0,215,840.424927
2.0,184,844.137917
2.0,183,846.420707
3.0,211,850.210009
4.0,267,854.675151
4.0,263,858.820527
3.0,217,862.684903
2.0,186,865.10515
2.0,183,867.403066
3.0,219,871.27786
2.0,200,875.077325
3.0,251,879.328181
7.0,254,883.5543
3.0,219,886.015923
1.0,175,889.835689
3.0,219,893.787278
11.0,269,898.030722
3.0,245,902.194597
11.0,283,906.407904
7.0,261,910.536206
3.0,232,914.654102
3.0,218,917.342998
11.0,267,921.727404
5.0,310,927.367978
1.0,153,929.514766
7.0,250,933.689706
7.0,266,937.887033
7.0,250,942.01861
2.0,188,944.312612
3.0,224,948.287764
7.0,249,952.446649
3.0,229,956.548546
2.0,192,958.926855
2.0,191,962.724916
7.0,256,966.720934
7.0,267,970.756293
2.0,185,973.049493
7.0,250,977.246787
3.0,229,981.450819
11.0,272,985.618916
7.0,273,989.816796
3.0,223,993.853076
3.0,218,997.760046
2.0,187,999.997941
2.0,188,1003.81345
8.0,287,1008.025862
2.0,184,1012.021588
2.0,185,1014.427705
2.0,198,1016.784722
3.0,231,1020.864573
2.0,187,1024.957183
7.0,255,1029.244717
3.0,228,1033.373659
3.0,216,1035.830889
2.0,192,1039.561723
7.0,249,1043.890313
1.0,155,1046.007446
3.0,221,1050.053611
3.0,223,1052.61914
7.0,251,1056.71637
2.0,185,1060.418695
11.0,288,1064.543284
7.0,259,1068.646216
7.0,276,1072.984477
3.0,222,1077.423915
2.0,191,1080.452197
5.0,322,1086.500403
3.0,238,1090.511985
1.0,149,1092.646727
2.0,189,1095.126663
3.0,232,1099.010013
3.0,222,1103.075432
8.0,315,1107.428032
3.0,216,1111.192232
3.0,227,1115.070865
3.0,231,1119.257854
12.0,329,1124.413769
3.0,217,1128.282358
7.0,250,1132.313611
8.0,314,1136.820969
3.0,216,1140.720489
7.0,255,1144.989401
3.0,221,1148.864252
7.0,252,1153.213126
3.0,235,1157.042657
3.0,231,1159.612842
5.0,328,1165.529072
7.0,255,1169.530957
3.0,242,1173.525775
7.0,273,1177.792233
3.0,222,1181.781624
9.0,352,1186.619338
3.0,219,1190.578417
3.0,218,1194.717992
7.0,247,1198.835071
7.0,258,1203.078014
2.0,186,1205.568842
4.0,260,1209.728609
3.0,210,1213.632771
8.0,296,1217.844604
2.0,197,1221.566539
5.0,325,1226.11869
7.0,256,1230.220094
4.0,263,1234.285908
7.0,252,1238.338585
3.0,218,1242.261221
7.0,370,1248.411577
3.0,223,1252.624898
6.0,333,1257.23211
8.0,278,1261.435691
2.0,191,1265.27692
11.0,285,1269.448135
7.0,253,1273.555844
8.0,305,1279.282748
7.0,296,1283.817749
2.0,191,1286.240741
5.0,301,1291.885307
7.0,251,1295.899075
8.0,310,1300.540135
6.0,354,1306.625783
7.0,401,1313.179881
8.0,320,1317.782287
4.0,250,1322.329204
18.0,468,1330.320067
12.0,330,1336.370054
9.0,364,1342.366758
7.0,383,1347.060422
7.0,257,1352.779239
8.0,304,1357.497039
4.0,285,1362.221484
9.0,451,1370.071913
16.0,480,1377.040505
8.0,331,1383.280091
3.0,228,1387.370067
12.0,446,1393.763998
5.0,306,1399.384492
9.0,323,1403.938343
6.0,318,1409.680726
9.0,345,1414.244405
11.0,289,1419.818985
4.0,252,1423.788078
6.0,339,1428.207349
10.0,502,1436.557479
4.0,283,1440.735972
10.0,383,1447.023196
5.0,326,1453.117865
6.0,344,1459.240217
8.0,410,1465.573346
8.0,422,1472.107931
7.0,267,1476.767333
10.0,394,1483.154846
7.0,262,1487.382263
3.0,228,1491.327894
12.0,280,1495.665826
9.0,322,1501.404034
6.0,324,1506.049051
3.0,213,1509.816608
3.0,236,1514.130966
13.0,364,1520.34647
5.0,327,1525.042829
7.0,270,1529.384966
13.0,500,1537.447237
5.0,296,1543.254656
7.0,256,1547.353833
3.0,228,1550.005236
11.0,448,1558.093019
3.0,228,1562.00649
3.0,237,1564.785149
11.0,412,1572.400275
6.0,351,1577.128286
8.0,299,1582.931118
10.0,464,1589.833472
5.0,297,1595.666676
3.0,213,1598.105897
9.0,349,1604.253168
4.0,285,1608.528004
4.0,249,1612.56637
8.0,404,1619.285525
9.0,338,1625.922035
8.0,419,1632.192712
10.0,336,1637.95383
8.0,423,1644.190655
7.0,372,1650.294249
7.0,290,1654.713478
6.0,326,1660.715749
8.0,431,1667.275858
6.0,347,1673.663262
9.0,322,1680.280114
7.0,358,1685.155864
13.0,488,1693.526085
6.0,340,1699.553853
7.0,360,1705.753281
8.0,283,1709.972101
3.0,245,1713.998978
3.0,226,1718.162528
3.0,226,1720.61267
5.0,327,1726.745078
8.0,414,1733.489981
11.0,298,1737.719208
11.0,295,1743.27146
9.0,449,1749.78896
7.0,351,1755.802118
10.0,390,1761.922555
11.0,276,1766.310934
11.0,423,1772.749519
9.0,444,1780.76896
8.0,310,1784.990218
7.0,261,1789.399632
7.0,252,1793.51895
5.0,292,1799.162759
11.0,275,1803.314184
3.0,212,1805.760124
9.0,469,1813.78007
3.0,221,1817.841903
7.0,255,1821.959429
9.0,331,1826.522646
6.0,343,1832.344407
7.0,263,1836.467579
7.0,362,1842.836441
7.0,373,1849.308202
7.0,248,1853.329178
4.0,276,1857.928387
11.0,399,1864.390145
3.0,218,1868.423506
7.0,255,1872.555996
11.0,291,1876.739969
5.0,322,1882.5118
14.0,485,1889.232453
6.0,340,1895.408381
13.0,480,1903.435453
11.0,279,1907.872885
7.0,378,1913.916075
12.0,334,1919.897439
15.0,407,1926.633919
7.0,280,1930.952616
13.0,355,1936.802066
10.0,559,1945.387433
9.0,375,1951.58052
2.0,186,1953.94654
6.0,332,1959.707938
5.0,309,1964.051609
11.0,276,1969.72128
12.0,471,1976.843883
11.0,433,1984.790535
8.0,284,1989.35576
9.0,370,1995.269036
5.0,331,2000.052366
3.0,224,2003.726995
3.012.0,457,2007.922015.0,451,2014.530725
12.0,331,2020.305461
9.0,477,2028.286222
7.0,357,2033.133795
16.0,442,2041.946615
13.0,558,2051.273272
3.0,226,2055.274275
3.0,215,2059.348742
7.0,264,2063.769923
10.0,473,2070.471312
12.0,436,2078.336513
7.16.0,582,2082.831488.09.0,482,2090.896111.09.0,306,2095.10129.0,12.0,302,2100.73018.0,562,2106.951408
8.0,292,2111.495338
4.0,8.0,423,2117.52536.0,352,2121.557479
3.014.0,518,2128.376309
8.0,408,2135.986411.08.0,276,2140.296511.08.0,427,2146.871454
9.0,435,2153.164859
9.0,446,2161.064791
8.0,410,2168.052001
7.0,373,2174.221256
12.0,320,2180.08510.0,8.0,415,2186.720282
7.0,272,2190.968611.04.0,281,2195.559559.08.0,277,2199.725697.0,365,2203.802872
14.0,501,2211.770956
8.0,276,2216.025214
3.0,211,2219.912802
6.0,332,2226.513642
15.0,420,2232.873284
113.0,571,2241.043889110.0,513,2249.194024911.0,519,2257.2155914.0,257,2261.231884
9.0,475,2267.66779196.0,339,2273.65553146.0,322,2279.804554110.0,509,2287.82701
7.0,377,2292.393588
14.0,512,2300.716397
16.0,585,2310.765525
12.0,295,2314.912144
7.0,373,2320.953145
7.0,401,2327.731641
9.0,419,2335.806728
8.0,282,2340.120951
9.0,438,2346.595754
16.0,623,2357.217144
3.0,217,2360.954123
11.0,512,2369.756093
10.0,501,2377.771336
9.0,309,2382.208476
9.0,427,2389.925592
10.0,490,2396.957001
11.0,402,2403.02456
3.0,212,2406.859702
8.0,427,2413.495453
9.0,461,2421.752054
5.0,324,2427.951895
5.0,294,2432.203821
8.0,459,2438.612386
9.0,493,2446.571817
4.0,277,2450.92917
10.0,495,2458.909098
9.0,427,2466.735218
7.0,250,2470.760302
3.0,226,2473.34174
14.0,674,2485.293585
6.0,323,2489.82292
4.0,264,2493.901837
12.0,320,2499.618318
6.0,341,2504.176015
8.0,397,2511.777512
9.0,342,2516.610655
8.0,298,2523.160582
3.0,241,2526.233506
17.0,388,2532.407013
6.0,361,2538.35355
5.0,3118.0,617,2544.67.0,25813.0,497,2553.7.0,374,14.0,363,255914.0,542,8.0,312,2563.12.0,576,2572.338232
10.0,486,2580.871899
8.0,425,2587.51729
11.0,426,2595.185647
7.0,397,2601.260721
17.0,625,2611.274423
16.0,653,2621.598639
7.0,252,2625.716797
22.0,502,2633.991673
11.0,527,2642.604539
14.0,390,2648.66127
11.0,535,2657.089626
2.0,188,2660.86587
4.0,254,2665.018688
14.0,522,2673.508846
12.0,288,2677.909237
8.0,434,2684.360961
8.0,289,2689.938782
10.0,434,2696.429638
3.0,228,2700.535772
5.0,279,2704.798144
4.0,2429.0,354,2709.015.0,547,2716.992655
9.0,451,2724.724261
3.0,2278.0,407,2729.012.0,478.0,463,2735.8812.0,633,2745.699026
14.0,551,2754.238541
8.0,415,2762.253208
9.0,442,2768.605811
10.0,481,2776.438446
12.0,517,2784.856223
16.0,576,2793.551753
15.0,583,2803.324747
22.0,708,2813.86991
10.0,360,2819.875736
9.0,357,2826.361271
13.0,495,2834.520442
5.0,299,2838.97139
13.0,483,2847.229067
20.0,575,2855.874587
9.0,488,2864.40087
8.0,433,2872.330835
14.0,648,2883.128919
9.0,411,2889.443004
6.0,329,2895.143948
8.0,395,2901.292182
16.0,473,2908.039281
5.0,308,2913.880868
15.0,587,2922.536023
15.0,414,2930.13321
12.0,338,2934.655287
13.0,354,2940.727473
8.0,304,2945.247923
9.0,463,7861.074867
6.0,343,7868.820568
10.0,489,7877.144995
11.0,401,7886.103868
8.0,283,7891.357347
9.0,438,7899.412554
4.0,242,7904.242356
14.0,470,7914.117332
9.0,324,7919.701608
8.0,410,7927.25967
8.0,300,7933.663753
10.0,496,7943.239964
7.0,256,7948.209997
9.0,446,7955.890815
15.0,547,7965.715693
9.0,475,7975.048292
16.0,587,7986.948601
7.0,361,7994.305116
8.0,420,8001.194496
8.0,302,8006.203076
14.0,504,8015.94667
14.0,359,8022.726592
8.0,399,8030.163271
3.0,213,8034.886467
13.0,476,8042.331969
15.0,521,8053.255512
4.0,277,8058.468541
11.0,557,8068.989072
8.0,413,8076.780989
14.0,546,8087.940213
8.0,421,8095.316417
8.0,424,8103.433627
5.0,319,8110.433564
16.0,632,8122.037585
12.0,558,8131.991798
10.0,474,8141.015656
7.0,243,8145.871817
10.0,467,8153.074136
13.0,374,8159.754691
15.0,587,8171.285246
4.0,251,8176.585148
8.0,429,8184.357657
14.0,515,8195.37092
12.0,430,8204.950792
5.0,355,8212.135893
12.0,474,8222.802402
11.0,391,8230.335135
8.0,450,8238.219394
7.0,401,8248.017395
3.0,211,8250.790304
4.0,244,8256.371137
10.0,373,8263.741652
12.0,541,8273.656175
9.0,338,8280.924224
11.0,551,8290.859284
11.0,373,8297.658399
12.0,430,8304.817573
9.0,435,8313.801088
6.0,324,8319.326021
9.0,434,8328.818548
13.0,456,8336.333939
11.0,551,8347.787398
8.0,415,8354.873338
21.0,702,8368.546654
7.0,358,8375.925478
8.0,434,8385.618475
14.0,530,8395.481
8.0,429,8402.955072
11.0,515,8412.541978
14.0,371,8420.032677
18.0,676,8432.560509
14.0,538,8442.713165
9.0,483,8451.779943
6.0,323,8458.540147
20.0,482,8467.668559
6.0,362,8473.424567
11.0,590,8485.283171
18.0,415,8492.42811
15.0,549,8501.876045
13.0,542,8512.744043
8.0,444,8520.026874
9.0,475,8529.547545
7.0,391,8536.88568
6.0,341,8543.664649
21.0,580,8553.632977
8.0,438,8562.932973
9.0,382,8519.0,445,86.0,338,857510.0,559,17.0,498,858613.0,493,9.0,530,8596.16.0,4912.0,434,8605.618.0,4320.0,686,8617.911.0,5317.0,535,8627.218.0,521.0,530,8636.655045
15.0,652,8648.822052
14.0,541,8659.95156
14.0,532,8669.477943
12.0,549,8679.230566
13.0,488,8688.613211
13.0,369,8696.213574
18.0,555,8705.892584
35.0,517,8714.930075
23.0,486,8724.723518
20.0,592,8736.220842
18.0,497,8744.279041
18.0,618,8756.176796
15.0,534,8765.87583
22.0,451,8775.092668
21.0,699,8787.843658
12.0,417,8796.77419
15.0,518,8806.041103
5.0,333,8810.882084
15.0,429,8820.624229
15.0,548,8830.863208
15.0,508,8840.55746
17.0,368,8847.697632
16.0,458,8855.004442
23.0,465,8863.883164
20.0,490,8872.996848
10.0,394,8880.517226
23.0,573,8890.188527
16.0,570,8901.700925
6.0,343,8908.827729
12.0,538,8918.471525
21.0,582,8928.581897
15.0,560,8939.501894
19.0,626,8951.81223
18.0,615,8962.34124
20.0,363,8969.440884
19.0,578,8981.40955
19.0,457,8988.795788
12.0,540,8999.874844
12.0,574,9009.798426
16.0,471,9019.414435
9.0,468,9027.230256
18.0,517,9036.335154
18.0,440,9044.899732
18.0,419,9052.484313
27.0,601,9064.95017
11.0,404,9072.486107
8.0,395,9079.515312
13.0,517,9088.622848
15.0,626,9100.945497
11.0,477,9110.666911
11.0,476,9118.157346
11.0,492,9128.296982
22.0,435,9137.918683
22.0,571,9147.998162
21.0,488,9157.893934
9.0,472,9167.614442
8.0,400,9174.939197
20.0,470,9183.089598
16.0,470,9191.932816
10.0,365,9198.910277
11.0,552,9208.527015
17.0,378,9215.309868
21.0,507,9224.904425
20.0,731,9239.008011
16.0,490,9248.477662
27.0,503,9257.975109
9.0,482,9266.044153
23.0,806,9282.21195
18.0,553,9291.631021
10.0,517,9300.162475
16.0,711,9312.458112
9.0,441,9318.953028
17.0,508,9327.317513
9.0,445,9333.761558
26.0,572,9343.779319
12.0,426,9350.029738
11.0,517,9358.143961
19.0,445,9365.903567
12.0,457,9372.699818
15.0,559,9382.734623
20.0,601,9391.661189
14.0,391,9397.797676
25.0,673,9409.94904
14.0,523,9418.251269
13.0,467,9425.859678
22.0,568,9435.998079
22.0,1261,9457.583822
22.0,675,9468.293247
13.0,365,9474.560795
16.0,693,9486.360308
6.022.0,10362,9525.729885
15.0,619,9535.941737
11.0,533,9544.356139
16.0,466,9552.493949
23.0,609,9561.341573
14.0,609,9571.644973
11.0,446,9579.921215
10.0,501,9587.046233
23.0,496,9595.036058
28.0,529,9603.48595
15.0,563,9613.971578
22.0,565,9622.654885
19.0,550,9632.640464
19.0,579,9642.430045
15.0,619,9654.88289
10.0,471,9664.467802
22.0,695,9677.58882
22.0,695,9690.671851
20.0,767,9706.09297
22.0,531,9717.924507
21.0,550,9728.399788
18.0,561,9738.50443
24.0,514,9748.552839
14.0,525,9758.602708
17.0,582,9770.394567
12.0,548,9780.821729
22.0,484,9791.098843
13.0,487,9800.805787
22.0,674,9813.139212
13.0,391,9820.188675
19.0,582,9831.477244
23.0,498,9841.414582
22.0,553,9851.746193
14.0,488,9860.586444
17.0,488,9869.889621
12.0,561,9880.345181
21.0,529,9890.02041
19.0,598,9901.552364
19.0,440,9910.537899
20.0,489,9919.985271
3.0,224,9924.414024
13.0,522,9934.127522
11.0,488,9943.278467
13.0,499,9953.258009
18.0,531,9963.138287
7.0,417,9970.573938
10.0,357,9978.147359
27.0,803,9992.818048
20.0,753,10007.676855
20.0,628,10019.964039
20.0,515,10030.009266
20.0,586,10039.76605
28.0,966,10059.582038
31.0,708,10072.811058
14.0,539,10084.79728
16.0,465,10092.691916
20.0,592,10105.177466
5.0,314,10109.959283
24.0,639,10121.811976
12.0,448,10131.208026
21.0,551,10140.783919
24.0,591,10152.331907
16.0,505,10161.732742
22.0,627,10174.258885
27.0,1261,10196.365174
30.0,971,10215.058579
21.0,623,10227.052882
6.0,385,10234.006855
28.0,680,10246.35595
22.0,425,10255.317899
8.0,425,10261.819677
20.0,501,10270.067314
19.0,551,10278.516343
21.0,427,10285.050632
16.0,546,10294.856123
28.0,498,10303.079092
19.0,432,10309.344108
18.0,409,10315.610959
12.0,433,10323.876753
18.0,549,10332.437852
18.0,525,10340.951837
27.0,704,10351.89375
10.0,474,10359.868533
9.0,480,10367.920019
19.0,562,10376.544243
7.0,397,10383.307981
17.0,537,10393.232328
6.0,369,10398.14757
5.0,326,10404.155255
6.0,315,10408.81202
11.0,541,10418.884817
7.0,358,10423.458923
12.0,580,10433.482479
18.0,516,10442.052062
20.0,636,10452.327077
20.0,604,10462.485975
6.0,333,10467.199452
19.0,564,10477.289772
19.0,614,10487.743951
10.0,493,10494.48867232.0,9373,10568.436503
16.0,576,10576.795419
13.0,489,10584.802383
27.0,477,10593.004304
4.0,276,10597.320788
26.0,613,10607.521372
22.0,554,10615.785361
19.0,572,10626.24407
15.0,424,10632.638908
16.0,481,10640.739319
24.0,662,10651.492609
10.0,472,10659.61201
8.0,269,10663.655355
20.0,576,10672.285731
18.0,527,10681.126011
17.0,508,10689.655638
11.0,503,10697.744765
4.0,276,10701.980268
17.0,487,10710.535029
11.0,502,10718.683624
20.0,551,10727.314075
15.0,579,10737.425921
11.0,509,10745.695164
17.0,637,10756.230001
16.0,532,10764.790275
13.0,485,10773.088945
25.0,656,10783.466885
13.0,452,10790.051917
21.0,499,10798.504782
5.0,330,10804.236445
20.0,519,10812.522786
12.0,473,10820.77538
13.0,591,10829.34276
4.0,260,10833.611267
23.0,634,10844.149086
16.0,458,10852.203602
10.0,421,10858.516794
4.0,248,10862.659599
14.0,476,10870.889632
9.0,437,10877.359504
5.0,309,10883.21503
13.0,497,10890.188302
22.0,570,10900.580355
11.0,399,10906.885619
5.0,305,10911.168497
25.0,501,10919.566285
12.0,542,10930.561608
6.0,340,10935.046718
21.0,660,10945.412086
16.0,457,10953.679917
19.0,453,10961.821947
28.0,666,10972.686636
13.0,551,10981.771913
12.0,475,10989.818596
24.0,731,11000.818342
20.0,513,11009.455567
20.0,581,11019.724844
12.0,460,11027.980335
22.0,627,11036.733884
16.0,456,11044.877438
13.0,568,11053.790075
17.0,704,11066.195814
14.0,465,11074.461149
18.0,546,11082.856353
10.0,464,11090.86045
19.0,592,11099.776423
8.0,414,11106.048588
11.0,493,11114.344706
9.0,325,11120.381574
24.0,603,11128.933665
17.0,512,11137.007418
24.0,558,11146.831043
13.0,505,11154.980505
23.0,511,11163.186248
23.0,740,11175.741766
13.0,485,11182.495116
18.0,669,11194.625463
13.0,481,11201.225939
13.0,518,11209.407355
21.0,532,11219.227603
19.0,604,11228.633676
21.0,538,11237.239827
22.0,552,11247.206186
24.0,684,11258.064084
22.0,661,11268.859466
11.0,396,11275.12003
17.0,641,11286.077113
18.0,537,11295.832676
18.0,554,11304.445812
26.0,684,11315.236992
7.0,350,11322.266471

23.0,588,11306.410555
26.0,550,11315.160206
23.0,549,11324.978663
0,621,11270.625012
18.0,674,11281.737974
13.0,475,11289.74852
25.0,654,11300.333507
10.0,370,11306.424183
23.0,577,11315.30516
19.0,440,11324.499727
,11281.305558
23.0,706,11292.111557
22.0,579,11302.101873
25.0,579,11311.003528
21.0,665,11322.550989
3
15.0,544,11310.981025
7.0,409,11317.234688
625624
17.0,572,11322.302205
0,549,11312.765877
12.0,503,11322.021216
1304.260596
27.0,517,11312.703542
25.0,632,11324.350433
