#{"t_start": 1764165674.2623155, "env_id": "ALE/Breakout-v5"}
r,l,t
3.0,251,3.764787
4.0,276,10.117799
3.0,216,13.282848
2.0,198,18.023464
2.0,192,20.755101
0.0,124,23.23182
2.0,214,27.949248
4.0,262,33.039672
0.0,127,35.530058
1.0,160,38.146045
3.0,242,42.774613
4.0,270,47.332129
4.0,250,52.256431
2.0,186,56.364051
7.0,255,61.835247
7.0,380,68.582
3.0,217,71.774753
7.0,249,76.887703
11.0,267,82.156276
3.0,217,86.728653
7.0,266,91.218802
3.0,220,95.563645
2.0,195,98.359234
3.0,238,103.36877
2.0,194,108.046383
9.0,328,113.186756
3.0,223,117.991909
2.0,180,121.10165
4.0,248,125.515108
4.0,244,130.415984
2.0,201,135.334889
1.0,156,137.931751
7.0,249,142.786549
3.0,223,147.414634
4.0,258,152.187811
1.0,154,154.500946
3.0,244,159.785199
3.0,256,164.416315
7.0,282,170.058355
3.0,266,175.266481
7.0,266,180.194292
7.0,263,185.381431
1.0,169,189.615631
7.0,261,194.589387
7.0,255,199.182126
3.0,216,202.308147
7.0,276,208.913842
11.0,273,214.731939
3.0,215,217.599225
2.0,199,222.176331
4.0,271,227.093601
2.0,202,231.574924
7.0,244,234.554723
2.0,203,238.818143
3.0,221,243.74494
7.0,245,248.711615
2.0,209,251.590598
3.0,223,256.043871
3.0,227,260.676864
7.0,266,265.959759
8.0,304,270.821825
0.0,121,273.044619
7.0,270,278.196397
3.0,215,282.612472
7.0,249,287.203946
7.0,256,291.73123
1.0,153,294.269449
3.0,218,298.91441
3.0,221,303.40038
7.0,248,308.076297
4.0,260,312.690949
3.0,228,315.509776
3.0,226,319.912097
7.0,253,324.830585
7.0,248,329.271916
7.0,251,333.868597
3.0,230,338.724
2.0,204,342.048178
9.0,361,349.448234
2.0,204,353.894419
2.0,207,356.763495
2.0,203,361.154506
7.0,253,366.795725
2.0,196,371.676687
7.0,264,376.931158
6.0,352,383.064505
2.0,196,387.834714
3.0,223,392.981458
3.0,232,396.603506
3.0,227,401.487766
3.0,219,405.988287
3.0,220,410.699731
7.0,259,415.832978
2.0,190,418.484961
2.0,181,423.149713
3.0,221,426.252954
3.0,212,431.149
3.0,227,436.253155
7.0,247,441.318027
7.0,259,446.292493
3.0,213,449.157183
3.0,219,453.481323
7.0,268,458.269233
11.0,272,463.686849
2.0,192,468.006335
3.0,216,471.131046
7.0,253,476.138933
2.0,193,480.83598
11.0,283,486.04292
7.0,249,490.968628
2.0,185,495.56447
7.0,248,498.582856
1.0,153,502.716052
7.0,252,507.498154
7.0,255,512.420816
2.0,184,515.064542
3.0,215,520.076423
3.0,225,524.874565
7.0,249,527.974465
2.0,179,532.301178
1.0,153,534.848946
2.0,185,537.683932
1.0,157,542.52268
3.0,215,545.555949
3.0,219,549.875885
2.0,182,554.653388
2.0,184,557.802573
7.0,254,562.605634
3.0,229,567.314341
3.0,223,570.687647
11.0,279,577.108476
3.0,222,580.190438
4.0,252,585.299669
3.0,228,590.385736
2.0,189,595.112672
11.0,285,600.109461
7.0,243,604.914552
3.0,238,609.93898
2.0,196,612.73988
2.0,210,617.583226
7.0,264,622.408559
11.0,287,627.830716
7.0,248,632.594349
3.0,247,637.70096
2.0,196,640.921878
11.0,279,647.634137
11.0,282,653.023329
7.0,250,657.933583
7.0,256,662.836995
1.0,152,665.517644
2.0,194,670.084605
3.0,217,673.075572
3.0,225,678.263515
7.0,258,683.269816
2.0,190,686.316878
3.0,213,690.915727
2.0,185,695.066493
1.0,154,697.852459
3.0,221,702.669644
3.0,215,705.577466
4.0,255,710.701901
2.0,185,714.834528
2.0,180,717.385638
5.0,298,722.287387
3.0,228,726.817976
7.0,264,731.732724
11.0,279,736.836674
2.0,188,740.925328
7.0,253,745.953257
3.0,216,750.751642
3.0,235,754.032971
3.0,222,759.011242
7.0,249,763.686254
3.0,229,768.308721
2.0,189,770.981538
11.0,291,778.352765
7.0,245,781.414995
7.0,251,786.317143
3.0,224,791.423276
7.0,260,796.456061
2.0,189,801.146665
7.0,257,805.726369
7.0,253,810.915635
7.0,250,816.571205
3.0,218,820.180597
1.0,153,825.114792
3.0,236,828.651909
3.0,216,833.609919
3.0,214,838.626069
7.0,252,843.559945
2.0,200,846.936413
7.0,257,851.79681
7.0,253,857.179079
2.0,190,861.978325
3.0,238,866.471787
1.0,155,869.488084
2.0,183,872.285071
3.0,218,876.93925
11.0,279,881.831566
2.0,201,886.008202
7.0,260,890.673763
2.0,182,893.569693
3.0,214,897.690025
7.0,276,902.423951
11.0,285,907.834245
1.0,153,910.219523
2.0,194,914.48561
2.0,184,917.118321
7.0,252,922.095325
11.0,300,928.890242
2.0,190,931.851768
7.0,266,937.107229
7.0,247,942.18443
3.0,234,946.732561
1.0,154,949.300323
4.0,279,954.756371
3.0,229,959.56678
11.0,274,964.560948
7.0,245,969.854937
11.0,286,975.139248
3.0,233,980.202745
11.0,275,984.954763
11.0,273,991.379004
9.0,336,996.810392
2.0,190,1001.021281
5.0,330,1006.1428
4.0,299,1012.699637
7.0,260,1017.260517
2.0,186,1019.769065
11.0,277,1024.905737
3.0,233,1029.506262
3.0,230,1034.767804
7.0,276,1039.600104
7.0,249,1044.362602
2.0,197,1046.972128
2.0,195,1051.576802
3.0,229,1056.006555
3.0,216,1058.924841
3.0,224,1063.883565
3.0,262,1068.723945
2.0,195,1073.198094
11.0,276,1078.311383
7.0,398,1085.861801
4.0,263,1090.844522
7.0,263,1095.713179
3.0,226,1100.683932
7.0,255,1106.040875
3.0,243,1111.119044
2.0,195,1113.875597
5.0,306,1120.564405
7.0,249,1125.632953
11.0,282,1130.772907
3.0,222,1135.378918
1.0,154,1138.258024
3.0,232,1143.653017
7.0,247,1148.294366
3.0,221,1151.208602
7.0,255,1155.85988
3.0,217,1160.4548
7.0,251,1165.389989
11.0,287,1170.678133
7.0,244,1175.366404
4.0,253,1179.921394
3.0,218,1184.727614
2.0,194,1187.464334
7.0,275,1192.270532
3.0,218,1196.828959
7.0,255,1201.957489
7.0,267,1207.30354
1.0,155,1209.738238
3.0,223,1215.070155
7.0,258,1219.745242
3.0,227,1225.16897
3.0,238,1230.641626
7.0,248,1235.426704
7.0,250,1240.529461
3.0,218,1243.625381
2.0,185,1248.415043
8.0,300,1253.419522
3.0,227,1257.85718
11.0,279,1262.714088
1.0,161,1265.474641
2.0,181,1269.887982
2.0,198,1272.689604
11.0,312,1280.063542
11.0,274,1284.94909
7.0,257,1289.913452
3.0,219,1294.645945
7.0,250,1299.616957
3.0,214,1302.684264
3.0,215,1307.214242
3.0,211,1311.591576
7.0,257,1316.585567
7.0,247,1321.706336
3.0,212,1324.484692
3.0,223,1329.249089
7.0,247,1334.675757
7.0,250,1339.541338
3.0,225,1344.011977
11.0,283,1348.957804
2.0,184,1352.104838
3.0,214,1356.745931
7.0,247,1361.876614
3.0,216,1366.340128
7.0,249,1369.573072
7.0,261,1376.601271
3.0,229,1379.694408
2.0,193,1384.581319
2.0,181,1387.246782
2.0,186,1391.693318
1.0,152,1394.280061
3.0,218,1398.690993
11.0,294,1403.899766
11.0,273,1408.791605
2.0,184,1411.554551
2.0,182,1416.17748
2.0,194,1419.018856
11.0,281,1425.978803
3.0,225,1429.153051
3.0,219,1433.715656
7.0,251,1438.592511
11.0,278,1443.346035
1.0,152,1445.619388
1.0,177,1449.988045
3.0,232,1454.844269
7.0,245,1457.906436
4.0,264,1464.193758
5.0,326,1469.017047
3.0,221,1473.233242
7.0,253,1477.748839
3.0,230,1481.87542
4.0,274,1486.233488
2.0,188,1488.883965
2.0,187,1492.66203
2.0,183,1495.280854
7.0,254,1499.454975
11.0,278,1503.793159
11.0,282,1508.092039
3.0,213,1512.244741
4.0,270,1516.421512
11.0,297,1522.170941
3.0,216,1524.736447
2.0,181,1528.673772
1.0,165,1530.967021
3.0,222,1535.118858
3.0,261,1539.42885
3.0,217,1541.92263
3.0,225,1546.02676
3.0,271,1550.245871
2.0,197,1554.105179
3.0,225,1558.291156
7.0,253,1562.398723
3.0,220,1565.20495
1.0,156,1567.3422
7.0,246,1571.453572
2.0,181,1575.226888
1.0,151,1577.897695
3.0,214,1581.980168
2.0,193,1584.49212
2.0,190,1588.242767
7.0,253,1592.502681
3.0,215,1595.204476
4.0,283,1600.865211
7.0,254,1605.026406
3.0,218,1607.461778
3.0,256,1611.607799
3.0,230,1615.626531
7.0,261,1619.808622
7.0,284,1624.338172
7.0,262,1628.683753
3.0,222,1632.929655
7.0,265,1637.213004
11.0,284,1641.762336
3.0,212,1645.777953
7.0,261,1650.043011
1.0,191,1653.715545
3.0,227,1656.744633
11.0,279,1661.110847
7.0,267,1666.751645
11.0,290,1671.025533
3.0,224,1674.937322
7.0,274,1679.220264
2.0,194,1681.621769
3.0,223,1685.717209
2.0,199,1689.70367
3.0,221,1692.300979
7.0,273,1696.877609
3.0,227,1701.172577
2.0,208,1704.972416
3.0,234,1708.967583
7.0,254,1713.106133
7.0,249,1717.159171
8.0,280,1721.684398
8.0,286,1726.151955
4.0,260,1730.510383
3.0,220,1734.559746
7.0,256,1738.839576
11.0,278,1743.156495
3.0,229,1747.319613
7.0,281,1751.623549
3.0,238,1755.751208
2.0,182,1758.193285
7.0,260,1762.578344
7.0,252,1766.675168
10.0,376,1772.921203
2.0,187,1776.722367
11.0,268,1780.789626
7.0,252,1785.117699
7.0,258,1789.308058
3.0,218,1791.870378
8.0,281,1797.557585
2.0,182,1799.964069
8.0,300,1804.439729
7.0,261,1808.658133
11.0,285,1814.54348
2.0,184,1816.907357
3.0,218,1820.661079
4.0,311,1825.086524
3.0,231,1829.151849
7.0,259,1833.251904
3.0,239,1837.467611
1.0,151,1839.713944
7.0,252,1843.858466
3.0,235,1847.983434
3.0,221,1851.913398
4.0,255,1856.017665
11.0,275,1860.723884
3.0,227,1863.458033
4.0,244,1867.709519
4.0,268,1871.952758
3.0,214,1876.051417
3.0,231,1880.746424
11.0,283,1885.076483
2.0,195,1888.927908
3.0,215,1891.77227
3.0,217,1895.726422
3.0,224,1899.742721
7.0,247,1904.107346
4.0,268,1908.48686
3.0,225,1912.404344
7.0,262,1916.55573
3.0,218,1919.003718
2.0,193,1922.945467
3.0,245,1927.112048
11.0,297,1931.780904
3.0,236,1936.541995
2.0,202,1939.273678
7.0,250,1943.532795
3.0,225,1947.498656
3.0,223,1951.420426
7.0,255,1955.47306
7.0,262,1959.515385
2.0,187,1962.185915
7.0,265,1967.965617
3.0,234,1970.547174
4.0,282,1976.235564
7.0,267,1980.448558
7.0,357,1985.208184
6.0,323,1991.059541
8.0,298,1995.538424
3.0,227,1999.324286
7.0,271,2003.51437
7.0,244,2007.566916
4.0,271,2011.599216
3.0,240,2015.709029
7.0,398,2022.013264
8.0,303,2027.900672
8.0,463,2034.523216
7.0,269,2038.882516
5.0,293,2044.752293
7.0,255,2048.9296
10.0,408,2055.344441
6.0,378,2061.362767
8.0,305,2065.880209
5.0,291,2070.134725
14.0,429,2077.947145
8.0,291,2082.251547
10.0,379,2088.627989
6.0,342,2094.894229
4.0,267,2098.986335
8.0,433,2105.813512
6.0,386,2112.136755
8.0,308,2116.646118
9.0,336,2122.694168
5.0,308,2128.610275
3.0,216,2131.078612
8.0,305,2136.788537
6.0,347,2141.371427
6.0,347,2147.400606
3.0,229,2151.434048
7.0,372,2157.845168
7.0,247,2161.948347
10.0,372,2168.150265
7.0,399,2174.736267
13.0,495,2183.413033
11.0,272,2187.59726
3.0,220,2190.124012
8.0,295,2196.056282
7.0,404,2202.35458
4.0,251,2206.430724
6.0,322,2211.074809
6.0,357,2217.170285
3.0,243,2221.310662
7.0,251,2225.579839
5.0,301,2229.916734
11.0,276,2234.985238
7.0,253,2239.40765
4.0,250,2243.585918
5.0,306,2249.678593
7.0,259,2253.799738
11.0,323,2258.143901
7.0,250,2262.269898
11.0,278,2266.557645
10.0,490,2274.884489
7.0,360,2281.05791
7.0,252,2285.019078
11.0,402,2291.462222
7.0,383,2297.84094
5.0,287,2302.130928
9.0,359,2308.320627
7.0,256,2312.515012
6.0,356,2318.569265
7.0,393,2325.197838
11.0,303,2330.212352
11.0,273,2336.147351
11.0,279,2340.58619
6.0,346,2345.185876
6.0,344,2351.701443
4.0,263,2355.801341
6.0,334,2361.73377
5.0,286,2366.073842
12.0,317,2371.846966
7.0,250,2374.824897
3.0,226,2378.735307
4.0,248,2382.962896
6.0,338,2388.879612
7.0,393,2395.325032
12.0,312,2399.702726
12.0,308,2405.635019
9.0,332,2410.333062
7.0,253,2414.318012
5.0,313,2420.254487
8.0,298,2424.56433
4.0,255,2428.812535
7.0,419,2435.244199
4.0,255,2439.420581
7.0,249,2443.385916
7.0,269,2447.982175
11.0,269,2453.718953
11.0,278,2457.951857
7.0,366,2464.121437
7.0,264,2468.209775
5.0,324,2472.851002
5.0,292,2477.868656
9.0,330,2483.841683
10.0,413,2490.338472
7.0,362,2496.443964
6.0,344,2502.405846
7.0,403,2508.78275
6.0,347,2515.092706
6.0,358,2519.779815
8.0,413,2527.505342
11.0,280,2531.897016
3.0,214,2534.890362
4.0,273,2540.803699
7.0,255,2545.100313
4.0,276,2549.471505
4.0,266,2553.675846
11.0,297,2558.068734
6.0,330,2564.216177
7.0,261,2568.636266
11.0,438,2575.48389
7.0,368,2581.954907
7.0,370,2588.505335
9.0,456,2596.64254
7.0,367,2601.275869
7.0,379,2607.570768
7.0,255,2611.693193
11.0,275,2615.784158
11.0,552,2625.750658
7.0,249,2629.950201
8.0,436,2636.518357
8.0,423,2643.028556
7.0,368,2649.158594
7.0,251,2653.395961
11.0,396,2659.916452
8.0,426,2667.564084
7.0,406,2673.81083
12.0,459,2680.608817
8.0,293,2686.433747
8.0,279,2690.678989
8.0,382,2696.843476
8.0,388,2703.067735
7.0,277,2707.554316
2.0,179,2711.246947
11.0,281,2715.705488
4.0,259,2719.790946
2.0,184,2722.450424
11.0,273,2726.907762
6.0,329,2733.18305
7.0,390,2739.687424
3.0,216,2743.552442
7.0,268,2747.744933
2.0,181,2750.101218
4.0,278,2754.220123
12.0,335,2760.256431
7.0,257,2764.516313
11.0,282,2768.883668
11.0,274,2773.692057
11.0,503,2782.657293
14.0,493,2790.869827
12.0,323,2797.042564
9.0,348,2801.918962
9.0,350,2808.71493
5.0,306,2813.358386
4.0,265,2817.450798
6.0,344,2823.438009
12.0,446,2832.069914
3.0,216,2835.007765
8.0,311,2840.942377
7.0,256,2845.183964
7.0,248,2849.571739
5.0,301,2853.839714
5.0,305,2858.14159
8.0,308,2864.214316
5.0,295,2868.858647
7.0,375,2874.897162
11.0,276,2879.168252
12.0,327,2885.320897
6.0,334,2890.102228
8.0,430,2897.984014
8.0,298,2902.451158
12.0,370,2909.042423
16.0,454,2917.220522
11.0,286,2921.492797
4.0,243,2925.587139
14.0,435,2932.077859
7.0,368,2938.101331
6.0,353,2944.243557
11.0,289,2948.623524
11.0,406,2955.11367
8.0,416,2961.717866
8.0,407,2969.605011
7.0,250,2973.83735
3.0,220,2976.358908
12.0,415,2982.632718
7.0,360,2988.639711
10.0,486,2997.082587
12.0,428,3003.751275
11.0,277,3009.889848
7.0,374,3016.234891
12.0,288,3021.132851
8.0,400,3027.500262
9.0,461,3033.999499
7.0,366,3040.500369
8.0,294,3046.483769
9.0,466,3053.441131
11.0,273,3057.878697
7.0,388,3064.393262
11.0,282,3070.088206
14.0,498,3078.899847
12.0,572,3087.857211
9.0,412,3094.273595
7.0,250,3098.434434
9.0,341,3104.391917
12.0,306,3109.144097
9.0,352,3115.328156
8.0,407,3121.876984
11.0,288,3126.230303
4.0,247,3130.543178
8.0,390,3137.439367
13.0,454,3145.608922
11.0,401,3152.149363
7.0,251,3156.197155
8.0,277,3160.63004
14.0,355,3166.706295
10.0,360,3172.93252
13.0,366,3179.213959
9.0,355,3184.182368
12.0,417,3192.070652
11.0,279,3196.199442
7.0,375,3202.32045
6.0,328,3206.795633
8.0,415,3214.911456
12.0,429,3221.478428
9.0,445,3227.974556
9.0,445,3236.005555
13.0,455,3242.531786
11.0,396,3250.660285
5.0,289,3255.022676
14.0,484,3263.262283
10.0,499,3270.130968
11.0,277,3275.761198
2.0,197,3278.156882
8.0,422,3284.620618
12.0,305,3290.478049
12.0,329,3294.991821
8.0,404,3303.029109
7.0,368,3307.997643
7.0,247,3312.057007
15.0,429,3320.115302
7.0,252,3324.195218
14.0,510,3332.816818
7.0,359,3337.554189
4.0,259,3343.195889
13.0,519,3351.632981
7.0,399,3358.28652
11.0,271,3362.453048
8.0,288,3366.888798
6.0,366,3372.960467
5.0,305,3377.889282
6.0,345,3384.025579
8.0,420,3390.469042
7.0,249,3394.615478
14.0,516,3403.017946
16.0,647,3413.481879
7.0,359,3419.854964
10.0,486,3427.970404
9.0,472,3436.815508
8.0,381,3443.003427
5.0,308,3447.626544
3.0,223,3451.733269
7.0,248,3455.756663
21.0,397,3462.229433
8.0,418,3468.895857
12.0,430,3475.479213
3.0,223,3479.322803
9.0,328,3485.427399
10.0,372,3493.733188
9.0,343,3499.237529
8.0,412,3506.510523
9.0,458,3516.112892
8.0,296,3521.253723
14.0,519,3531.11693
11.0,395,3540.808481
5.0,315,3546.114748
11.0,397,3554.170662
9.0,438,3564.449639
4.0,264,3569.273299
5.0,294,3574.709033
14.0,532,3585.255424
7.0,388,3593.248381
8.0,303,3598.500848
13.0,526,3609.67675
2.0,180,3612.301401
12.0,297,3617.789319
6.0,342,3625.373107
11.0,392,3632.82014
7.0,378,3639.741047
8.0,421,3647.486872
8.0,426,3657.468518
9.0,387,3664.941413
3.0,215,3668.261924
13.0,581,3681.086858
12.0,430,3689.281455
11.0,299,3696.469163
11.0,400,3704.320527
11.0,277,3709.308961
8.0,272,3714.570771
8.0,384,3722.505162
11.0,547,3732.944547
6.0,327,3739.976582
11.0,556,3749.502898
12.0,567,3761.780234
13.0,496,3770.272044
11.0,292,3777.001317
9.0,465,3784.950637
6.0,328,3792.003869
8.0,448,3799.887153
9.0,447,3809.59832
16.0,559,3819.800704
13.0,484,3829.358285
6.0,333,3836.577411
12.0,333,3842.103415
7.0,356,3849.002453
9.0,359,3856.542897
13.0,591,3866.583782
12.0,319,3874.555992
16.0,604,3887.07484
2.0,181,3889.954468
4.0,266,3894.978453
4.0,263,3900.101639
9.0,311,3906.868705
9.0,457,3914.806364
9.0,344,3922.296555
8.0,295,3927.635678
7.0,366,3935.183967
2.0,202,3939.952105
12.0,423,3947.883136
12.0,332,3954.727358
11.0,405,3962.120746
10.0,363,3969.318831
7.0,400,3976.740803
8.0,413,3984.873112
3.0,226,3989.998904
14.0,514,4000.164572
9.0,437,4008.257267
11.0,519,4018.746121
18.0,516,4029.224538
12.0,457,4040.100402
7.0,390,4048.03048
3.0,229,4052.661839
22.0,701,4065.27683
11.0,453,4075.156546
14.0,502,4083.225427
3.0,216,4088.117071
9.0,335,4095.35521
8.0,306,4100.994532
7.0,393,4108.160112
11.0,276,4113.086953
10.0,482,4121.510513
11.0,311,4127.458139
8.0,305,4131.806133
7.0,409,4138.301483
8.0,389,4144.599484
8.0,382,4150.891334
9.0,466,4159.059891
13.0,520,4167.619098
6.0,351,4173.616994
16.0,575,4182.408616
9.0,332,4188.572403
4.0,260,4192.78699
13.0,485,4201.003157
9.0,416,4207.604273
13.0,509,4215.960069
16.0,460,4222.800503
12.0,334,4228.747694
12.0,483,4237.398148
9.0,314,4241.961952
5.0,302,4247.840746
10.0,496,4254.920387
4.0,275,4260.637007
16.0,615,4269.655649
7.0,359,4275.771176
11.0,434,4284.67766
17.0,407,4291.251559
7.0,380,4297.591932
10.0,490,4306.197277
14.0,405,4312.631257
13.0,567,4321.290263
6.0,364,4327.319312
13.0,451,4336.367329
8.0,314,4341.027153
18.0,686,4351.753398
9.0,465,4359.869767
9.0,428,4366.507076
11.0,529,4375.349152
12.0,320,4381.269169
14.0,526,4389.67955
13.0,464,4397.943098
14.0,424,4404.394235
8.0,416,4411.112609
16.0,472,4419.820461
20.0,670,4430.526752
8.0,278,4434.819197
7.0,357,4440.990355
11.0,384,4447.204983
6.0,326,4453.208608
8.0,428,4459.963177
6.0,326,4466.310532
9.0,447,4473.272153
11.0,521,4481.818743
12.0,569,4492.28697
5.0,318,4496.93036
5.0,308,4501.430113
10.0,367,4507.616057
6.0,337,4513.631172
5.0,295,4518.101202
15.0,435,4526.204511
13.0,366,4532.454915
12.0,447,4539.241319
9.0,461,4547.391451
7.0,374,4553.844214
14.0,420,4560.134653
4.0,293,4564.603354
2.0,198,4568.52801
14.0,392,4575.011946
5.0,304,4580.04383
8.0,426,4587.11449
6.0,340,4593.34651
13.0,353,4599.747278
15.0,543,4608.498073
12.0,334,4614.541515
16.0,432,4621.214865
13.0,502,4629.471548
11.0,412,4636.676737
10.0,509,4645.222002
8.0,432,4653.648296
20.0,359,4658.424542
9.0,464,4666.696177
12.0,452,4675.066675
14.0,532,4683.510744
12.0,424,4690.056049
21.0,762,4703.180127
17.0,638,4713.829032
8.0,423,4720.376468
16.0,593,4730.842126
14.0,545,4739.364672
4.0,256,4743.658873
5.0,316,4749.671463
15.0,416,4756.105761
4.0,277,4760.324206
10.0,489,4768.464023
12.0,544,4777.091865
9.0,441,4785.016878
12.0,556,4793.842387
7.0,359,4800.048685
9.0,473,4806.718816
5.0,296,4812.930449
10.0,450,4819.622759
14.0,387,4826.042326
10.0,522,4834.653808
12.0,540,4844.655534
11.0,363,4849.622184
20.0,508,4858.135082
14.0,375,4864.346825
7.0,373,4870.601837
22.0,700,4883.746717
3.0,228,4886.662798
10.0,346,4892.966367
12.0,545,4901.727411
9.0,437,4909.815981
13.0,449,4916.182548
13.0,553,4926.530154
9.0,437,4933.542014
8.0,390,4940.196563
11.0,537,4948.682295
14.0,516,4957.420683
10.0,471,4965.825454
13.0,474,4974.193487
20.0,497,4982.923554
14.0,541,4991.832206
7.0,435,4998.303256
14.0,396,5004.546447
24.0,723,5016.974838
5.0,277,5021.466617
8.0,306,5026.189865
11.0,416,5034.070635
17.0,605,5043.199333
5.0,291,5049.134676
15.0,515,5057.613788
21.0,699,5068.944989
11.0,457,5077.082148
9.0,453,5083.666702
6.0,363,5090.025867
5.0,330,5096.101105
7.0,342,5100.71155
8.0,280,5106.734032
11.0,570,5115.3568
9.0,421,5121.729951
9.0,338,5127.840167
8.0,420,5134.820195
25.0,678,5147.00353
9.0,441,5153.396816
17.0,482,5161.399172
6.0,340,5166.438845
25.0,678,5179.075011
18.0,664,5190.077799
22.0,721,5202.469651
16.0,730,5213.421647
10.0,557,5223.914426
13.0,478,5230.654963
16.0,609,5241.515454
18.0,554,5250.208201
26.0,806,5264.638177
10.0,583,5273.338038
24.0,506,5281.882321
10.0,487,5290.383799
9.0,417,5297.29386
10.0,507,5305.695801
9.0,348,5311.87373
26.0,828,5324.869517
22.0,659,5337.047862
5.0,318,5341.657932
6.0,339,5348.309461
11.0,536,5356.856188
14.0,532,5365.571366
21.0,665,5376.386077
14.0,365,5382.441977
14.0,418,5388.946096
27.0,595,5399.49914
15.0,454,5407.55238
5.0,329,5412.143721
8.0,465,5420.180189
4.0,275,5424.367574
17.0,614,5434.7249
11.0,389,5440.991474
20.0,545,5449.313039
8.0,403,5455.654806
16.0,589,5466.142907
23.0,593,5475.441051
5.0,313,5481.944586
16.0,429,5488.541404
25.0,541,5497.570356
18.0,691,5509.756145
11.0,280,5513.913522
13.0,583,5524.661275
16.0,437,5531.707302
19.0,609,5542.596643
7.0,389,5549.210235
5.0,311,5553.593209
29.0,682,5566.418177
19.0,519,5574.856947
15.0,461,5581.733691
12.0,571,5591.813778
16.0,583,5600.770408
17.0,496,5609.254293
9.0,338,5615.247264
26.0,743,5627.78576
24.0,511,5636.595093
13.0,608,5645.551512
8.0,442,5653.467956
27.0,472,5660.471473
13.0,616,5670.835641
18.0,523,5679.134229
9.0,474,5687.195914
8.0,389,5693.709695
20.0,610,5704.067004
12.0,539,5712.891023
9.0,455,5721.061167
21.0,634,5731.840624
12.0,584,5741.09939
10.0,501,5749.452832
14.0,413,5756.067523
8.0,387,5762.66628
17.0,344,5768.751937
13.0,493,5777.597629
14.0,671,5788.525154
22.0,572,5799.231442
15.0,404,5805.769755
11.0,543,5814.626633
12.0,479,5822.756116
13.0,620,5831.5628
14.0,684,5843.881311
15.0,425,5850.316882
12.0,444,5858.666953
21.0,694,5869.206241
10.0,500,5877.296154
7.0,369,5883.473702
14.0,561,5892.293782
24.0,619,5902.84056
14.0,401,5909.179948
9.0,354,5915.248364
17.0,373,5921.497235
22.0,590,5930.471974
14.0,688,5942.531531
18.0,418,5948.968488
5.0,311,5955.503978
26.0,692,5966.670662
11.0,524,5975.329734
14.0,674,5986.334318
22.0,567,5996.767453
12.0,487,6005.509249
23.0,612,6014.726724
3.0,235,6018.802708
17.0,645,6029.469887
14.0,521,6037.92244
23.0,631,6048.412656
5.0,312,6054.271255
9.0,446,6060.892493
11.0,388,6067.103027
17.0,607,6077.942055
15.0,546,6086.99416
15.0,471,6095.334184
22.0,516,6104.192357
19.0,419,6110.812043
9.0,456,6119.012119
15.0,571,6127.619146
11.0,367,6134.696671
18.0,511,6143.265937
17.0,604,6153.918231
10.0,489,6162.430526
10.0,485,6169.330791
23.0,697,6181.635715
7.0,358,6187.76896
17.0,640,6198.308656
6.0,375,6204.610513
19.0,571,6213.486556
14.0,510,6221.89224
15.0,547,6230.693635
7.0,411,6237.280075
11.0,556,6247.638562
8.0,413,6254.103766
10.0,464,6262.165043
13.0,568,6270.959973
25.0,691,6281.91578
21.0,518,6292.33424
8.0,401,6298.62365
25.0,825,6311.895798
10.0,360,6318.123505
23.0,595,6328.188836
11.0,537,6336.748042
16.0,569,6345.648588
17.0,617,6356.196009
13.0,472,6364.403235
12.0,469,6371.441009
12.0,443,6380.64785
18.0,435,6387.358655
13.0,648,6398.472793
19.0,617,6409.087767
25.0,498,6417.191761
9.0,485,6426.054536
18.0,407,6432.929262
33.0,859,6447.798871
10.0,490,6456.104576
28.0,656,6467.063506
7.0,417,6473.99258
21.0,639,6484.757284
13.0,580,6493.284519
21.0,407,6501.324097
17.0,721,6512.068152
11.0,428,6520.057823
9.0,317,6524.972308
24.0,654,6535.452238
