#{"t_start": 1763941200.5917356, "env_id": "ALE/Breakout-v5"}
r,l,t
3.0,244,1.799212
2.0,220,1.933079
1.0,178,2.046122
1.0,172,2.161918
1.0,155,2.266214
1.0,162,2.374874
1.0,173,2.482958
2.0,203,2.613134
2.0,208,2.746293
0.0,133,2.830869
2.0,221,2.978426
0.0,143,3.06278
2.0,217,3.212847
1.0,181,3.330446
0.0,127,3.396495
2.0,193,3.534002
0.0,145,3.632739
2.0,207,3.764784
1.0,172,3.879408
3.0,252,4.029434
0.0,158,4.146098
3.0,252,4.312729
2.0,201,4.429422
0.0,131,4.529725
0.0,136,4.615935
0.0,135,4.712722
1.0,167,4.829387
1.0,177,4.947073
1.0,173,5.060387
1.0,165,5.170447
1.0,165,5.277424
1.0,169,5.382527
5.0,328,5.598809
0.0,133,5.67937
1.0,167,5.797558
1.0,161,5.897778
0.0,137,5.996046
3.0,256,6.165699
0.0,124,6.248755
0.0,129,6.329377
1.0,169,6.44807
0.0,124,6.531104
3.0,254,6.699985
2.0,204,6.831791
0.0,125,6.915236
0.0,129,7.002173
0.0,138,7.099463
3.0,253,7.259612
3.0,234,7.411376
2.0,196,7.529331
1.0,198,7.660568
3.0,257,7.812657
4.0,303,8.012672
1.0,181,8.129783
0.0,125,8.797549
5.0,308,10.746968
4.0,279,12.513967
2.0,208,13.871226
4.0,318,15.896308
3.0,250,17.479209
2.0,196,18.698208
1.0,169,19.776886
1.0,160,20.828402
5.0,361,23.135485
0.0,120,23.917933
1.0,194,25.146139
4.0,255,26.762986
8.0,447,29.596576
1.0,196,30.846057
1.0,195,32.084251
1.0,167,33.20576
4.0,264,34.86427
3.0,246,36.43028
3.0,251,37.995543
0.0,144,38.914865
1.0,161,39.954127
2.0,222,41.361202
6.0,410,43.984903
1.0,186,45.168092
0.0,201,46.446123
2.0,210,47.830787
2.0,201,49.112595
3.0,289,50.961793
1.0,221,52.394667
0.0,121,53.160556
1.0,212,54.526107
1.0,255,56.141902
2.0,253,57.74735
2.0,259,59.472257
2.0,306,61.407856
2.0,199,62.705686
0.0,127,63.550434
1.0,217,64.950717
1.0,311,66.953378
4.0,293,68.859165
1.0,270,70.628813
1.0,253,72.351714
0.0,185,73.535578
3.0,278,75.348429
3.0,327,77.485821
0.0,223,78.936161
1.0,219,80.358154
3.0,254,82.003463
0.0,186,83.245923
2.0,196,84.551627
1.0,184,85.75666
2.0,363,88.113018
2.0,228,89.644426
3.0,332,91.819234
4.0,279,93.661727
2.0,217,95.066852
2.0,262,96.966614
2.0,195,98.36524
4.0,265,100.085113
1.0,272,101.881835
2.0,348,104.145341
1.0,235,105.717418
2.0,195,106.997679
3.0,265,108.784027
2.0,256,110.45915
1.0,402,113.093289
2.0,195,114.393409
3.0,377,116.926029
2.0,474,120.065301
3.0,685,124.581878
1.0,266,126.343477
2.0,195,127.660268
3.0,326,129.778296
4.0,391,132.355742
2.0,347,134.660124
1.0,244,136.262219
1.0,382,138.806304
7.0,427,141.627187
0.0,367,144.076522
1.0,426,147.051625
1.0,332,149.243573
1.0,276,151.099305
5.0,586,154.965878
2.0,246,156.648243
1.0,204,158.008201
0.0,184,159.226669
2.0,214,160.626104
1.0,346,162.892783
2.0,282,165.029902
1.0,309,167.092628
0.0,447,169.957569
3.0,457,172.875876
2.0,380,175.378172
1.0,734,180.076128
1.0,248,181.673472
1.0,311,183.675619
3.0,336,185.779726
1.0,164,186.808842
3.0,517,190.090903
2.0,298,191.974933
3.0,337,194.13807
1.0,292,195.97518
8.0,854,201.348181
3.0,515,204.625921
3.0,297,206.491649
3.0,251,208.074909
8.0,309,210.008303
3.0,444,212.833946
5.0,801,218.058101
2.0,224,219.491322
4.0,463,222.444093
3.0,284,224.266871
3.0,441,227.049091
2.0,606,230.924994
3.0,482,233.964892
4.0,303,235.989703
1.0,306,237.945885
12.0,729,242.724246
4.0,360,245.02719
0.0,212,246.378148
4.0,370,248.747038
1.0,250,250.352739
9.0,435,253.123828
1.0,342,255.305744
2.0,454,258.239261
3.0,468,261.236557
2.0,359,263.490261
1.0,148,264.436579
2.0,301,266.376627
2.0,192,267.640214
4.0,322,269.690162
3.0,294,271.573255
3.0,513,274.992131
3.0,247,276.712156
4.0,452,279.856485
3.0,476,283.306419
1.0,168,284.530886
3.0,316,286.957092
1.0,298,289.072959
1.0,437,292.531189
2.0,421,295.690055
0.0,213,297.127906
0.0,140,298.066126
1.0,276,299.889897
1.0,365,302.305979
1.0,289,304.255837
2.0,301,306.239191
0.0,512,309.655697
3.0,278,311.493362
0.0,334,313.689073
0.0,296,315.643934
3.0,651,319.910508
0.0,120,320.738823
1.0,164,321.855379
3.0,266,323.637908
2.0,609,327.727873
0.0,550,331.395688
2.0,563,335.049544
1.0,437,337.962829
3.0,602,342.584018
4.0,383,345.131668
2.0,439,348.078027
3.0,513,351.517672
5.0,414,354.190351
0.0,235,355.738424
1.0,563,359.397672
5.0,712,364.118936
0.0,277,365.933879
1.0,317,368.020404
1.0,386,370.585788
2.0,551,374.169014
3.0,353,376.45906
0.0,531,379.898335
5.0,376,382.335515
1.0,278,384.126407
0.0,258,385.813997
4.0,427,388.576089
1.0,243,390.152894
1.0,271,391.908073
4.0,484,395.042897
2.0,483,398.290543
1.0,392,400.866555
4.0,330,402.987996
5.0,495,406.196223
3.0,264,407.920565
4.0,360,410.272452
4.0,547,413.995802
3.0,335,416.220436
4.0,401,418.842039
3.0,241,420.423143
2.0,761,425.366307
3.0,303,427.376818
3.0,307,429.392609
2.0,310,431.498925
1.0,167,432.599819
0.0,120,433.380524
3.0,255,435.034668
4.0,382,437.525087
0.0,202,438.843745
1.0,166,439.908386
1.0,312,441.957014
0.0,198,443.248948
3.0,274,445.026028
3.0,411,447.703058
2.0,255,449.372107
2.0,218,450.786765
2.0,473,453.837669
2.0,295,455.752407
2.0,254,457.470895
1.0,149,458.421994
2.0,311,460.433918
3.0,392,463.024917
3.0,362,465.373212
2.0,359,467.73873
3.0,236,469.266784
3.0,534,472.820125
2.0,345,475.085949
2.0,388,477.64692
2.0,361,479.981946
7.0,496,483.199946
5.0,366,485.564367
3.0,243,487.151125
2.0,421,489.889256
1.0,200,491.217863
3.0,583,494.986944
3.0,299,496.911538
6.0,467,499.929784
3.0,276,501.724933
2.0,503,504.965138
3.0,269,506.723694
2.0,250,508.336393
2.0,230,509.840357
2.0,263,511.527289
1.0,191,512.779724
3.0,210,514.155839
3.0,356,516.555367
1.0,206,517.949969
3.0,253,519.60719
2.0,328,521.765079
3.0,361,524.122927
1.0,224,525.581314
4.0,401,528.167573
0.0,167,529.247956
2.0,364,531.581748
2.0,179,532.726442
0.0,147,533.685544
1.0,358,535.98917
1.0,383,538.447888
2.0,350,540.719657
0.0,320,542.799514
2.0,711,547.393402
3.0,620,551.35499
1.0,289,553.257332
2.0,576,556.956005
7.0,561,560.575582
2.0,307,562.564321
0.0,128,563.39711
3.0,579,567.167192
1.0,218,568.545469
0.0,342,570.780686
3.0,313,572.776959
0.0,123,573.566168
1.0,213,574.945662
0.0,174,576.081155
3.0,391,578.766902
1.0,239,580.356914
0.0,155,581.365295
2.0,338,583.537838
1.0,206,584.879611
2.0,390,587.391893
1.0,210,588.77543
3.0,382,591.245289
1.0,245,592.814103
2.0,565,596.510272
2.0,247,598.088351
2.0,357,600.410862
3.0,322,602.478687
3.0,435,605.303961
2.0,234,606.814076
3.0,625,610.862626
0.0,199,612.122271
0.0,382,614.630355
0.0,142,615.551228
1.0,308,617.560179
2.0,347,619.873981
2.0,415,622.552013
0.0,300,624.495976
1.0,382,626.940574
1.0,328,629.056857
0.0,253,630.70334
1.0,427,633.44476
0.0,206,634.777658
0.0,302,636.790049
0.0,432,639.575439
0.0,221,641.031275
0.0,297,642.941864
2.0,477,646.004773
0.0,180,647.177613
0.0,324,649.236521
0.0,133,650.101561
0.0,250,651.752673
0.0,172,652.928488
2.0,269,654.660506
0.0,569,658.541998
0.0,223,660.1161
0.0,432,663.042314
1.0,263,664.781287
1.0,197,665.992295
1.0,197,667.26175
0.0,249,668.908424
3.0,442,671.749573
1.0,393,674.261935
1.0,164,675.289831
3.0,355,677.491558
1.0,435,680.25228
1.0,242,681.762365
1.0,466,684.740883
0.0,354,686.990214
3.0,301,688.918284
1.0,569,692.508601
1.0,190,693.691632
2.0,307,695.624366
2.0,249,697.324874
1.0,364,699.607113
1.0,316,701.607584
0.0,260,703.237098
1.0,231,704.694998
0.0,218,706.056883
2.0,459,708.924456
1.0,509,712.174106
4.0,451,715.038952
0.0,256,716.624224
4.0,464,719.57006
0.0,289,721.407236
1.0,150,722.384031
0.0,122,723.160576
3.0,622,727.073946
5.0,467,730.05784
1.0,430,732.723487
1.0,286,734.573328
2.0,490,737.657167
2.0,435,740.417571
1.0,348,742.639384
0.0,227,744.056614
1.0,271,745.773106
2.0,350,747.973123
0.0,511,751.185653
0.0,240,752.685088
3.0,233,754.12349
0.0,425,756.934728
1.0,280,758.722818
0.0,372,761.07275
0.0,350,763.306161
0.0,194,764.506013
0.0,192,765.726726
0.0,311,767.722491
1.0,266,769.412879
0.0,299,771.357376
1.0,309,773.322397
0.0,362,775.589159
1.0,547,778.988837
0.0,497,782.13876
0.0,301,784.052623
0.0,285,785.888304
0.0,349,788.072775
1.0,400,790.649496
1.0,267,792.346456
4.0,442,795.132832
1.0,275,796.87598
2.0,290,798.755052
0.0,186,799.955547
3.0,268,801.671711
0.0,399,804.171966
0.0,462,807.088188
1.0,367,809.425947
0.0,179,810.554996
0.0,211,811.888669
0.0,366,814.233161
0.0,157,815.204716
0.0,216,816.708676
0.0,337,818.887415
0.0,345,821.087865
5.0,736,825.704466
0.0,376,828.087634
0.0,326,830.138443
0.0,299,832.035751
2.0,604,835.822718
0.0,282,837.575887
0.0,440,840.370705
0.0,171,841.487352
0.0,233,842.937297
0.0,245,844.470788
0.0,302,846.354159
0.0,586,850.083463
0.0,497,853.417583
1.0,239,854.945261
1.0,166,856.039529
1.0,161,857.081385
0.0,120,857.854958
0.0,145,858.787003
2.0,231,860.255075
2.0,439,863.018858
0.0,174,864.131824
2.0,399,866.628861
1.0,203,867.886816
0.0,256,869.503347
0.0,254,871.131111
2.0,199,872.36992
1.0,524,875.631633
2.0,217,877.087301
2.0,250,878.663714
1.0,302,880.569731
0.0,161,881.578541
0.0,135,882.436388
0.0,160,883.452829
1.0,238,884.936189
0.0,146,885.887184
0.0,195,887.117775
2.0,252,888.69635
0.0,209,890.033928
2.0,282,891.776644
0.0,299,893.636044
1.0,195,894.873632
0.0,120,895.636663
2.0,237,897.106907
0.0,128,897.932088
2.0,179,899.086124
1.0,188,900.286855
2.0,392,902.752642
0.0,238,904.324528
2.0,253,906.069314
0.0,368,908.496654
3.0,323,910.605146
1.0,239,912.225431
2.0,369,914.628706
0.0,172,915.75805
0.0,434,918.602016
2.0,226,920.085341
0.0,280,921.928465
0.0,339,924.235334
0.0,481,927.385299
0.0,161,928.456381
0.0,120,929.252151
1.0,344,931.50725
0.0,187,932.752712
2.0,296,934.721798
2.0,267,936.590704
4.0,603,940.69189
2.0,347,942.968143
0.0,120,943.768194
0.0,157,944.835724
1.0,171,945.95329
0.0,261,947.72364
2.0,306,949.737119
0.0,124,950.567931
3.0,279,952.418975
1.0,252,954.084427
2.0,197,955.390182
2.0,195,956.701078
1.0,163,957.768508
1.0,202,959.101858
2.0,472,962.244035
3.0,251,963.855506
3.0,423,966.612071
1.0,224,968.124693
0.0,145,969.107186
1.0,373,972.182554
5.0,374,974.690382
1.0,223,976.126053
2.0,320,978.208645
1.0,148,979.167049
2.0,234,980.829567
0.0,247,982.429191
0.0,281,984.22462
0.0,253,985.854306
0.0,335,987.99755
0.0,163,989.053328
0.0,194,990.290549
1.0,238,991.819276
2.0,224,993.254277
0.0,122,994.026673
0.0,233,995.518749
1.0,148,996.524731
1.0,421,999.312463
0.0,120,1000.096057
0.0,140,1001.013651
0.0,140,1001.931542
3.0,281,1003.759957
0.0,126,1004.556878
2.0,507,1007.823343
0.0,162,1008.887583
1.0,330,1011.024496
2.0,402,1013.626052
1.0,173,1014.780773
0.0,122,1015.571555
3.0,315,1017.623463
1.0,209,1018.969276
1.0,149,1019.960005
1.0,169,1021.043094
0.0,121,1021.819584
0.0,127,1022.64957
1.0,229,1024.131076
0.0,121,1024.931557
1.0,170,1026.069862
2.0,196,1027.35902
0.0,121,1028.153782
0.0,133,1029.055108
1.0,200,1030.359492
0.0,365,1032.740847
0.0,146,1033.685905
1.0,148,1034.649971
0.0,242,1036.227589
1.0,257,1037.878707
2.0,206,1039.199542
0.0,179,1040.364048
1.0,182,1041.546676
0.0,175,1042.67461
0.0,168,1043.792857
1.0,214,1045.18357
0.0,130,1046.014012
1.0,174,1047.157728
0.0,175,1048.287099
1.0,235,1049.800363
2.0,390,1052.314656
4.0,495,1055.54631
2.0,221,1057.066559
0.0,326,1059.178073
2.0,338,1061.336334
1.0,348,1063.567208
1.0,199,1064.851848
0.0,170,1065.945021
0.0,120,1066.711871
1.0,172,1067.814913
1.0,299,1069.748698
2.0,222,1071.224834
1.0,378,1073.684797
2.0,211,1075.058572
3.0,410,1077.705265
2.0,268,1079.412627
2.0,178,1080.558081
0.0,122,1081.351382
2.0,810,1086.588276
1.0,223,1088.025628
1.0,197,1089.32879
2.0,277,1091.105647
1.0,306,1093.080909
5.0,356,1095.369381
0.0,253,1097.022941
3.0,242,1098.567327
3.0,249,1100.155424
1.0,235,1101.670342
1.0,250,1103.338187
2.0,260,1105.011645
0.0,130,1105.85146
0.0,120,1106.635662
4.0,520,1109.978152
4.0,348,1112.198948
2.0,493,1115.376334
1.0,232,1117.007187
2.0,379,1119.466809
1.0,149,1120.412559
2.0,332,1122.562877
1.0,238,1124.107705
1.0,209,1125.454589
4.0,385,1127.930291
1.0,226,1129.417151
3.0,395,1131.953274
2.0,207,1133.262112
2.0,191,1134.506084
0.0,120,1135.293255
1.0,148,1136.248772
1.0,273,1138.011248
1.0,206,1139.348581
3.0,288,1141.2177
0.0,136,1142.102036
6.0,512,1145.375627
5.0,651,1149.587424
1.0,185,1150.793409
2.0,524,1154.215119
1.0,200,1155.498355
1.0,306,1157.456271
2.0,282,1159.296793
2.0,273,1161.054555
0.0,163,1162.111445
1.0,198,1163.378818
0.0,126,1164.20849
3.0,293,1166.067308
0.0,202,1167.386686
1.0,223,1168.818833
1.0,337,1171.021277
0.0,184,1172.20326
1.0,189,1173.412354
2.0,307,1175.398675
4.0,801,1180.727384
1.0,166,1181.783802
3.0,502,1185.010999
3.0,274,1186.762674
5.0,401,1189.359169
2.0,652,1193.556274
2.0,318,1195.634622
0.0,120,1196.440854
1.0,398,1199.146768
2.0,232,1200.639819
3.0,354,1202.931149
1.0,412,1205.685112
5.0,546,1209.246874
1.0,342,1211.455338
5.0,309,1213.471579
1.0,718,1218.140246
2.0,388,1220.667538
2.0,338,1222.84687
1.0,148,1223.827183
7.0,662,1228.11972
2.0,259,1229.80072
2.0,462,1232.796035
1.0,259,1234.495054
2.0,393,1237.173831
2.0,416,1239.949959
3.0,369,1242.345539
