#{"t_start": 1764172218.6587002, "env_id": "ALE/Breakout-v5"}
r,l,t
2.0,200,3.082345
1.0,173,5.367181
1.0,175,9.374675
0.0,133,11.412814
2.0,208,13.925592
1.0,187,17.60408
0.0,123,19.705936
4.0,284,24.135536
1.0,151,26.517759
3.0,243,30.85591
4.0,264,35.035652
2.0,196,38.821314
2.0,218,41.300835
3.0,227,45.267662
0.0,139,47.418012
0.0,129,49.608553
7.0,400,56.071327
4.0,255,60.185854
3.0,225,64.110332
3.0,223,68.330563
4.0,254,72.770813
3.0,222,76.901933
4.0,264,80.946113
3.0,228,84.949641
3.0,236,87.638494
3.0,254,91.794403
4.0,284,97.583693
3.0,248,100.386015
9.0,336,106.675893
2.0,184,110.483753
2.0,191,112.976773
3.0,233,117.271198
0.0,138,119.535728
2.0,192,121.92284
11.0,278,127.642576
3.0,231,130.462465
4.0,243,135.257561
3.0,230,139.200392
3.0,223,143.311231
7.0,269,147.807639
3.0,224,151.865513
1.0,172,154.235653
11.0,273,158.624923
1.0,196,162.494857
2.0,205,165.269768
7.0,251,169.558487
3.0,241,173.501527
7.0,247,177.591228
3.0,227,181.815757
7.0,260,185.949452
3.0,226,190.708636
1.0,182,193.147531
7.0,257,197.405678
8.0,295,201.967787
3.0,219,205.976273
2.0,185,209.777381
7.0,260,213.85891
3.0,212,216.560333
7.0,251,221.094148
2.0,189,224.936885
3.0,223,227.736196
7.0,259,231.895616
7.0,262,236.202379
7.0,266,241.903026
7.0,250,246.142812
7.0,255,250.453112
7.0,263,254.578762
3.0,215,257.327312
7.0,253,261.66387
2.0,192,265.536324
3.0,223,268.102849
11.0,283,274.144633
3.0,219,276.591898
3.0,216,280.677739
7.0,259,284.952113
7.0,248,289.089054
11.0,278,293.366693
7.0,259,297.973122
3.0,227,302.29887
1.0,150,304.453632
2.0,181,308.209755
1.0,149,310.36728
3.0,227,314.431631
7.0,247,317.106333
1.0,153,320.921874
7.0,251,325.072968
3.0,220,327.751477
1.0,155,331.458676
7.0,257,335.594421
2.0,186,338.075366
7.0,249,342.363054
5.0,291,346.783413
3.0,218,350.80065
3.0,235,354.979701
3.0,215,357.478491
2.0,190,361.569581
7.0,243,365.637578
11.0,284,369.809954
3.0,253,374.138624
7.0,282,378.506305
11.0,300,384.679025
1.0,160,386.817511
1.0,153,389.05237
3.0,223,393.140671
2.0,184,395.543561
3.0,217,399.417609
2.0,191,402.094666
3.0,225,406.275755
8.0,282,410.580377
11.0,274,415.014498
7.0,244,419.24501
11.0,270,423.495058
4.0,259,429.102944
3.0,244,432.024275
3.0,220,436.464286
5.0,289,441.074393
2.0,179,445.0477
5.0,313,449.658688
3.0,225,453.681414
11.0,273,458.296649
7.0,244,462.823926
2.0,188,466.931253
2.0,194,469.45192
7.0,249,473.549403
7.0,254,477.782195
3.0,216,481.856768
1.0,159,484.029244
7.0,246,488.843177
7.0,248,493.45438
3.0,241,497.527034
7.0,248,501.68095
3.0,220,504.264746
4.0,253,508.328178
3.0,216,512.783855
3.0,224,516.855513
3.0,228,519.402437
2.0,184,523.429351
7.0,246,528.037736
3.0,213,531.984865
7.0,243,534.640618
2.0,189,538.532928
0.0,126,540.63629
7.0,257,545.092682
3.0,217,6755.251929
2.0,195,6758.80843
2.0,200,6764.836983
2.0,183,6767.697142
3.0,215,6772.761076
7.0,260,6778.250523
3.0,220,6783.775851
3.0,224,6787.296275
3.0,222,6792.163864
3.0,216,6797.375087
3.0,212,6800.230104
7.0,261,6805.479985
3.0,213,6810.117386
7.0,260,6815.228767
7.0,273,6820.680655
7.0,248,6826.174705
2.0,196,6830.620661
8.0,299,6836.341565
7.0,258,6841.464991
3.0,213,6846.978498
11.0,278,6852.720325
7.0,252,6857.894537
3.0,221,6862.594259
7.0,244,6865.754762
7.0,257,6870.829355
7.0,252,6875.497492
11.0,283,6882.363725
3.0,227,6885.492769
2.0,190,6889.945855
11.0,301,6895.083903
3.0,232,6899.450516
2.0,187,6904.074983
2.0,205,6907.262512
7.0,277,6912.686387
3.0,221,6917.37029
3.0,234,6922.272666
3.0,223,6927.035606
9.0,345,6932.313102
2.0,188,6936.925113
3.0,213,6939.749039
9.0,324,6947.034667
2.0,201,6951.732008
7.0,250,6954.729948
3.0,218,6959.446009
3.0,233,6964.213291
7.0,259,6969.279888
2.0,187,6972.20006
7.0,261,6978.599622
2.0,181,6981.730381
1.0,159,6984.554989
2.0,183,6989.137503
11.0,282,6994.196184
7.0,256,6999.494718
3.0,244,7004.404768
3.0,223,7007.733354
7.0,257,7012.823107
4.0,271,7019.705395
11.0,275,7025.194386
2.0,186,7028.121761
7.0,246,7033.641157
3.0,227,7038.633639
3.0,213,7043.45561
1.0,162,7046.049984
3.0,216,7051.164747
3.0,219,7053.937796
3.0,220,7058.589684
3.0,215,7063.457989
3.0,226,7066.512479
2.0,196,7071.469863
2.0,189,7074.462636
7.0,260,7079.813544
2.0,191,7084.278567
3.0,239,7090.124234
2.0,184,7093.060692
11.0,282,7098.055609
1.0,155,7102.57897
4.0,253,7107.482766
3.0,214,7110.435137
3.0,224,7115.803635
3.0,220,7120.688798
4.0,272,7125.966663
2.0,191,7128.938997
11.0,288,7135.476869
7.0,255,7140.941489
2.0,226,7143.913651
3.0,235,7148.832884
2.0,197,7153.585872
2.0,203,7156.743542
11.0,270,7162.164589
2.0,191,7166.897862
12.0,332,7174.210528
8.0,305,7179.667239
7.0,269,7184.667232
3.0,227,7189.67575
3.0,223,7194.142766
2.0,202,7196.968355
4.0,269,7201.803945
3.0,232,7206.603904
3.0,239,7211.419216
7.0,259,7216.595763
7.0,253,7221.645735
7.0,249,7226.241502
5.0,312,7231.405072
2.0,184,7235.980742
3.0,229,7239.099372
1.0,154,7243.500382
8.0,279,7248.58953
4.0,277,7253.644853
3.0,226,7258.505463
8.0,304,7263.648396
11.0,285,7268.936174
3.0,264,7274.03472
5.0,288,7280.691073
8.0,279,7285.534318
3.0,219,7290.500617
3.0,234,7293.878589
4.0,279,7301.267869
1.0,161,7304.19031
7.0,251,7308.965565
11.0,291,7314.330169
2.0,193,7318.999707
4.0,252,7323.965154
6.0,358,7329.740206
7.0,244,7335.06466
3.0,217,7340.175816
6.0,320,7345.539376
3.0,222,7350.286361
1.0,155,7352.793591
5.0,299,7359.726235
4.0,278,7365.041964
7.0,248,7370.140375
3.0,248,7375.271609
7.0,249,7379.973498
3.0,216,7382.714042
12.0,316,7389.580368
8.0,291,7394.193745
11.0,409,7400.997239
8.0,304,7406.988748
5.0,299,7411.531685
9.0,445,7419.789128
7.0,276,7424.208499
7.0,258,7428.526618
3.0,256,7432.783634
2.0,188,7435.096102
6.0,334,7441.193006
2.0,202,7443.896028
5.0,343,7450.472502
5.0,330,7456.431594
6.0,363,7461.380443
11.0,276,7467.311745
11.0,437,7473.870374
5.0,288,7478.124938
6.0,372,7484.418833
3.0,219,7488.311479
7.0,407,7494.713207
3.0,231,7498.998638
7.0,249,7503.205481
8.0,308,7507.641913
7.0,250,7511.793423
4.0,256,7516.122654
9.0,334,7522.411949
7.0,260,7526.64185
7.0,262,7530.824901
11.0,453,7537.398499
6.0,339,7543.74061
3.0,214,7548.145997
5.0,317,7552.676507
11.0,272,7556.944525
7.0,246,7561.103777
5.0,307,7566.765945
12.0,445,7573.425048
4.0,244,7577.825359
5.0,358,7584.20317
11.0,425,7590.751932
8.0,416,7597.423345
12.0,427,7605.448048
5.0,313,7609.8581
6.0,327,7615.902116
8.0,415,7622.493711
5.0,312,7626.949067
3.0,213,7631.118394
9.0,438,7639.714425
15.0,430,7646.14812
9.0,451,7653.012495
11.0,411,7661.110183
9.0,469,7667.822881
8.0,313,7673.652373
10.0,528,7682.791433
10.0,509,7692.19263
23.0,688,7702.884329
4.0,270,7707.113525
8.0,297,7712.89168
5.0,328,7717.482899
9.0,345,7723.640794
8.0,293,7728.113438
5.0,320,7734.183755
9.0,358,7739.071871
15.0,546,7748.815182
11.0,425,7755.657633
13.0,523,7764.052913
21.0,531,7772.338283
10.0,473,7780.86902
14.0,408,7787.084281
5.0,297,7792.869983
11.0,399,7799.113467
16.0,480,7805.763897
11.0,504,7814.323441
6.0,315,7820.220581
9.0,326,7824.881232
15.0,416,7832.983657
12.0,473,7839.604056
22.0,682,7851.919725
9.0,472,7858.965075
3.0,237,7863.019043
9.0,458,7871.5995
10.0,475,7878.504997
7.0,396,7886.257207
6.0,367,7891.086635
10.0,507,7899.509316
8.0,410,7907.579426
7.0,423,7914.121069
8.0,280,7918.701491
3.0,216,7922.622306
11.0,278,7927.319533
12.0,315,7932.093106
12.0,470,7940.9508
9.0,450,7949.236378
9.0,351,7953.87395
17.0,490,7962.110257
10.0,485,7971.556739
11.0,400,7977.735664
11.0,418,7984.120453
6.0,348,7990.290545
9.0,345,7996.511014
6.0,361,8002.935242
7.0,389,8009.404399
5.0,294,8013.669274
15.0,529,8022.134277
17.0,503,8030.538038
4.0,263,8034.800564
9.0,326,8040.904967
6.0,340,8045.516997
9.0,449,8053.571649
25.0,536,8062.447735
14.0,665,8072.960205
10.0,402,8079.524467
17.0,362,8085.651428
7.0,408,8092.10968
13.0,569,8102.304264
11.0,535,8111.229776
17.0,653,8121.91473
9.0,442,8128.457551
16.0,712,8140.645835
29.0,568,8149.191275
10.0,337,8155.226604
9.0,321,8161.323697
10.0,539,8170.071552
6.0,332,8174.833233
15.0,418,8182.869509
9.0,500,8191.503353
11.0,397,8197.690141
3.0,226,8200.671276
8.0,400,8208.34248
12.0,300,8212.812467
26.0,582,8221.6585
8.0,446,8230.01329
22.0,568,8239.236968
11.0,532,8249.52664
15.0,395,8256.035756
27.0,624,8265.159381
26.0,459,8273.202701
23.0,473,8281.382804
7.0,345,8285.86734
17.0,598,8296.869434
15.0,565,8306.824894
7.0,399,8313.218515
17.0,375,8319.525867
10.0,360,8324.596235
25.0,544,8334.75139
8.0,456,8341.709994
26.0,573,8352.021742
11.0,526,8360.414895
29.0,628,8370.939433
14.0,468,8377.744053
9.0,454,8386.073117
18.0,433,8392.782991
12.0,601,8403.382471
1.0,149,8405.552568
12.0,622,8416.127309
2.0,179,8418.484994
16.0,678,8431.10243
20.0,601,8440.124619
9.0,441,8448.201627
28.0,524,8456.871386
14.0,538,8465.694215
15.0,440,8473.784181
27.0,474,8480.912295
11.0,537,8489.721835
3.0,248,8493.907779
22.0,429,8503.554115
24.0,518,8514.286041
12.0,452,8523.0033
20.0,491,8533.093036
9.0,478,8543.025932
13.0,465,8552.650692
8.0,482,8561.016688
12.0,467,8571.109886
33.0,551,8582.306443
27.0,600,8595.527934
29.0,440,8603.080034
13.0,603,8615.400932
6.0,343,8622.860785
13.0,492,8632.535276
14.0,523,8642.689219
11.0,543,8652.429886
23.0,490,8662.2779
18.0,398,8670.183618
6.0,328,8675.819082
8.0,443,8685.259544
19.0,542,8695.177468
24.0,670,8708.177066
26.0,558,8720.399186
7.0,411,8727.572164
26.0,697,8740.16342
9.0,411,8749.71515
30.0,484,8757.902323
30.0,487,8767.904453
24.0,502,8777.69979
18.0,537,8788.078839
22.0,645,8800.242917
21.0,404,8807.864086
5.0,323,8814.535868
21.0,559,8824.957908
30.0,494,8834.969752
26.0,447,8844.460284
35.0,643,8856.754243
23.0,587,8867.756339
26.0,439,8877.095022
22.0,563,8886.803322
27.0,523,8897.292381
10.0,394,8905.058847
25.0,519,8914.912969
26.0,576,8927.345518
22.0,570,8937.622427
8.0,405,8947.157266
23.0,559,8957.206041
26.0,560,8967.392072
23.0,488,8977.095833
5.0,295,8982.056635
10.0,516,8991.991586
18.0,385,8999.404887
21.0,558,9011.80113
16.0,462,9019.159503
9.0,427,9028.6684
8.0,390,9036.650993
14.0,526,9046.366316
8.0,381,9053.827681
24.0,487,9063.981751
9.0,383,9071.861134
30.0,485,9079.922483
32.0,506,9089.816244
16.0,423,9099.050306
19.0,462,9106.496302
27.0,497,9116.345469
6.0,356,9123.213092
6.0,298,9128.440371
20.0,515,9139.877358
22.0,429,9149.94839
25.0,609,9160.235751
16.0,617,9172.513437
21.0,466,9181.754479
13.0,504,9191.286143
22.0,538,9201.420512
31.0,773,9216.383689
12.0,431,9224.631972
22.0,602,9236.967713
26.0,447,9246.539379
27.0,485,9253.983727
29.0,448,9262.151382
26.0,574,9271.251616
4.0,286,9277.255046
10.0,475,9283.82717
13.0,487,9292.394798
15.0,591,9302.764364
5.0,335,9307.516141
18.0,403,9315.409763
27.0,621,9324.396617
24.0,619,9334.911426
15.0,711,9347.425052
24.0,460,9354.083456
28.0,516,9362.811038
14.0,520,9371.307556
21.0,512,9379.597199
14.0,522,9389.731598
6.0,339,9394.350152
31.0,585,9404.445329
31.0,527,9413.100486
20.0,468,9421.199661
15.0,551,9429.805012
17.0,475,9438.786433
9.0,445,9445.344044
30.0,634,9456.13709
27.0,626,9466.734894
19.0,595,9477.104438
25.0,671,9488.635216
18.0,502,9497.491787
25.0,512,9505.980113
19.0,526,9514.380635
13.0,461,9521.144099
30.0,481,9529.475456
12.0,440,9537.540439
16.0,464,9544.80159
12.0,441,9553.194206
15.0,453,9560.079163
22.0,597,9570.356451
13.0,568,9579.02234
12.0,309,9585.001573
5.0,315,9589.374958
8.0,390,9595.767224
20.0,709,9608.216161
31.0,483,9618.41178
22.0,433,9626.115134
22.0,440,9634.300335
16.0,581,9647.252313
9.0,438,9654.916219
29.0,553,9667.300663
4.0,271,9672.391516
21.0,485,9683.36358
15.0,388,9691.297057
14.0,540,9700.704283
27.0,752,9715.417836
30.0,457,9723.533853
22.0,439,9733.739896
12.0,413,9741.688925
19.0,621,9754.548852
18.0,405,9762.244653
30.0,548,9772.799102
28.0,631,9785.631555
26.0,565,9797.130016
8.0,270,9802.511282
16.0,390,9809.996171
10.0,406,9817.641961
27.0,480,9827.303215
27.0,632,9839.698961
28.0,679,9852.958283
24.0,525,9863.255618
19.0,542,9873.217117
17.0,538,9883.985356
26.0,435,9893.411015
12.0,451,9901.511367
15.0,552,9913.815249
27.0,593,9924.72859
15.0,565,9936.679931
14.0,595,9947.496629
11.0,535,9959.745591
19.0,456,9968.31066
29.0,557,9978.207913
23.0,544,9990.049518
26.0,614,10001.854491
23.0,555,10014.323569
20.0,480,10023.933167
9.0,443,10032.253672
4.0,276,10037.941571
14.0,546,10048.802779
20.0,457,10058.019581
15.0,539,10068.052721
6.0,340,10074.874502
4.0,275,10080.315216
11.0,505,10091.067322
12.0,451,10099.517496
24.0,500,10109.390767
21.0,632,10122.309165
20.0,622,10135.442263
18.0,392,10143.067281
11.0,402,10150.869894
16.0,581,10162.978964
9.0,458,10172.80246
28.0,480,10181.255994
25.0,526,10191.560023
12.0,404,10200.930503
10.0,521,10211.514978
11.0,498,10219.531018
18.0,569,10231.971745
8.0,375,10239.969612
31.0,787,10253.303828
26.0,448,10261.887464
30.0,636,10271.100252
20.0,698,10283.917427
22.0,425,10290.831613
14.0,373,10297.166444
28.0,631,10307.804247
9.0,505,10316.168343
13.0,512,10324.935102
23.0,472,10333.338398
17.0,522,10342.27734
26.0,565,10353.178195
31.0,484,10362.903205
16.0,498,10372.502277
8.0,394,10379.788907
18.0,504,10389.712226
18.0,542,10400.191738
10.0,490,10410.24713
23.0,503,10419.857666
20.0,469,10429.968792
12.0,446,10437.628104
19.0,607,10450.813892
23.0,456,10458.743815
27.0,467,10468.535706
6.0,318,10474.412252
29.0,579,10486.878976
10.0,466,10496.32978
16.0,495,10507.053949
26.0,443,10515.345628
33.0,563,10525.946223
7.0,385,10533.97085
6.0,319,10541.508694
12.0,464,10551.139706
27.0,493,10559.355593
20.0,485,10569.654683
20.0,499,10579.721011
23.0,566,10589.813981
26.0,575,10602.303764
10.0,480,10613.132555
17.0,473,10620.981698
5.0,288,10627.612707
19.0,458,10636.333666
12.0,623,10648.553458
13.0,476,10658.547225
13.0,457,10666.368962
26.0,457,10676.03013
26.0,626,10688.404563
25.0,660,10701.722556
12.0,418,10709.065887
23.0,711,10723.330986
21.0,526,10733.027934
24.0,499,10742.880638
19.0,576,10752.828288
14.0,504,10762.377598
13.0,627,10774.645247
14.0,532,10784.671894
24.0,499,10794.556514
6.0,347,10801.794364
11.0,458,10811.184776
26.0,586,10821.372102
13.0,628,10834.539533
28.0,533,10844.891497
20.0,455,10854.864551
9.0,310,10860.259194
12.0,559,10872.020351
15.0,557,10882.042851
27.0,500,10892.315557
8.0,404,10900.0134
22.0,583,10910.116905
5.0,282,10916.461326
7.0,353,10921.952091
18.0,567,10934.497478
18.0,531,10944.516998
28.0,691,10957.005072
22.0,418,10966.838272
18.0,532,10976.389973
29.0,567,10985.117373
22.0,417,10993.124873
30.0,511,11001.710882
15.0,553,11010.523304
24.0,533,11019.438518
8.0,443,11025.897357
30.0,486,11034.287675
24.0,488,11042.820041
28.0,509,11051.51929
30.0,586,11061.753536
28.0,525,11070.380016
11.0,542,11079.405013
7.0,397,11085.899064
25.0,422,11092.65129
31.0,462,11100.925887
36.0,597,11111.57926
26.0,438,11118.232972
21.0,488,11126.517167
30.0,581,11135.518496
17.0,504,11144.000454
2.0,225,11148.03709
19.0,423,11154.437148
27.0,441,11162.935801
27.0,564,11171.707203
15.0,407,11178.253627
27.0,480,11186.615873
26.0,598,11197.291764
15.0,430,11204.048104
28.0,537,11212.805097
26.0,659,11224.930467
27.0,620,11234.556857
30.0,482,11243.312077
29.0,527,11251.826615
22.0,689,11264.278458
8.0,274,11268.644447
16.0,602,11279.180923
30.0,607,11288.740276
23.0,491,11297.282974
29.0,534,11305.825467
32.0,593,11316.385293
18.0,404,11323.140592
25.0,560,11332.056067
18.0,526,11342.458205
32.0,551,11351.309902
22.0,425,11357.972948
35.0,620,11368.581861
19.0,457,11377.142369
28.0,537,11385.711029
14.0,516,11394.487845
24.0,618,11405.566279
4.0,298,11410.432286
5.0,313,11415.0351
24.0,499,11423.637687
25.0,565,11433.982773
30.0,590,11443.28945
13.0,515,11451.813038
23.0,440,11459.92502
15.0,556,11468.672402
9.0,464,11477.056918
14.0,539,11485.698407
11.0,429,11492.350764
11.0,477,11500.874158
23.0,488,11509.314204
31.0,467,11517.68101
27.0,434,11524.376377
13.0,479,11533.27291
35.0,526,11542.044913
27.0,478,11549.025095
9.0,452,11557.217152
31.0,724,11570.175528
25.0,520,11578.874311
26.0,539,11587.418869
15.0,545,11596.1985
3.0,232,11600.17432
19.0,427,11606.80055
23.0,562,11616.962377
13.0,537,11626.059541
19.0,524,11634.326268
10.0,475,11642.534855
19.0,456,11649.411549
15.0,411,11657.124129
32.0,484,11664.296943
31.0,633,11675.024817
16.0,557,11685.587238
23.0,466,11692.393197
25.0,534,11701.063514
29.0,532,11711.228886
9.0,423,11717.799479
33.0,554,11726.725276
10.0,374,11733.229581
24.0,523,11741.709453
23.0,571,11751.996078
17.0,517,11760.386332
26.0,554,11769.424285
30.0,487,11777.804467
14.0,475,11785.943558
23.0,611,11794.951396
8.0,403,11801.579979
13.0,482,11809.856088
15.0,440,11817.843514
30.0,567,11826.667866
26.0,538,11835.923309
31.0,598,11846.379268
25.0,701,11857.32819
27.0,595,11867.953424
23.0,569,11878.311896
28.0,618,11887.33144
25.0,542,11897.73064
12.0,421,11903.936752
29.0,536,11911.967317
8.0,409,11918.219095
24.0,556,11927.629836
2.0,180,11929.841018
26.0,555,11937.770739
12.0,402,11945.066074
23.0,572,11953.236638
32.0,537,11961.683469
24.0,491,11969.570385
14.0,655,11979.423314
7.0,372,11985.205828
25.0,535,11993.632171
7.0,333,11999.487106
28.0,474,12007.039797
16.0,484,12013.420964
34.0,633,12023.575606
12.0,431,12031.15013
26.0,581,12039.493609
25.0,512,12047.110546
26.0,427,12053.158981
27.0,453,12060.668825
27.0,480,12068.349747
8.0,413,12074.30517
21.0,501,12081.991464
5.0,268,12085.909843
18.0,391,12091.764937
9.0,329,12097.605445
26.0,430,12103.812441
8.0,400,12109.622988
11.0,401,12115.950746
26.0,437,12123.393301
30.0,568,12131.637255
9.0,296,12136.187562
24.0,483,12144.11309
31.0,537,12152.328542
30.0,472,12160.06243
10.0,476,12167.889563
32.0,520,12175.669325
29.0,619,12185.754493
27.0,462,12192.046262
18.0,467,12199.876884
16.0,642,12209.500826
31.0,486,12217.18288
21.0,547,12225.195457
9.0,420,12231.203706
23.0,451,12238.848615
21.0,533,12246.999245
12.0,542,12254.885332
20.0,611,12264.959915
27.0,620,12274.443122
17.0,516,12282.276441
38.0,545,12290.143808
11.0,473,12298.088359
25.0,617,12307.584921
27.0,487,12313.982692
27.0,466,12321.639854
38.0,519,12331.4392
19.0,431,12340.521317
26.0,565,12349.397884
4.0,273,12353.786914
23.0,445,12362.618096
8.0,421,12369.27751
28.0,516,12378.486568
22.0,570,12387.872569
30.0,449,12395.975671
18.0,514,12404.845446
10.0,331,12409.545513
29.0,517,12419.189615
23.0,590,12430.222115
19.0,426,12437.963512
12.0,551,12449.090312
19.0,560,12458.845921
20.0,616,12470.229353
7.0,377,12477.481336
27.0,488,12486.241542
22.0,415,12493.535992
21.0,657,12505.372597
3.0,231,12510.075431
21.0,496,12519.251505
12.0,428,12526.386811
6.0,369,12532.875015
14.0,490,12541.637482
25.0,636,12552.72831
28.0,633,12563.897764
22.0,543,12573.101992
23.0,545,12582.513292
21.0,533,12591.207096
7.0,370,12598.642774
28.0,654,12610.196448
12.0,447,12618.855693
34.0,573,12627.93425
6.0,320,12633.979649
29.0,568,12643.182428
8.0,399,12649.861643
27.0,481,12658.628598
8.0,437,12667.104552
32.0,503,12674.284597
29.0,539,12684.480698
13.0,610,12693.81562
12.0,432,12701.850847
23.0,473,12710.723253
16.0,450,12717.516553
26.0,540,12726.064771
16.0,457,12734.935374
19.0,533,12743.882089
25.0,503,12752.6472
29.0,437,12759.732385
16.0,532,12769.078107
34.0,602,12779.892649
20.0,460,12788.558165
32.0,503,12797.626392
32.0,529,12807.582684
10.0,493,12816.309882
8.0,485,12823.352118
27.0,485,12832.590745
18.0,557,12843.560062
30.0,499,12852.064259
8.0,418,12859.028517
30.0,574,12868.119258
28.0,527,12877.40466
28.0,517,12886.405918
