#{"t_start": 1764172218.653898, "env_id": "ALE/Breakout-v5"}
r,l,t
2.0,219,3.211416
2.0,206,7.123896
1.0,183,9.674634
0.0,126,11.665933
0.0,127,13.776529
0.0,125,15.808588
0.0,130,17.818782
1.0,156,20.072396
1.0,172,23.899929
1.0,169,26.422882
1.0,163,28.811672
1.0,173,32.601672
0.0,138,34.766881
0.0,126,36.852012
2.0,183,39.114379
1.0,169,42.812139
1.0,158,44.96562
1.0,158,47.197433
2.0,190,49.750356
2.0,191,53.744038
4.0,269,57.83966
1.0,165,60.134896
1.0,153,63.601907
3.0,230,66.457039
1.0,167,70.418617
4.0,291,74.890682
4.0,270,79.114195
5.0,303,83.602525
1.0,158,87.125318
3.0,227,89.831285
1.0,151,93.340586
3.0,247,97.570943
1.0,153,99.8172
5.0,338,104.556449
2.0,196,108.609312
2.0,192,111.149326
2.0,192,115.061922
3.0,222,119.345526
1.0,171,121.621421
2.0,195,124.11957
3.0,229,128.078059
7.0,254,132.802704
7.0,268,137.30685
4.0,254,141.582148
7.0,271,145.88179
3.0,222,150.11266
7.0,393,156.568546
7.0,258,160.768566
3.0,216,165.036618
2.0,187,167.471316
3.0,227,171.539196
2.0,186,175.364699
11.0,273,179.454649
3.0,223,183.633361
8.0,279,188.559261
2.0,196,191.099763
3.0,226,195.285909
3.0,214,199.391111
7.0,253,203.589622
7.0,254,207.685418
11.0,284,212.060495
3.0,229,216.220575
2.0,188,218.775971
3.0,221,222.996976
2.0,188,225.36205
2.0,179,229.358207
1.0,168,231.654351
2.0,197,235.491481
7.0,251,239.84503
2.0,193,242.212671
3.0,216,246.290538
11.0,277,250.747643
8.0,281,254.918199
4.0,268,259.37159
1.0,150,261.745885
2.0,190,265.616082
7.0,272,269.890448
2.0,194,272.48281
2.0,194,276.356794
7.0,266,280.669713
7.0,269,285.02663
1.0,168,287.303575
7.0,258,291.537844
1.0,168,295.315959
3.0,211,298.164684
2.0,184,302.237398
2.0,186,304.574259
3.0,213,308.494313
11.0,272,312.662481
2.0,182,316.517135
7.0,260,320.871864
1.0,156,323.04783
2.0,184,325.547429
3.0,218,329.594696
3.0,222,333.650422
3.0,215,336.132642
3.0,220,340.246684
3.0,221,344.371464
7.0,268,348.736891
11.0,269,353.041896
5.0,287,357.351537
3.0,237,361.727936
0.0,126,363.687804
1.0,167,366.032344
3.0,212,369.814692
3.0,220,373.98458
11.0,288,378.375492
7.0,252,382.859356
11.0,276,387.043222
7.0,268,391.331912
2.0,194,395.270892
7.0,249,399.303085
7.0,252,403.739038
7.0,248,407.999546
11.0,270,412.524474
2.0,186,414.806878
7.0,249,419.058829
3.0,225,423.062236
2.0,201,425.523414
3.0,213,429.502951
7.0,258,434.111162
7.0,248,438.460033
7.0,250,443.043128
1.0,183,445.453487
7.0,253,449.765418
7.0,255,453.958933
2.0,183,458.064924
2.0,197,460.70943
2.0,192,464.988447
1.0,156,467.28811
3.0,220,471.338238
3.0,216,473.998247
6.0,354,480.006194
7.0,247,484.218087
7.0,249,489.071584
3.0,212,493.495665
7.0,248,497.624727
0.0,125,499.756178
1.0,154,501.908804
1.0,152,504.134431
2.0,191,507.895842
3.0,211,510.66459
5.0,298,516.779869
3.0,225,519.294868
1.0,150,521.710503
0.0,127,523.906379
7.0,248,528.410659
3.0,217,532.47433
3.0,216,536.333822
3.0,214,538.899028
3.0,217,543.024885
2.0,189,547.006064
3.0,225,6755.889479
2.0,207,6762.598372
7.0,247,6767.588605
11.0,283,6773.165149
7.0,257,6778.719825
7.0,254,6784.502413
3.0,216,6789.28063
7.0,254,6794.735952
3.0,240,6799.692281
2.0,181,6802.641046
2.0,179,6807.361414
3.0,232,6810.323549
7.0,267,6815.577353
7.0,251,6820.838479
7.0,252,6826.331364
7.0,249,6831.223115
11.0,284,6838.414887
2.0,179,6841.383601
2.0,183,6844.641174
7.0,243,6850.419777
7.0,264,6855.725375
2.0,189,6860.409409
7.0,261,6865.189414
2.0,193,6868.292187
3.0,221,6872.892908
7.0,273,6877.62492
2.0,186,6882.35157
1.0,161,6885.134843
7.0,254,6889.918857
2.0,189,6892.642226
7.0,255,6897.39237
3.0,239,6902.251241
7.0,251,6907.308676
7.0,253,6912.569381
1.0,165,6915.185274
3.0,215,6920.088797
2.0,182,6924.724051
7.0,258,6929.651558
11.0,289,6934.631227
4.0,260,6939.296578
11.0,287,6944.166446
2.0,189,6949.012054
7.0,252,6954.054884
3.0,221,6957.086527
3.0,221,6961.867431
11.0,278,6966.813358
3.0,211,6971.654339
7.0,260,6976.481841
7.0,263,6981.691154
7.0,248,6986.694977
3.0,226,6991.504837
7.0,268,6996.760952
2.0,182,6999.726587
3.0,238,7004.623497
7.0,252,7010.054764
3.0,227,7014.580434
3.0,220,7017.876235
4.0,260,7023.250781
3.0,213,7028.074652
7.0,247,7033.56665
2.0,187,7038.182361
2.0,204,7041.252863
3.0,219,7046.069489
3.0,223,7051.221452
7.0,252,7055.91084
4.0,266,7060.82768
3.0,222,7064.003402
7.0,260,7069.123145
3.0,216,7074.249932
3.0,223,7079.414261
7.0,267,7084.248504
1.0,155,7087.40241
11.0,279,7093.117593
11.0,289,7099.812829
7.0,251,7104.864327
3.0,218,7108.044408
7.0,252,7113.074606
11.0,307,7120.534658
2.0,181,7123.452211
4.0,289,7128.844301
7.0,264,7133.806572
2.0,185,7138.30687
11.0,281,7143.583687
3.0,228,7148.495238
2.0,180,7151.294347
3.0,234,7156.434235
3.0,221,7161.641639
11.0,281,7166.846153
4.0,251,7171.76334
2.0,197,7174.810805
3.0,238,7179.908511
7.0,249,7184.829971
11.0,282,7190.103616
8.0,293,7196.671036
3.0,224,7199.589932
1.0,157,7203.673483
2.0,190,7206.718377
2.0,182,7211.181007
7.0,253,7216.330841
2.0,187,7219.138988
2.0,184,7222.093956
7.0,251,7226.656531
3.0,210,7231.208339
7.0,250,7236.199112
4.0,257,7241.494137
3.0,218,7245.938046
8.0,281,7251.024101
7.0,245,7256.165499
7.0,253,7261.171039
7.0,253,7265.763049
7.0,265,7271.154947
2.0,190,7273.937461
5.0,314,7280.735962
2.0,192,7283.599375
5.0,303,7290.53198
3.0,216,7293.775917
7.0,250,7299.277026
8.0,301,7306.445109
7.0,258,7311.547686
5.0,312,7317.092161
3.0,229,7321.808793
1.0,156,7324.330406
11.0,280,7329.666691
8.0,301,7337.374971
7.0,264,7342.311733
7.0,253,7347.319983
5.0,311,7352.565833
7.0,250,7357.699544
7.0,244,7362.648606
4.0,272,7367.561244
10.0,362,7375.362616
5.0,292,7380.257338
7.0,391,7387.525252
3.0,268,7392.137943
8.0,296,7398.393343
8.0,295,7402.891885
5.0,351,7409.237924
8.0,453,7416.071958
9.0,461,7424.316116
9.0,351,7430.579304
4.0,266,7434.740141
4.0,294,7439.217472
8.0,287,7443.745756
7.0,251,7447.877617
6.0,342,7454.49197
3.0,226,7458.586667
12.0,337,7463.328018
5.0,303,7469.354467
9.0,340,7473.998129
3.0,216,7477.902507
9.0,348,7484.002589
5.0,295,7488.346006
6.0,332,7494.197904
8.0,292,7498.947443
8.0,276,7503.30777
9.0,347,7509.334992
4.0,271,7513.742842
4.0,256,7518.286519
3.0,215,7522.150543
14.0,398,7528.563401
11.0,399,7534.80829
4.0,259,7538.992394
6.0,364,7545.697378
3.0,220,7548.52778
3.0,211,7552.442708
11.0,513,7560.911002
4.0,272,7565.052429
8.0,468,7573.182516
14.0,392,7579.728218
4.0,266,7584.236144
8.0,388,7590.597884
4.0,323,7595.246721
4.0,261,7599.659746
7.0,259,7605.295092
7.0,259,7609.360209
9.0,353,7614.199078
7.0,261,7618.505112
9.0,475,7626.687874
7.0,356,7633.405806
8.0,308,7638.069385
10.0,356,7644.092579
6.0,323,7650.147619
12.0,336,7655.037281
7.0,408,7661.567802
6.0,366,7667.758896
3.0,232,7671.786309
8.0,279,7676.42015
7.0,379,7682.999742
9.0,336,7689.749649
13.0,458,7696.650141
18.0,501,7705.061656
21.0,736,7717.375035
21.0,395,7723.819379
7.0,401,7730.223001
13.0,474,7738.641378
1.0,149,7740.874278
4.0,263,7745.009333
16.0,593,7755.411627
11.0,422,7761.98867
9.0,351,7767.910517
16.0,664,7778.892443
11.0,271,7782.953356
11.0,550,7791.416543
12.0,321,7797.283011
8.0,296,7801.519125
11.0,278,7805.811011
14.0,540,7816.021584
11.0,388,7822.250473
5.0,319,7826.949566
13.0,473,7835.302474
8.0,396,7841.477324
9.0,480,7849.885685
12.0,555,7858.814949
18.0,371,7865.080186
8.0,420,7872.040841
8.0,403,7878.472706
9.0,345,7884.606256
13.0,358,7890.708695
12.0,311,7895.284146
13.0,649,7906.05343
14.0,482,7914.311844
11.0,271,7918.880695
11.0,539,7927.665048
7.0,360,7934.534557
10.0,485,7943.209315
9.0,439,7951.126369
8.0,410,7957.53943
29.0,633,7969.380098
11.0,392,7975.503133
8.0,378,7981.751533
11.0,547,7990.233302
12.0,424,7996.848622
11.0,511,8005.632528
7.0,415,8012.017017
4.0,257,8016.216049
11.0,398,8023.958858
6.0,342,8028.673497
9.0,472,8036.926646
3.0,212,8040.975441
9.0,313,8045.439176
16.0,575,8055.702042
5.0,316,8060.33184
7.0,379,8066.713757
9.0,415,8073.077378
5.0,299,8079.139627
15.0,413,8085.499895
8.0,419,8091.98936
11.0,390,8098.387861
16.0,332,8104.505748
6.0,365,8110.974616
25.0,431,8117.775207
14.0,521,8126.181178
20.0,468,8134.383251
8.0,469,8140.847541
14.0,365,8146.960539
5.0,309,8152.830612
17.0,359,8157.489702
10.0,499,8166.241352
11.0,398,8172.788932
11.0,519,8181.147023
19.0,454,8189.515172
13.0,644,8200.347801
23.0,624,8210.694695
14.0,533,8219.368451
25.0,502,8227.750875
22.0,560,8237.193828
23.0,574,8247.673763
21.0,493,8256.137783
13.0,319,8260.687387
13.0,339,8266.837855
26.0,454,8273.40836
29.0,543,8283.267669
6.0,376,8290.121931
10.0,463,8296.926408
15.0,561,8306.873308
8.0,294,8311.319058
26.0,442,8317.951382
11.0,610,8328.762871
27.0,461,8336.862384
21.0,395,8343.483576
17.0,496,8351.999951
25.0,586,8360.68745
21.0,661,8371.393902
19.0,474,8379.7452
7.0,402,8386.359149
9.0,421,8394.406869
9.0,493,8401.625497
19.0,567,8411.582174
21.0,476,8420.200415
16.0,700,8431.300498
18.0,575,8440.20063
27.0,492,8448.521152
9.0,454,8456.828109
18.0,525,8465.598329
30.0,465,8473.8463
26.0,585,8483.00242
29.0,549,8491.725663
9.0,310,8497.818773
20.0,462,8506.952211
22.0,442,8517.259961
29.0,694,8530.569824
3.0,217,8535.910254
26.0,551,8546.142759
16.0,534,8558.095259
29.0,654,8570.905192
28.0,617,8582.497208
14.0,508,8593.392561
28.0,629,8605.57805
22.0,436,8615.178745
8.0,419,8623.143575
8.0,430,8630.705813
25.0,638,8643.234461
39.0,535,8654.474286
11.0,595,8665.23414
30.0,620,8677.930793
10.0,502,8687.682791
6.0,344,8694.845952
8.0,442,8702.95724
29.0,508,8712.707742
29.0,446,8722.628167
35.0,546,8732.387694
26.0,588,8742.779421
25.0,524,8754.576898
25.0,591,8765.298792
26.0,472,8774.958808
23.0,606,8787.46891
21.0,540,8797.328106
15.0,592,8807.801802
23.0,605,8819.858634
11.0,517,8829.712513
14.0,624,8842.228901
29.0,531,8852.159756
38.0,648,8865.190269
27.0,645,8877.504021
34.0,579,8889.470013
29.0,702,8902.044463
20.0,484,8912.272946
31.0,483,8922.065321
14.0,543,8932.236611
23.0,592,8944.730323
23.0,612,8956.922
31.0,634,8967.569533
14.0,523,8979.102522
22.0,422,8986.564462
38.0,527,8996.407554
14.0,383,9004.147148
10.0,356,9011.772478
21.0,399,9018.822428
23.0,591,9029.180901
11.0,396,9038.909354
19.0,452,9046.522877
20.0,361,9053.894293
22.0,437,9062.224348
28.0,476,9072.236729
22.0,453,9081.734746
11.0,374,9089.127018
10.0,491,9096.910428
14.0,495,9106.397997
24.0,762,9121.139782
7.0,407,9128.481807
27.0,593,9142.389489
27.0,493,9152.28509
26.0,441,9160.1034
6.0,324,9167.256334
2.0,197,9169.92735
20.0,469,9179.444074
5.0,308,9184.599826
20.0,472,9193.888804
26.0,577,9206.398948
22.0,552,9216.25295
20.0,600,9229.419319
5.0,317,9234.597191
6.0,323,9241.396979
29.0,544,9251.536089
25.0,515,9260.009941
29.0,549,9268.841329
21.0,513,9277.583694
18.0,673,9288.249771
10.0,386,9294.715562
22.0,437,9302.859574
8.0,443,9309.77197
21.0,619,9319.929554
18.0,558,9330.171097
15.0,408,9336.664587
23.0,570,9345.495371
25.0,506,9353.930696
20.0,479,9362.468356
11.0,382,9368.860575
12.0,431,9375.336412
29.0,549,9383.620938
26.0,577,9394.235276
29.0,651,9404.670544
23.0,452,9412.879022
29.0,558,9421.523988
9.0,482,9429.746958
27.0,762,9443.112594
22.0,408,9449.63466
29.0,537,9458.298551
26.0,601,9468.665745
19.0,429,9475.365514
21.0,484,9484.093644
20.0,818,9497.873151
22.0,567,9508.085361
21.0,636,9518.541138
17.0,650,9529.168391
30.0,493,9537.575238
12.0,545,9546.724665
13.0,479,9555.187892
24.0,479,9562.285564
29.0,542,9572.239701
18.0,527,9580.884051
7.0,376,9587.048579
14.0,619,9595.948455
13.0,453,9604.150587
27.0,461,9613.418681
6.0,332,9618.936057
9.0,489,9629.113089
13.0,423,9637.285768
13.0,469,9647.347211
32.0,509,9657.291047
5.0,325,9664.791183
29.0,550,9675.459564
24.0,620,9688.851485
27.0,598,9698.742401
18.0,428,9708.170114
12.0,437,9715.746086
28.0,617,9728.391251
25.0,512,9739.032359
10.0,357,9747.126762
26.0,429,9754.794147
10.0,515,9764.98334
13.0,640,9777.977386
5.0,297,9783.404904
23.0,448,9792.686674
25.0,516,9802.733999
29.0,559,9812.977899
4.0,268,9818.021975
28.0,646,9830.669525
29.0,575,9842.615353
16.0,585,9854.948114
17.0,534,9865.640737
17.0,472,9873.346837
18.0,561,9885.732183
34.0,547,9896.185212
14.0,579,9908.836531
16.0,464,9917.121589
8.0,444,9926.604164
4.0,280,9931.722321
14.0,618,9944.433742
6.0,362,9950.356626
30.0,476,9960.220424
10.0,368,9968.334123
24.0,501,9977.922843
24.0,501,9987.59525
7.0,404,9996.088132
19.0,449,10006.447954
29.0,434,10014.471766
16.0,459,10023.937969
9.0,421,10032.069025
28.0,506,10043.272946
11.0,536,10053.325663
7.0,398,10060.499188
25.0,554,10070.569613
15.0,581,10082.983416
18.0,541,10094.075403
10.0,449,10103.828192
9.0,430,10111.785435
28.0,508,10122.056558
21.0,475,10132.538959
31.0,479,10140.463604
31.0,509,10150.921036
18.0,543,10162.769485
19.0,758,10177.942984
18.0,390,10186.21769
28.0,480,10194.143402
23.0,470,10203.884292
20.0,483,10214.190651
23.0,454,10222.332802
10.0,355,10229.83243
29.0,501,10240.126123
24.0,501,10249.089611
23.0,443,10255.796801
26.0,463,10264.361657
30.0,469,10272.789942
30.0,454,10279.692979
27.0,499,10288.577716
10.0,506,10297.149046
13.0,606,10307.591647
14.0,506,10316.028363
12.0,572,10325.132582
13.0,606,10335.800586
26.0,438,10342.737147
26.0,569,10355.407561
24.0,650,10367.767642
26.0,510,10377.372545
30.0,599,10389.541962
11.0,427,10397.515378
28.0,519,10407.814536
23.0,602,10419.717388
20.0,481,10427.996386
21.0,660,10442.817575
24.0,530,10453.565468
20.0,470,10461.202781
20.0,510,10471.71991
20.0,492,10481.847212
19.0,561,10493.933866
26.0,427,10502.011439
27.0,481,10512.530991
27.0,606,10525.316487
18.0,524,10535.847534
29.0,447,10544.090976
29.0,563,10554.092032
10.0,396,10564.065976
11.0,378,10571.559896
23.0,565,10582.287048
17.0,487,10591.914731
27.0,505,10602.086621
3.0,248,10607.578846
17.0,486,10616.043592
25.0,419,10625.141457
23.0,634,10638.247748
20.0,604,10648.755268
2.0,195,10653.804786
3.0,225,10658.422337
23.0,577,10668.6505
25.0,574,10680.707
20.0,605,10691.769789
21.0,561,10703.792224
15.0,561,10713.886594
4.0,271,10718.667578
23.0,464,10728.183839
19.0,458,10735.969255
7.0,372,10743.266327
8.0,431,10752.370811
9.0,301,10757.26131
7.0,359,10764.57237
6.0,380,10771.978595
7.0,396,10779.311174
21.0,402,10787.043452
29.0,441,10796.485951
24.0,497,10804.764047
12.0,461,10813.932593
9.0,436,10821.758383
20.0,527,10834.17807
12.0,298,10839.840557
22.0,423,10847.345968
20.0,608,10860.120904
14.0,548,10870.18375
26.0,543,10880.058146
20.0,568,10892.431807
7.0,374,10899.930798
27.0,483,10909.398224
8.0,405,10916.529904
6.0,341,10921.93854
24.0,491,10932.326763
16.0,478,10942.011782
14.0,646,10954.201132
9.0,418,10962.106101
24.0,521,10972.614987
27.0,500,10980.89643
10.0,514,10989.21362
15.0,424,10997.428058
7.0,366,11002.347766
20.0,639,11013.234026
23.0,470,11021.524291
15.0,536,11029.938561
27.0,607,11040.493047
31.0,504,11049.29941
25.0,583,11059.680339
25.0,417,11066.223053
25.0,417,11072.924585
10.0,354,11079.329489
13.0,583,11088.24
21.0,396,11094.896221
22.0,498,11103.377512
20.0,476,11111.870312
12.0,311,11117.861276
26.0,434,11124.539283
26.0,450,11131.121403
14.0,511,11139.80967
13.0,351,11145.99178
8.0,381,11152.227172
12.0,467,11160.440724
3.0,234,11164.881075
28.0,651,11175.652115
22.0,559,11184.29982
16.0,555,11193.405322
29.0,545,11203.632791
9.0,402,11210.285725
10.0,530,11218.806554
6.0,385,11225.169608
8.0,428,11231.777185
29.0,512,11241.196559
19.0,422,11249.254748
18.0,555,11258.074942
16.0,453,11264.765001
15.0,561,11275.000268
10.0,476,11283.671351
15.0,433,11290.868064
22.0,413,11297.340096
31.0,577,11307.668057
27.0,647,11318.486864
25.0,503,11327.16299
27.0,493,11336.016947
29.0,741,11347.373711
19.0,559,11357.564768
6.0,343,11362.368197
16.0,474,11370.924284
15.0,564,11379.739711
19.0,474,11388.183695
11.0,371,11394.665406
9.0,322,11401.227119
13.0,328,11405.983533
22.0,378,11412.746881
19.0,575,11423.139378
22.0,531,11431.817012
28.0,491,11440.715504
14.0,637,11451.291592
15.0,533,11459.861757
22.0,431,11466.488468
17.0,491,11475.008072
22.0,430,11481.659997
21.0,667,11492.463217
23.0,444,11500.818099
13.0,517,11509.408881
12.0,427,11516.216125
26.0,459,11524.406373
15.0,457,11531.162332
26.0,451,11540.041622
28.0,514,11548.751251
26.0,546,11557.40254
28.0,483,11565.894597
22.0,586,11576.656651
21.0,637,11587.21164
24.0,464,11593.989805
19.0,704,11606.423976
17.0,618,11616.836477
14.0,545,11625.999394
15.0,547,11634.38677
24.0,529,11642.849899
30.0,458,11651.184265
9.0,451,11657.75793
22.0,434,11666.019837
29.0,544,11674.871413
9.0,465,11683.527404
15.0,527,11692.036401
8.0,422,11698.670604
31.0,487,11707.088019
27.0,619,11717.656349
22.0,608,11726.871728
21.0,686,11739.29735
30.0,602,11748.306239
20.0,474,11756.574978
30.0,467,11764.937731
27.0,416,11771.547843
21.0,495,11780.005996
15.0,511,11788.410216
19.0,714,11800.946793
19.0,399,11807.284223
29.0,672,11817.98688
11.0,485,11826.394514
18.0,408,11833.292272
33.0,572,11842.26526
18.0,410,11850.35631
29.0,510,11858.897146
32.0,540,11867.717324
31.0,534,11876.240273
23.0,500,11884.783756
23.0,448,11891.861356
18.0,514,11900.187861
7.0,362,11906.072416
19.0,433,11913.644595
10.0,375,11918.358524
26.0,539,11927.679188
26.0,553,11935.67276
24.0,478,11943.240636
22.0,613,11952.972265
16.0,445,11959.478432
9.0,449,11967.160553
25.0,515,11975.108984
21.0,534,11983.163702
3.0,246,11987.026001
4.0,278,11991.313538
3.0,211,11993.78694
29.0,512,12001.805617
29.0,548,12011.093223
15.0,647,12021.174213
25.0,509,12029.380241
33.0,578,12037.535245
8.0,375,12043.303604
20.0,508,12051.047386
31.0,567,12060.394767
19.0,446,12066.532779
33.0,483,12074.218673
32.0,533,12082.069329
9.0,437,12088.098232
37.0,492,12095.991395
21.0,492,12103.919596
17.0,516,12111.694093
31.0,476,12119.536398
18.0,542,12127.627934
23.0,445,12135.680723
21.0,489,12142.271038
22.0,425,12150.005641
13.0,496,12157.703036
14.0,384,12163.707878
16.0,548,12171.906499
14.0,496,12179.654085
37.0,492,12187.679961
15.0,529,12195.70969
19.0,425,12201.892103
23.0,447,12209.259178
26.0,564,12217.382075
18.0,599,12226.863288
25.0,490,12233.245915
4.0,302,12238.841603
19.0,571,12247.191226
12.0,421,12254.489303
24.0,600,12263.103255
19.0,429,12270.440904
23.0,573,12278.406353
19.0,421,12284.568718
28.0,508,12292.650021
28.0,503,12300.25621
31.0,757,12311.914685
33.0,562,12321.315978
17.0,489,12329.507277
12.0,457,12338.615672
29.0,538,12347.566197
29.0,544,12356.577729
24.0,490,12365.219207
9.0,407,12371.941893
29.0,652,12385.065531
25.0,498,12392.13972
16.0,607,12403.011784
14.0,487,12411.532974
19.0,431,12419.100605
11.0,427,12427.594796
25.0,511,12437.356746
24.0,647,12449.10927
22.0,420,12456.71808
28.0,481,12465.628988
24.0,494,12475.091659
4.0,267,12479.595372
26.0,446,12486.647257
15.0,548,12496.634661
20.0,588,12507.640446
4.0,245,12512.536897
25.0,587,12523.898677
13.0,614,12533.158436
18.0,687,12546.166535
11.0,385,12552.733844
13.0,481,12560.02778
23.0,477,12568.476302
25.0,517,12577.936374
13.0,326,12584.326005
16.0,553,12593.803063
25.0,487,12603.250307
19.0,527,12612.189026
33.0,578,12622.936726
6.0,329,12627.80736
17.0,453,12636.169754
22.0,537,12645.036645
31.0,513,12653.88191
32.0,553,12663.173476
28.0,498,12671.957975
10.0,344,12678.136434
26.0,543,12686.846329
24.0,480,12695.369929
32.0,692,12706.513639
19.0,502,12715.436265
31.0,593,12725.657975
19.0,561,12735.214236
8.0,385,12741.719082
21.0,472,12750.489076
35.0,585,12759.775487
7.0,352,12766.464236
7.0,346,12773.098615
18.0,633,12783.856065
10.0,344,12789.023947
24.0,620,12800.796637
13.0,454,12809.818561
18.0,507,12818.580701
31.0,669,12830.21872
14.0,502,12839.133991
25.0,529,12848.21097
28.0,620,12859.148921
30.0,554,12868.111521
43.0,532,12877.438439
