#{"t_start": 1764127424.7115715, "env_id": "ALE/Breakout-v5"}
r,l,t
0.0,132,3.997625
1.0,194,6.824925
1.0,169,9.507083
4.0,300,15.990729
0.0,124,18.0416
4.0,295,22.957167
2.0,207,27.016833
5.0,340,32.011052
6.0,376,38.532146
2.0,200,42.765025
2.0,204,45.547517
2.0,196,50.180559
2.0,221,54.50929
5.0,349,59.28114
4.0,300,66.491838
2.0,215,69.014304
2.0,207,73.406973
2.0,204,77.905731
3.0,244,81.056621
3.0,246,86.296533
3.0,247,90.836148
3.0,244,95.106255
3.0,249,99.514549
4.0,275,104.517513
3.0,244,108.867212
3.0,243,113.453976
2.0,197,117.619739
2.0,196,120.208195
2.0,196,124.467916
2.0,195,126.962874
2.0,199,131.015366
1.0,150,133.339606
2.0,195,137.688454
2.0,196,140.185684
2.0,202,144.335688
2.0,196,147.096228
3.0,244,151.252465
3.0,248,155.695768
2.0,196,159.794498
3.0,246,162.533571
2.0,195,166.778895
5.0,328,172.984946
3.0,248,175.896351
2.0,196,179.765718
3.0,247,184.788103
3.0,245,189.610146
3.0,245,194.266992
2.0,200,196.896709
2.0,196,201.620332
2.0,195,204.334617
3.0,243,208.939576
3.0,269,213.173619
3.0,247,217.566446
3.0,248,222.020532
3.0,252,226.824759
2.0,199,231.364761
3.0,245,235.618073
3.0,245,239.921115
3.0,245,244.208641
5.0,347,248.955689
2.0,200,253.00287
2.0,195,255.407317
2.0,196,259.555141
2.0,195,262.276227
3.0,245,266.505197
3.0,243,270.792044
4.0,296,275.345924
3.0,245,279.828995
2.0,196,284.652037
2.0,201,287.744856
2.0,195,292.636684
4.0,296,297.392301
2.0,195,301.168355
3.0,245,305.62158
3.0,246,310.175024
2.0,198,312.85412
3.0,243,317.227902
3.0,244,321.682431
2.0,197,325.829042
2.0,198,329.001927
2.0,195,333.40436
4.0,318,338.360032
2.0,200,342.640351
2.0,199,345.405397
3.0,245,349.791788
2.0,219,354.014534
2.0,198,356.54439
2.0,196,361.015729
2.0,195,363.554771
3.0,245,367.771318
2.0,198,372.220987
2.0,196,374.766256
3.0,246,379.023978
2.0,196,383.054051
2.0,195,385.693193
3.0,254,390.030704
2.0,196,394.244956
3.0,227,398.492425
2.0,195,401.188897
3.0,244,405.749814
4.0,273,410.454692
2.0,198,414.587821
4.0,296,419.407582
2.0,196,423.364778
2.0,196,426.026665
3.0,247,430.412533
2.0,201,434.834982
2.0,198,437.621834
4.0,272,442.47782
2.0,198,446.46109
3.0,245,451.605923
3.0,245,455.970637
6.0,380,463.002545
2.0,197,465.968561
3.0,245,470.469606
3.0,245,475.729989
2.0,196,480.044578
3.0,252,484.258034
2.0,196,486.906543
3.0,245,491.119814
3.0,246,495.491787
3.0,244,499.677328
3.0,254,504.050403
3.0,243,508.40015
3.0,248,513.141357
2.0,197,515.506907
2.0,195,519.919471
3.0,249,524.278297
3.0,245,529.177972
3.0,244,533.771956
2.0,195,536.217568
3.0,244,540.718939
4.0,299,545.320756
2.0,195,549.502388
2.0,195,552.427206
2.0,200,556.839765
2.0,195,559.741623
4.0,295,565.717112
2.0,199,568.299901
4.0,273,573.026066
2.0,195,577.651826
3.0,246,582.426317
4.0,258,587.000865
2.0,195,589.551444
2.0,221,593.90335
2.0,197,598.152728
2.0,195,600.622633
2.0,195,604.744063
3.0,244,609.560495
2.0,198,612.159122
2.0,197,616.234211
2.0,195,618.738238
2.0,195,623.345701
3.0,230,627.627333
2.0,196,630.122551
1.0,169,632.763313
2.0,203,636.744914
5.0,328,643.938754
2.0,207,646.713023
5.0,335,653.350591
2.0,202,656.492069
3.0,252,661.206955
2.0,196,665.398925
3.0,254,670.080893
3.0,245,674.823248
3.0,267,679.392836
4.0,293,683.633753
4.0,294,687.781915
3.0,245,691.753772
4.0,273,695.815869
4.0,297,701.367081
3.0,245,705.247912
2.0,195,707.665376
3.0,246,711.467004
5.0,306,717.009716
3.0,266,721.260615
6.0,389,727.396214
2.0,208,729.911624
2.0,202,733.631212
5.0,336,738.073308
4.0,280,743.456391
5.0,347,747.786273
3.0,244,751.493229
2.0,196,755.282593
2.0,196,757.546677
3.0,245,761.438097
2.0,196,765.001342
3.0,245,768.750612
7.0,412,774.674654
2.0,200,778.262139
4.0,272,782.250106
3.0,228,784.620886
2.0,195,788.295379
3.0,232,791.947545
3.0,252,795.858242
3.0,249,800.020633
2.0,196,802.289829
2.0,195,805.852017
3.0,228,808.229218
2.0,199,811.881523
3.0,224,815.582142
4.0,274,819.561208
2.0,195,821.745792
3.0,244,825.849017
4.0,259,830.161577
3.0,237,833.933786
3.0,229,837.815143
2.0,195,841.633862
3.0,233,844.102244
4.0,260,848.175926
5.0,328,853.661936
9.0,330,859.482313
3.0,233,861.913233
2.0,183,865.63344
6.0,337,870.016625
6.0,349,875.621029
5.0,299,879.590078
4.0,291,885.701899
3.0,227,889.546611
5.0,329,894.06445
6.0,331,899.820819
6.0,343,904.132671
6.0,384,909.896636
9.0,446,917.278535
6.0,336,921.564522
7.0,355,927.703288
4.0,266,931.791293
9.0,435,939.586262
5.0,298,943.619587
7.0,360,949.416106
7.0,369,955.462427
2.0,179,957.670379
5.0,293,961.711582
9.0,443,969.008086
8.0,412,975.227462
13.0,474,982.709296
11.0,515,990.492699
9.0,446,997.827715
6.0,351,1006.029173
7.0,376,1013.835714
6.0,420,1022.277482
9.0,428,1031.447276
5.0,300,1036.232439
8.0,428,1043.315291
7.0,370,1050.289926
8.0,394,1057.105016
8.0,406,1064.003066
5.0,310,1070.941754
5.0,298,1075.518801
11.0,523,1084.37738
4.0,245,1088.615415
16.0,627,1100.043943
7.0,371,1106.488341
8.0,424,1113.337047
9.0,349,1119.460781
9.0,468,1128.6555
8.0,395,1135.586402
9.0,327,1140.599951
4.0,278,1146.335794
7.0,379,1151.387497
7.0,374,1158.401665
23.0,692,1172.175827
10.0,539,1181.356835
5.0,310,1186.647955
9.0,455,1195.521829
11.0,282,1200.117177
8.0,464,1208.682634
16.0,448,1216.008862
6.0,334,1222.192918
8.0,390,1229.102765
5.0,317,1234.077502
10.0,499,1243.81892
11.0,571,1255.423347
10.0,404,1262.196219
12.0,469,1271.573805
5.0,316,1276.636568
16.0,458,1285.371513
7.0,414,1292.398132
8.0,414,1299.579747
18.0,589,1310.67768
14.0,425,1317.558574
8.0,451,1326.369345
17.0,638,1337.685325
9.0,450,1345.063886
12.0,555,1355.214788
10.0,476,1363.570442
20.0,679,1376.129881
11.0,412,1384.745815
15.0,586,1394.590036
11.0,363,1401.438278
12.0,487,1410.10029
13.0,602,1421.225291
11.0,522,1431.534232
5.0,331,1436.397739
15.0,574,1447.165756
8.0,458,1454.796834
3.0,214,1459.143479
12.0,435,1465.941851
6.0,345,1472.511487
10.0,361,1478.701105
8.0,414,1486.076197
14.0,575,1497.20606
4.0,267,1501.855532
15.0,462,1510.065105
15.0,581,1521.577862
17.0,487,1530.941779
15.0,558,1540.647974
6.0,328,1547.333321
6.0,344,1552.557281
5.0,293,1559.071442
8.0,278,1564.203324
12.0,574,1573.851812
7.0,379,1580.499109
4.0,260,1584.891011
4.0,249,1589.78828
20.0,493,1598.958542
16.0,569,1608.685788
10.0,366,1615.537582
6.0,335,1621.942468
10.0,499,1629.9122
10.0,500,1638.173932
7.0,374,1643.981784
8.0,287,1648.120506
9.0,486,1655.870878
10.0,462,1662.222266
21.0,604,1671.970186
7.0,253,1675.819781
10.0,521,1683.795671
12.0,590,1693.310372
12.0,590,1701.742188
12.0,496,1709.521456
10.0,494,1717.436155
12.0,589,1727.750474
9.0,500,1735.861192
20.0,478,1742.350051
16.0,602,1752.211666
21.0,643,1763.218226
10.0,344,1768.894849
22.0,679,1779.001525
11.0,548,1787.592869
12.0,536,1795.646746
8.0,449,1803.333392
15.0,591,1812.835562
8.0,381,1818.835504
8.0,408,1824.890307
12.0,542,1833.057786
9.0,455,1840.608899
18.0,422,1846.704087
12.0,450,1852.997446
7.0,386,1858.981192
13.0,604,1869.496052
8.0,408,1875.560645
10.0,473,1883.344143
6.0,335,1889.03834
12.0,433,1895.468898
7.0,388,1901.339652
18.0,611,1911.382453
13.0,485,1919.319313
4.0,246,1921.912673
27.0,511,1929.849638
19.0,701,1941.483492
13.0,620,1951.12707
11.0,525,1959.419283
15.0,552,1967.653913
15.0,560,1977.15244
20.0,643,1987.018389
27.0,718,1997.40775
9.0,445,2004.959688
21.0,564,2013.048391
15.0,626,2023.088866
15.0,661,2033.601315
4.0,287,2037.571219
26.0,479,2045.316233
15.0,540,2053.749629
14.0,651,2063.777043
9.0,479,2071.403457
23.0,612,2081.080432
10.0,420,2088.255568
22.0,576,2097.998922
15.0,437,2104.153386
21.0,622,2113.77885
26.0,464,2121.675244
16.0,616,2130.070322
25.0,692,2141.831664
24.0,659,2152.03355
6.0,355,2157.752335
23.0,613,2167.670493
15.0,426,2173.819596
14.0,643,2183.66192
8.0,420,2189.575526
11.0,488,2197.487458
8.0,372,2203.259518
22.0,581,2211.487527
19.0,453,2219.224886
16.0,623,2229.774664
10.0,464,2238.197756
15.0,402,2244.222309
28.0,737,2254.774457
12.0,430,2262.357631
24.0,635,2272.575577
28.0,1084,2288.821766
22.0,421,2294.822695
10.0,365,2300.743691
20.0,639,2310.637742
15.0,427,2318.410399
13.0,578,2327.052777
7.0,376,2333.214254
18.0,570,2342.976464
23.0,675,2353.305695
4.0,261,2357.22829
16.0,468,2365.068535
12.0,407,2371.274038
15.0,462,2377.481686
8.0,426,2385.779438
10.0,375,2391.750907
5.0,315,2395.972921
12.0,604,2405.743549
28.0,697,2416.113981
21.0,694,2428.188379
14.0,388,2434.221477
11.0,426,2440.596214
11.0,501,2448.612975
12.0,530,2456.673167
7.0,371,2462.721124
3.0,211,2466.406645
8.0,397,2472.481824
14.0,405,2478.834345
24.0,517,2486.712058
25.0,584,2495.185012
10.0,403,2502.491583
11.0,382,2508.450096
14.0,525,2516.436307
12.0,319,2520.66615
9.0,472,2528.31715
18.0,552,2536.339782
9.0,475,2544.215842
9.0,347,2550.036437
7.0,360,2554.552365
13.0,468,2562.273036
17.0,629,2572.428131
6.0,336,2578.338276
7.0,266,2582.326491
15.0,392,2588.960892
5.0,289,2593.107559
14.0,381,2598.895924
6.0,347,2604.81148
14.0,411,2610.834562
10.0,370,2616.614222
19.0,648,2626.70654
13.0,357,2632.914956
13.0,444,2639.193853
13.0,353,2644.91081
4.0,263,2648.85176
9.0,360,2654.904629
12.0,446,2661.223597
23.0,590,2671.041023
21.0,766,2683.2275
22.0,463,2689.90925
25.0,561,2699.33141
17.0,476,2707.3757
9.0,440,2713.501779
18.0,670,2723.640003
13.0,579,2733.228764
23.0,449,2739.527281
10.0,457,2747.035898
21.0,627,2757.129623
8.0,415,2763.243849
8.0,420,2769.325301
9.0,477,2776.883347
16.0,592,2786.392157
13.0,604,2794.854304
22.0,507,2802.956612
19.0,469,2811.130301
15.0,442,2817.390318
18.0,565,2827.179034
10.0,471,2833.438203
26.0,579,2843.422792
14.0,664,2853.561157
15.0,525,2861.585677
19.0,415,2869.026149
11.0,556,2877.351875
18.0,568,2885.549282
15.0,414,2893.175084
16.0,577,2901.346642
16.0,453,2909.14992
17.0,378,2915.299245
7.0,362,2919.781969
24.0,624,2929.821799
22.0,453,2937.61295
14.0,632,2948.097857
16.0,466,2954.714741
10.0,485,2962.877817
22.0,555,2972.249872
7.0,368,2976.690132
16.0,631,2986.959716
5.0,330,2992.960362
6.0,373,2999.113709
25.0,504,3007.042035
23.0,588,3015.394073
15.0,644,3025.811001
15.0,579,3035.684633
20.0,459,3041.948411
29.0,576,3051.741235
17.0,508,3059.645108
17.0,483,3067.45484
17.0,661,3077.915118
12.0,455,3084.916528
16.0,609,3094.820683
19.0,684,3106.824875
15.0,628,3115.85708
17.0,503,3123.641309
15.0,436,3131.309971
11.0,534,3139.375098
18.0,541,3147.483046
25.0,556,3156.949001
22.0,564,3165.205216
3.0,239,3169.250499
20.0,715,3179.878906
20.0,501,3187.557933
16.0,448,3195.348106
23.0,598,3203.549901
14.0,561,3213.142605
27.0,533,3221.045061
15.0,551,3230.211504
13.0,626,3240.324004
11.0,394,3246.287443
19.0,459,3254.194599
16.0,438,3260.386692
9.0,314,3266.031475
24.0,665,3276.228443
20.0,500,3284.811104
8.0,460,3291.26673
10.0,499,3299.117686
5.0,315,3304.843572
7.0,390,3310.828042
7.0,388,3317.157422
7.0,407,3323.248451
20.0,482,3331.143384
15.0,662,3341.06495
14.0,519,3349.02991
13.0,594,3358.676331
12.0,450,3364.800076
10.0,526,3372.574533
20.0,700,3384.233214
20.0,536,3392.388944
9.0,467,3399.973629
15.0,523,3407.890308
10.0,505,3416.628572
15.0,594,3424.894915
24.0,492,3432.912478
22.0,439,3440.437855
26.0,602,3448.953502
9.0,437,3456.400564
5.0,312,3460.823863
24.0,506,3468.970489
11.0,386,3475.103224
10.0,565,3485.338055
24.0,490,3492.461051
12.0,318,3498.129314
17.0,623,3508.096823
8.0,400,3514.297586
29.0,572,3522.608183
26.0,472,3531.009036
20.0,475,3539.139949
19.0,443,3545.424487
22.0,431,3552.874727
26.0,458,3559.145178
8.0,361,3564.803072
22.0,536,3572.714744
23.0,586,3582.821685
28.0,632,3593.257463
11.0,390,3599.302065
19.0,443,3605.442924
23.0,576,3615.064534
22.0,425,3621.3949
25.0,542,3629.44712
15.0,429,3636.942266
17.0,670,3647.179579
17.0,372,3653.113342
28.0,624,3663.182395
29.0,561,3671.378642
17.0,558,3679.65522
25.0,416,3687.345241
29.0,559,3695.796261
11.0,421,3701.92446
5.0,312,3707.660535
15.0,413,3713.822971
10.0,473,3721.970708
26.0,713,3732.420439
31.0,602,3742.401067
6.0,315,3746.561304
4.0,248,3750.524108
4.0,246,3754.562928
20.0,472,3762.248537
26.0,591,3770.581145
19.0,439,3778.536408
30.0,708,3789.088188
18.0,402,3796.607865
21.0,546,3804.798319
8.0,395,3810.995167
9.0,475,3820.076775
25.0,421,3827.966249
22.0,649,3840.776346
14.0,668,3853.169498
11.0,491,3863.701686
11.0,479,3872.973392
7.0,349,3878.503967
19.0,449,3887.976073
25.0,609,3899.504501
25.0,544,3908.523421
25.0,535,3917.961035
25.0,545,3928.414144
23.0,457,3937.9529
20.0,640,3950.66979
28.0,546,3959.764874
10.0,461,3969.020438
19.0,436,3976.348756
25.0,492,3986.126416
25.0,545,3995.63455
23.0,487,4004.689499
26.0,562,4016.014987
22.0,429,4023.38901
23.0,473,4033.04056
25.0,518,4042.279356
23.0,587,4052.523942
5.0,296,4059.186113
6.0,328,4064.143136
10.0,495,4074.76899
6.0,319,4080.7529
10.0,439,4090.19351
27.0,477,4099.344231
24.0,589,4109.833914
5.0,282,4114.545635
21.0,396,4123.221251
24.0,510,4132.910272
5.0,310,4137.95204
12.0,426,4144.684374
6.0,356,4151.354502
22.0,660,4163.27237
26.0,453,4172.649039
10.0,335,4177.624862
6.0,363,4184.768288
24.0,605,4195.783126
30.0,485,4205.051667
6.0,317,4210.320481
10.0,457,4219.678105
21.0,505,4229.422256
24.0,496,4239.346317
9.0,454,4246.771101
27.0,452,4255.37537
9.0,307,4260.245881
3.0,228,4264.994991
9.0,441,4272.580798
12.0,417,4281.312215
6.0,354,4286.348202
5.0,305,4292.809242
12.0,580,4302.679906
21.0,509,4311.665015
24.0,499,4320.995751
19.0,728,4334.585352
18.0,683,4346.59205
19.0,574,4357.841559
27.0,463,4365.045159
6.0,352,4371.573713
22.0,409,4378.334158
17.0,609,4389.760554
13.0,472,4398.460317
22.0,496,4407.860628
22.0,573,4418.436297
12.0,432,4425.976345
9.0,445,4435.49797
27.0,603,4446.748092
17.0,704,4457.501894
27.0,597,4467.470939
8.0,393,4473.658084
16.0,537,4482.39294
24.0,500,4490.621191
26.0,425,4496.895312
26.0,456,4504.980962
18.0,648,4515.052284
24.0,613,4525.316451
26.0,487,4531.927326
15.0,526,4541.788524
26.0,561,4550.307355
24.0,471,4558.268683
29.0,673,4568.439466
30.0,676,4578.669138
12.0,447,4586.595395
17.0,499,4594.582307
12.0,417,4600.906507
26.0,548,4609.355018
20.0,458,4617.319057
20.0,476,4623.86769
30.0,563,4634.092616
7.0,375,4640.169916
11.0,503,4648.348257
20.0,590,4656.690432
10.0,481,4664.452735
9.0,387,4670.716776
15.0,527,4678.730121
12.0,528,4687.070724
5.0,291,4692.727242
21.0,505,4699.585591
15.0,489,4707.839514
19.0,436,4715.549063
28.0,518,4723.568791
10.0,450,4730.546438
26.0,462,4738.264524
33.0,674,4748.600711
21.0,586,4758.418447
32.0,638,4768.708412
6.0,314,4773.254998
27.0,461,4781.09001
27.0,476,4788.242656
23.0,473,4796.034498
25.0,541,4804.623744
11.0,372,4810.502051
27.0,478,4818.446152
11.0,488,4826.55873
7.0,368,4832.478649
27.0,460,4838.73553
14.0,500,4846.657442
17.0,371,4852.958997
20.0,458,4860.767411
27.0,707,4871.331012
23.0,610,4881.472506
31.0,501,4889.631791
27.0,561,4897.881782
32.0,663,4908.108624
22.0,678,4919.688436
19.0,595,4928.276187
19.0,571,4937.894051
12.0,442,4944.116639
24.0,563,4953.760624
23.0,566,4961.964978
23.0,600,4972.043374
31.0,611,4982.056672
19.0,443,4988.523283
15.0,553,4996.618281
30.0,526,5004.911906
29.0,536,5014.435753
7.0,368,5020.505305
32.0,500,5027.546575
22.0,407,5035.327524
17.0,493,5041.874684
35.0,756,5054.254268
32.0,549,5063.825116
10.0,371,5069.744295
24.0,735,5080.181536
28.0,479,5088.357225
12.0,433,5094.427409
15.0,526,5104.026243
7.0,413,5110.269843
24.0,589,5118.380434
10.0,474,5126.199535
19.0,421,5132.302385
31.0,607,5142.088247
22.0,505,5150.377846
8.0,392,5156.453371
9.0,439,5164.091965
33.0,565,5172.659519
17.0,501,5180.657599
25.0,415,5186.847692
17.0,369,5192.888642
30.0,470,5200.928301
13.0,621,5210.748512
31.0,592,5219.304925
18.0,535,5227.795931
27.0,608,5237.58473
8.0,394,5243.616368
32.0,497,5251.67549
25.0,517,5259.701684
24.0,461,5267.455332
27.0,500,5276.040644
25.0,539,5284.092344
16.0,471,5290.615571
18.0,416,5298.271041
27.0,464,5304.587286
29.0,540,5314.062119
22.0,421,5320.239739
23.0,488,5328.725881
26.0,547,5336.939496
13.0,456,5344.555756
9.0,309,5348.713027
23.0,671,5358.814086
6.0,347,5364.90127
32.0,543,5373.34291
27.0,587,5383.662304
6.0,319,5388.211172
28.0,500,5396.432989
12.0,442,5404.250407
12.0,544,5412.705497
13.0,523,5421.140461
8.0,317,5425.325629
30.0,487,5433.094382
7.0,408,5439.318112
5.0,268,5443.449514
25.0,512,5451.234008
24.0,490,5459.223303
19.0,578,5469.036597
15.0,418,5475.415605
7.0,368,5481.472051
16.0,471,5489.180435
12.0,445,5495.287124
18.0,396,5501.268087
18.0,522,5509.317566
5.0,325,5515.134514
3.0,223,5519.036633
26.0,578,5527.291528
17.0,502,5535.253842
8.0,391,5541.304595
19.0,668,5551.167813
28.0,512,5559.359465
8.0,362,5565.275951
13.0,441,5573.292967
17.0,503,5580.008337
15.0,555,5589.626132
20.0,454,5596.204555
23.0,454,5603.875782
31.0,595,5613.703842
28.0,635,5623.844232
16.0,504,5631.031072
18.0,493,5639.173608
17.0,496,5647.008919
21.0,504,5655.354267
18.0,560,5664.062902
8.0,401,5671.52294
30.0,675,5681.854925
8.0,400,5688.564629
15.0,565,5697.06374
24.0,499,5705.140296
9.0,451,5713.064509
6.0,347,5718.926358
22.0,410,5725.175147
9.0,453,5731.523832
30.0,456,5739.347748
12.0,436,5745.917785
22.0,420,5753.553077
23.0,594,5762.113933
30.0,454,5769.747555
26.0,426,5776.074174
14.0,475,5784.047762
27.0,632,5794.223921
29.0,572,5802.613733
30.0,452,5810.190868
23.0,469,5816.650717
19.0,451,5824.595221
18.0,390,5830.670277
18.0,706,5841.247159
19.0,454,5848.92417
34.0,622,5858.923108
22.0,405,5865.009316
14.0,479,5872.92872
17.0,474,5879.757827
19.0,425,5887.419767
22.0,418,5893.730493
7.0,373,5899.64624
30.0,464,5907.390844
17.0,496,5913.987256
18.0,543,5923.597838
24.0,493,5932.083961
22.0,419,5938.534551
23.0,560,5946.943531
5.0,325,5952.724445
23.0,503,5960.589303
22.0,672,5970.984834
23.0,469,5978.668074
16.0,436,5985.75149
31.0,463,5993.332573
9.0,458,5999.738095
21.0,509,6008.111613
9.0,305,6014.072239
21.0,520,6022.035996
5.0,270,6026.237889
26.0,548,6034.465856
11.0,505,6042.824913
8.0,272,6046.860183
32.0,543,6054.921307
25.0,414,6062.530379
23.0,465,6069.244599
4.0,258,6073.554726
14.0,384,6079.732529
25.0,609,6089.820413
30.0,447,6096.318153
27.0,576,6106.149494
28.0,565,6114.452092
12.0,444,6122.111451
24.0,525,6130.323776
29.0,441,6137.099951
12.0,398,6144.549999
28.0,495,6151.299945
23.0,593,6161.116671
12.0,576,6170.796135
25.0,509,6177.311628
