#{"t_start": 1764016624.3232973, "env_id": "ALE/Breakout-v5"}
r,l,t
1.0,181,1.797318
2.0,220,1.947313
1.0,164,2.047667
2.0,220,2.197345
0.0,134,2.297328
1.0,176,2.438066
3.0,266,2.61427
2.0,208,2.749275
1.0,160,2.847608
0.0,129,2.931669
0.0,130,3.013976
0.0,131,3.130999
0.0,136,3.238182
1.0,186,3.347268
1.0,173,3.46394
0.0,126,3.563937
0.0,130,3.647729
2.0,182,3.796519
1.0,155,3.906437
2.0,243,4.063921
0.0,122,4.163922
1.0,169,4.280583
3.0,232,4.447247
4.0,277,4.653881
0.0,124,4.747552
1.0,171,4.863902
0.0,128,4.964391
1.0,160,5.086091
0.0,125,5.163935
1.0,167,5.306415
2.0,205,5.447218
2.0,230,5.597534
2.0,232,5.76388
1.0,177,5.897521
1.0,159,6.014181
1.0,153,6.13052
0.0,134,6.230568
2.0,208,6.363873
0.0,147,6.467537
1.0,170,6.582602
1.0,178,6.73403
1.0,177,6.864866
1.0,172,6.982945
0.0,126,7.063869
2.0,233,7.230519
1.0,164,7.330519
3.0,231,7.521265
2.0,198,7.667349
0.0,128,7.747268
3.0,257,7.930532
2.0,222,8.082589
0.0,127,8.164377
4.0,299,8.392262
1.0,153,8.497152
0.0,124,8.583517
1.0,183,8.713934
1.0,164,8.830784
1.0,169,8.962767
0.0,125,9.047262
2.0,202,9.180493
2.0,188,9.313823
3.0,240,9.480483
3.0,249,9.680783
0.0,123,9.768177
3.0,257,9.930434
1.0,196,10.063808
2.0,198,10.203625
0.0,138,10.301361
1.0,181,10.448113
1.0,158,10.547122
2.0,225,10.714756
2.0,231,10.863743
0.0,132,10.980703
1.0,173,11.097436
0.0,129,11.197101
1.0,176,11.313761
0.0,138,11.409759
1.0,183,11.535411
0.0,133,11.631765
0.0,146,11.748119
1.0,176,11.883842
0.0,127,11.96578
0.0,137,12.06575
1.0,156,12.183861
0.0,147,12.282287
1.0,182,12.41575
0.0,136,12.532469
4.0,300,12.738813
1.0,154,12.850848
2.0,181,12.977681
0.0,123,13.064208
1.0,172,13.186398
1.0,166,13.323176
0.0,123,13.409112
1.0,161,13.517751
0.0,137,13.614187
2.0,201,13.752028
0.0,124,13.841678
0.0,122,13.936583
2.0,222,14.086408
0.0,127,14.183376
1.0,182,14.311107
1.0,172,14.431356
4.0,325,14.67056
0.0,120,14.763627
0.0,125,14.848494
0.0,131,14.936416
3.0,249,15.103052
0.0,134,15.201968
0.0,128,15.30301
0.0,131,15.40343
2.0,230,15.563654
1.0,177,15.687634
1.0,151,15.780293
2.0,202,15.930638
0.0,132,16.030676
0.0,120,16.11391
1.0,164,16.230636
0.0,137,16.330278
2.0,228,16.480603
3.0,255,16.656216
3.0,251,16.846956
1.0,174,16.963584
2.0,224,17.113606
3.0,276,17.296943
0.0,135,17.399316
2.0,228,17.564604
0.0,120,17.647223
2.0,221,17.796899
0.0,130,17.880612
1.0,162,17.998909
0.0,134,18.097221
3.0,254,18.296882
3.0,251,18.463574
1.0,160,18.563908
1.0,181,18.696868
2.0,199,18.830185
0.0,126,18.931173
1.0,177,19.047214
0.0,136,19.130547
1.0,149,19.24687
0.0,124,19.330542
0.0,136,19.413534
0.0,129,19.513495
0.0,131,19.613857
0.0,132,19.700536
3.0,269,19.880207
1.0,185,20.013525
0.0,136,20.113533
1.0,152,20.230163
0.0,127,20.337913
2.0,218,20.481178
0.0,124,20.580162
2.0,200,20.713828
2.0,227,20.878436
1.0,160,20.997107
0.0,131,21.107198
2.0,235,21.263973
1.0,174,21.39887
5.0,326,21.633712
1.0,159,21.768894
3.0,258,21.950412
2.0,213,22.097794
1.0,176,22.213771
0.0,129,22.320061
3.0,270,22.513421
0.0,122,22.599727
0.0,138,22.717289
0.0,122,22.799489
0.0,131,22.89773
0.0,123,22.984634
1.0,178,23.111573
1.0,158,23.2413
0.0,132,23.332334
1.0,171,23.447806
0.0,125,23.551818
1.0,179,23.667348
1.0,152,23.783996
1.0,156,23.90825
0.0,130,24.001771
2.0,199,24.1301
2.0,198,24.265853
1.0,172,24.382632
1.0,177,24.517672
1.0,175,24.651814
2.0,200,24.804171
1.0,182,24.931676
2.0,197,25.064087
2.0,195,25.201698
1.0,182,25.345706
0.0,133,25.449724
0.0,134,25.532931
2.0,205,25.682544
1.0,170,25.79758
0.0,134,25.90111
3.0,247,26.078267
1.0,172,26.212596
1.0,160,26.327664
2.0,208,26.468565
3.0,241,26.619782
0.0,123,26.719605
2.0,206,26.884369
4.0,261,27.05278
3.0,271,27.246048
1.0,177,27.362762
1.0,174,27.496685
0.0,123,27.595487
0.0,132,27.679814
0.0,136,27.779363
0.0,141,27.879217
1.0,165,27.997863
0.0,129,28.095262
1.0,160,28.224986
4.0,290,28.43028
3.0,262,28.598097
0.0,130,28.698608
1.0,155,28.797811
3.0,253,28.979295
0.0,135,29.090748
0.0,134,29.183685
1.0,154,29.291688
3.0,248,29.459749
1.0,170,29.563193
2.0,224,29.733606
1.0,149,29.848204
4.0,284,30.032716
2.0,206,30.173716
2.0,222,30.34174
3.0,267,30.531882
0.0,129,30.644172
0.0,144,30.72912
1.0,173,30.860433
2.0,209,31.012358
1.0,160,31.13168
0.0,125,31.212511
2.0,193,31.346445
1.0,173,31.464665
1.0,150,31.579264
0.0,137,31.675454
0.0,130,31.772184
1.0,157,31.89537
0.0,131,31.979576
0.0,128,32.080668
0.0,129,32.164138
0.0,130,32.249186
0.0,121,32.346569
1.0,170,32.46495
3.0,242,32.62923
0.0,135,32.734836
0.0,126,32.814222
2.0,190,32.945596
1.0,174,33.061523
1.0,180,33.210533
0.0,123,33.304138
1.0,169,33.415981
2.0,199,33.547505
1.0,169,33.66175
3.0,271,33.85828
0.0,143,33.964567
0.0,139,34.048399
5.0,326,34.265157
2.0,186,34.39697
2.0,201,34.549884
0.0,127,34.645036
0.0,128,34.743246
2.0,204,34.881867
2.0,203,35.016665
3.0,206,35.147681
1.0,171,35.290716
0.0,130,35.392748
1.0,152,35.502785
2.0,194,35.635615
0.0,129,35.730863
1.0,156,35.837415
0.0,134,35.933852
1.0,166,36.052512
3.0,232,36.211818
0.0,134,36.295693
5.0,312,36.512429
0.0,131,36.613477
0.0,132,36.71233
2.0,238,36.881878
1.0,157,36.983062
0.0,131,37.082511
2.0,234,37.229786
1.0,154,37.682416
0.0,129,38.467319
3.0,250,39.948943
1.0,171,40.964409
4.0,276,42.627933
2.0,198,43.796767
3.0,250,45.231474
2.0,204,46.410193
2.0,222,47.707802
1.0,157,48.63354
2.0,200,49.81441
0.0,131,50.609555
0.0,127,51.365807
0.0,127,52.072195
0.0,123,52.78883
3.0,228,54.151073
2.0,201,55.31373
2.0,209,56.519612
2.0,227,57.826876
1.0,193,59.018275
0.0,139,59.813023
0.0,121,60.54836
2.0,179,61.590032
1.0,173,62.666812
1.0,159,63.583835
0.0,131,64.400084
2.0,202,65.600032
1.0,183,66.702534
2.0,221,68.019319
0.0,130,68.759464
1.0,171,69.796256
0.0,139,70.603117
1.0,172,71.595996
1.0,151,72.487776
1.0,170,73.504614
1.0,186,74.583613
1.0,183,75.695951
2.0,237,77.067544
2.0,202,78.268701
1.0,179,79.32983
1.0,171,80.316879
1.0,175,81.327828
3.0,248,82.779661
2.0,198,84.012832
3.0,246,85.471259
2.0,205,86.689469
0.0,132,87.481156
0.0,158,88.495725
0.0,136,89.312336
0.0,142,90.195704
2.0,203,91.412172
0.0,168,92.422338
2.0,196,93.584104
0.0,126,94.352395
3.0,259,95.90159
2.0,210,97.162006
0.0,140,98.012152
1.0,157,98.952482
0.0,135,99.796083
0.0,129,100.633552
2.0,198,101.912468
0.0,128,102.711924
2.0,201,104.172721
2.0,231,105.67854
3.0,268,107.516127
0.0,120,108.306717
1.0,162,109.315134
3.0,263,111.137434
0.0,139,112.128486
3.0,249,113.711743
2.0,187,114.911598
1.0,175,116.191083
0.0,125,117.083761
0.0,128,117.977138
1.0,160,119.084557
2.0,218,120.659053
0.0,121,121.433894
2.0,252,123.044959
1.0,172,124.174233
0.0,141,125.154682
1.0,152,126.151983
5.0,341,128.467767
1.0,160,129.57478
3.0,282,131.597461
2.0,232,133.163014
1.0,178,134.336261
3.0,251,135.989516
2.0,198,137.285659
0.0,142,138.231103
1.0,172,139.361727
2.0,233,140.8513
1.0,176,141.98085
4.0,259,143.63064
2.0,201,144.933244
2.0,190,146.131872
3.0,307,148.11225
0.0,126,148.942793
1.0,176,150.082103
0.0,133,150.952216
0.0,121,151.732298
1.0,177,152.881299
2.0,198,154.189415
2.0,202,155.50222
0.0,135,156.408578
0.0,123,157.220102
0.0,146,158.15166
0.0,125,158.965822
2.0,201,160.299445
1.0,175,161.463968
1.0,166,162.547285
2.0,203,163.894156
0.0,137,164.803906
2.0,219,166.285434
2.0,201,167.617801
3.0,244,169.304504
1.0,157,170.33338
2.0,205,171.657964
0.0,122,172.425881
2.0,181,173.602088
0.0,133,174.511657
1.0,161,175.55059
2.0,235,177.0786
2.0,213,178.511479
1.0,164,179.699285
1.0,176,180.916899
1.0,171,182.053605
3.0,251,183.667956
0.0,127,184.48988
2.0,200,185.775263
2.0,252,187.402014
1.0,167,188.485859
0.0,120,189.316244
4.0,261,190.988447
1.0,149,191.950583
5.0,314,194.041212
0.0,128,194.908077
0.0,137,195.799104
3.0,231,197.30896
1.0,156,198.326934
1.0,177,199.489905
2.0,216,200.898994
1.0,157,201.925172
1.0,181,203.133341
3.0,269,204.913421
3.0,235,206.463847
2.0,203,207.80147
3.0,229,209.305779
2.0,212,210.676108
0.0,129,211.546467
1.0,178,212.686505
1.0,163,213.758971
1.0,204,215.105289
2.0,214,216.507996
1.0,162,217.546221
0.0,125,218.34041
2.0,211,219.696342
0.0,135,220.556006
1.0,168,221.627826
0.0,135,222.514934
2.0,215,223.931679
2.0,242,225.528617
1.0,185,226.715838
1.0,169,227.800874
1.0,174,228.993432
0.0,129,229.833053
3.0,257,231.485557
0.0,141,232.407378
3.0,231,233.894981
2.0,210,235.273103
1.0,162,236.315199
2.0,219,237.753511
1.0,182,238.946275
1.0,183,240.129481
1.0,162,241.192121
5.0,335,243.37498
3.0,235,244.913107
0.0,127,245.77857
3.0,241,247.339089
4.0,311,249.371502
5.0,366,251.816299
2.0,210,253.182854
3.0,236,254.750879
0.0,126,255.584306
1.0,168,256.686116
5.0,318,258.73467
0.0,132,259.59347
5.0,350,261.90522
0.0,132,262.793611
1.0,154,263.764362
3.0,239,265.307094
3.0,255,266.9567
2.0,208,268.303303
0.0,143,269.198685
1.0,166,270.301975
3.0,216,271.703303
2.0,189,272.944589
2.0,199,274.263471
2.0,203,275.596342
3.0,240,277.163545
6.0,349,279.448284
0.0,131,280.328593
2.0,188,281.545145
0.0,133,282.405794
1.0,161,283.423112
3.0,259,285.115282
1.0,171,286.228666
2.0,207,287.558323
0.0,140,288.490688
1.0,170,289.617162
1.0,167,290.695681
1.0,157,291.723791
5.0,347,294.018558
3.0,240,295.62047
0.0,123,296.433089
2.0,218,297.938998
4.0,283,299.868021
3.0,239,301.441478
2.0,198,302.78019
5.0,312,304.772932
0.0,144,305.740952
1.0,167,306.891585
3.0,216,308.345166
3.0,218,309.8678
3.0,226,311.420857
1.0,157,312.556861
3.0,223,314.138241
4.0,294,316.157034
0.0,123,316.972903
1.0,158,318.003184
2.0,224,319.495503
4.0,279,321.338879
2.0,208,322.697498
4.0,260,324.429185
2.0,199,325.755971
2.0,207,327.164059
2.0,192,328.4432
2.0,203,329.769689
7.0,259,331.522911
4.0,298,333.487951
1.0,154,334.456187
1.0,154,335.497786
2.0,199,336.789015
1.0,155,337.788859
1.0,159,338.811299
2.0,208,340.147893
0.0,144,341.076699
2.0,200,342.398364
4.0,265,344.122584
5.0,337,346.294482
3.0,239,347.891658
4.0,263,349.81093
2.0,190,351.037013
1.0,152,352.154638
1.0,166,353.299321
1.0,152,354.292604
4.0,299,356.501365
0.0,186,357.738397
4.0,306,359.710837
3.0,253,361.449095
6.0,359,363.856507
2.0,193,365.088644
2.0,220,366.525838
4.0,311,368.509239
2.0,199,369.791803
2.0,193,371.179425
4.0,282,373.098012
0.0,133,374.004056
1.0,173,375.20704
2.0,201,376.596051
5.0,333,378.740293
0.0,137,379.635874
4.0,301,381.554388
3.0,238,383.070977
1.0,167,384.15517
0.0,152,385.137574
4.0,277,386.971107
3.0,235,388.603216
2.0,199,389.949452
2.0,211,391.376951
2.0,192,392.692533
1.0,159,393.742184
2.0,208,395.125304
3.0,255,396.842765
2.0,191,398.120596
3.0,251,399.787327
3.0,285,401.735535
3.0,267,403.437168
2.0,224,404.878368
3.0,258,406.805553
4.0,272,408.775808
2.0,206,410.253508
2.0,211,411.840924
4.0,295,413.874505
3.0,228,415.424411
4.0,298,417.692475
2.0,218,419.186186
4.0,271,421.049029
4.0,294,423.153308
3.0,226,424.794503
4.0,303,426.860701
3.0,255,428.640465
2.0,202,430.069918
4.0,280,432.1692
2.0,196,433.619599
6.0,363,436.261891
3.0,247,438.094048
3.0,250,440.023567
3.0,251,441.90269
4.0,296,444.146805
3.0,230,445.88382
3.0,248,447.656699
3.0,224,449.109507
3.0,219,450.511438
3.0,236,452.024452
3.0,222,453.430704
3.0,225,454.838956
0.0,125,455.683657
6.0,353,457.938849
4.0,297,459.817103
2.0,184,460.999504
4.0,276,462.764156
2.0,211,464.109144
3.0,227,465.534116
1.0,154,466.500127
4.0,253,468.07969
4.0,289,469.937822
3.0,245,471.475296
3.0,245,473.055221
6.0,344,475.251969
1.0,161,476.288025
3.0,233,477.782273
0.0,122,478.545572
4.0,273,480.286752
6.0,349,482.498677
1.0,154,483.45508
4.0,260,485.10248
2.0,200,486.381816
6.0,362,488.664785
4.0,288,490.466795
3.0,254,492.040502
5.0,310,493.990864
2.0,181,495.151621
2.0,201,496.44345
2.0,207,497.782183
1.0,150,498.727049
1.0,175,499.857104
4.0,260,501.536564
2.0,192,502.786533
5.0,326,504.922021
3.0,246,506.48483
5.0,306,508.418264
3.0,224,509.844013
3.0,216,511.194592
3.0,232,512.66803
3.0,214,514.030109
5.0,293,515.933363
3.0,212,517.277506
3.0,225,518.717411
1.0,168,519.784446
4.0,298,521.650707
2.0,187,522.834749
2.0,184,524.009991
4.0,258,525.617261
6.0,337,527.900355
3.0,217,529.387093
0.0,123,530.207659
3.0,231,531.783663
3.0,229,533.316395
6.0,345,535.532171
3.0,225,536.933759
5.0,337,539.068642
2.0,187,540.288082
5.0,305,542.220103
5.0,290,544.048265
5.0,313,546.01665
3.0,210,547.37667
2.0,201,548.672653
4.0,257,550.29974
6.0,321,552.332988
6.0,362,554.650027
3.0,245,556.205307
4.0,273,557.934644
5.0,287,559.754511
3.0,223,561.222904
5.0,287,563.032719
3.0,226,564.467933
3.0,210,565.798156
2.0,182,566.93273
10.0,392,569.433381
8.0,416,572.099254
5.0,306,574.049657
6.0,339,576.17031
3.0,230,577.61578
4.0,275,579.363022
1.0,156,580.37028
3.0,226,581.819465
2.0,184,582.99888
6.0,334,585.115672
4.0,259,586.73625
5.0,292,588.615607
7.0,390,591.148794
4.0,257,592.798173
5.0,291,594.648704
5.0,329,596.781944
5.0,289,598.664881
5.0,289,600.544337
3.0,246,602.115378
4.0,273,603.887129
3.0,244,605.448205
6.0,350,607.705935
2.0,180,608.848422
5.0,339,611.048112
4.0,263,612.720323
5.0,291,614.611031
4.0,269,616.348084
4.0,275,618.130288
4.0,274,619.900195
4.0,256,621.529241
4.0,252,623.131725
1.0,150,624.098148
4.0,255,625.731172
5.0,325,627.856002
5.0,336,629.986432
3.0,228,631.447732
3.0,227,632.930914
3.0,212,634.298266
4.0,275,636.081164
4.0,281,637.914165
5.0,289,639.767831
5.0,332,641.930152
1.0,149,642.897418
3.0,232,644.400837
2.0,200,645.69721
8.0,406,648.364329
2.0,183,649.567955
0.0,125,650.397032
3.0,212,651.780723
5.0,297,653.702486
3.0,213,655.085686
2.0,196,656.363096
1.0,148,657.314006
3.0,248,658.896904
3.0,216,660.28019
4.0,256,661.948448
2.0,181,663.163774
5.0,320,665.263572
9.0,469,668.330465
3.0,210,669.696639
5.0,289,671.613327
4.0,257,673.277577
6.0,308,675.279746
3.0,226,676.751887
5.0,291,678.61308
5.0,290,680.496603
6.0,344,682.696264
6.0,381,685.162026
4.0,259,686.812813
5.0,347,688.996215
8.0,441,691.897299
4.0,247,693.495442
2.0,185,694.713717
5.0,305,696.695928
4.0,280,698.529214
4.0,279,700.356611
2.0,183,701.579102
4.0,257,703.295631
6.0,351,705.529019
2.0,196,706.85461
6.0,363,709.328823
6.0,364,711.662126
3.0,227,713.171908
6.0,345,715.399814
7.0,382,717.930374
7.0,385,720.451471
5.0,325,722.556609
8.0,441,725.430632
5.0,327,727.587309
7.0,357,730.277119
4.0,295,732.254892
6.0,352,734.531526
0.0,121,735.31211
4.0,259,736.993514
7.0,413,739.657637
4.0,296,741.562721
2.0,179,742.643642
6.0,347,744.829782
4.0,275,746.626197
6.0,354,748.927414
5.0,288,750.792621
4.0,276,752.548622
4.0,272,754.29963
4.0,256,755.983002
7.0,405,758.617266
5.0,324,760.700862
5.0,286,762.510599
3.0,217,763.90255
4.0,242,765.472455
10.0,526,768.908233
9.0,450,771.850659
1.0,148,772.803038
3.0,227,774.286052
3.0,210,775.653785
5.0,283,777.462511
3.0,227,778.871757
3.0,208,780.230444
5.0,307,782.236754
5.0,313,784.265797
6.0,354,786.576977
6.0,394,789.141224
3.0,226,790.609977
7.0,385,793.110377
4.0,241,794.641526
2.0,179,795.795413
4.0,256,797.436542
3.0,213,798.801839
4.0,261,800.552983
5.0,331,802.658782
3.0,210,804.032134
8.0,420,806.890834
7.0,374,809.30747
8.0,273,811.078343
6.0,328,813.218264
4.0,260,814.884422
5.0,304,816.863068
9.0,485,819.983951
5.0,288,821.845783
3.0,213,823.216859
4.0,260,824.908865
12.0,621,828.930478
4.0,258,830.640625
7.0,390,833.151542
3.0,209,834.524187
8.0,421,837.253815
5.0,310,839.239185
6.0,373,841.60997
6.0,379,844.025829
5.0,322,846.153412
6.0,352,848.418331
3.0,212,849.814223
9.0,473,852.885218
4.0,291,854.786955
7.0,382,857.20864
5.0,273,859.011158
8.0,403,861.599328
5.0,343,863.817811
2.0,177,864.95896
6.0,369,867.344942
7.0,405,869.999877
15.0,422,872.73953
4.0,272,874.477085
4.0,272,876.236408
6.0,369,878.605618
3.0,246,880.176973
7.0,373,882.561608
7.0,357,884.806514
6.0,341,886.99387
3.0,245,888.568632
6.0,355,890.884905
4.0,258,892.555188
8.0,421,895.254807
3.0,212,896.62425
3.0,227,898.061524
11.0,525,901.44844
3.0,210,902.787025
6.0,334,904.999096
4.0,241,906.541189
10.0,479,909.632506
7.0,425,912.382741
7.0,353,914.689697
2.0,197,915.964239
6.0,323,918.039424
5.0,288,919.906072
6.0,324,922.026407
3.0,229,923.528764
2.0,179,924.716121
3.0,223,926.182865
4.0,254,927.849326
3.0,225,929.263361
4.0,256,930.916893
4.0,276,932.685669
3.0,210,934.056745
11.0,501,937.305288
4.0,270,939.037088
4.0,254,940.648119
16.0,457,943.589145
4.0,259,945.235869
9.0,309,947.245522
7.0,356,949.583781
10.0,523,952.988589
7.0,411,955.713361
10.0,508,958.994522
6.0,345,961.269803
3.0,208,962.657561
7.0,370,965.092041
7.0,334,967.19544
12.0,573,970.849452
6.0,389,973.349152
3.0,208,974.714063
2.0,179,975.887379
7.0,244,977.511264
4.0,275,979.324058
3.0,208,980.715703
3.0,210,982.063774
8.0,429,984.865256
7.0,355,987.169458
4.0,317,989.273214
8.0,425,992.010487
8.0,295,993.926082
15.0,435,996.787488
6.0,352,999.051186
3.0,211,1000.419408
3.0,208,1001.795833
9.0,460,1004.795619
7.0,372,1007.262707
4.0,279,1009.106882
2.0,179,1010.296115
5.0,316,1012.360465
7.0,346,1014.646655
5.0,305,1016.651594
9.0,457,1019.668129
12.0,493,1022.879591
9.0,460,1025.908728
7.0,369,1028.656279
2.0,180,1029.927353
4.0,255,1031.610992
8.0,454,1034.612963
8.0,419,1037.396509
6.0,357,1039.76152
17.0,506,1043.050649
13.0,464,1046.141525
5.0,331,1048.361766
5.0,296,1050.323648
12.0,575,1054.139409
6.0,354,1056.48543
5.0,288,1058.40727
6.0,321,1060.542552
5.0,304,1062.571112
6.0,368,1064.97016
2.0,177,1066.156965
6.0,345,1068.445908
10.0,531,1071.925273
7.0,419,1074.726385
3.0,229,1076.264691
6.0,371,1078.719209
8.0,449,1081.677225
7.0,375,1084.180448
6.0,333,1086.582826
6.0,352,1089.10624
4.0,259,1090.840748
6.0,353,1093.160729
8.0,412,1095.922944
6.0,335,1098.188864
5.0,310,1100.220224
9.0,422,1103.000875
9.0,427,1105.825251
11.0,528,1109.313013
10.0,506,1112.717874
6.0,340,1114.998778
6.0,358,1117.375312
9.0,431,1120.270556
8.0,442,1123.202683
8.0,452,1126.250776
6.0,352,1128.558872
8.0,480,1131.750013
12.0,450,1134.72305
5.0,294,1136.70221
9.0,434,1139.540358
9.0,456,1142.555798
5.0,339,1144.852329
3.0,243,1146.45935
6.0,316,1148.606282
8.0,311,1150.662632
5.0,298,1152.644959
9.0,412,1155.384522
5.0,289,1157.296641
10.0,371,1159.805847
9.0,483,1163.042592
11.0,380,1165.595232
8.0,441,1168.553583
15.0,592,1172.469562
10.0,493,1175.77606
9.0,461,1178.838942
5.0,294,1180.793256
11.0,317,1182.907822
8.0,411,1185.634256
10.0,474,1188.776938
12.0,461,1191.847722
7.0,395,1194.474692
12.0,543,1198.058336
5.0,319,1200.215614
16.0,455,1203.212172
11.0,500,1206.570709
5.0,299,1208.525944
9.0,350,1210.866685
8.0,422,1213.702203
7.0,375,1216.223682
9.0,474,1219.43521
7.0,383,1222.006381
8.0,413,1224.772676
5.0,273,1226.578124
11.0,530,1230.127214
7.0,383,1232.718618
5.0,289,1234.679957
5.0,287,1236.660064
5.0,292,1238.624907
9.0,430,1241.531423
4.0,273,1243.356827
5.0,315,1245.47077
7.0,406,1248.162004
7.0,389,1250.770039
10.0,413,1253.548281
7.0,365,1256.003204
10.0,487,1259.269263
8.0,420,1262.069112
10.0,335,1264.34412
11.0,530,1267.945918
10.0,371,1270.41985
11.0,527,1273.970207
10.0,523,1277.469685
25.0,818,1283.047885
11.0,504,1286.418175
9.0,516,1289.905577
20.0,742,1294.883155
9.0,367,1297.334646
6.0,345,1299.650612
7.0,403,1302.341182
9.0,438,1305.27171
6.0,347,1307.633668
8.0,419,1310.502316
12.0,465,1313.662261
17.0,644,1318.008032
11.0,525,1321.477882
15.0,585,1325.445291
9.0,492,1328.77508
9.0,446,1331.708897
12.0,505,1335.118194
4.0,286,1337.060647
17.0,688,1341.732114
11.0,533,1345.316919
18.0,615,1349.41801
7.0,398,1352.093343
5.0,322,1354.308848
7.0,385,1356.920497
8.0,431,1359.818738
14.0,711,1364.68363
14.0,538,1368.325262
14.0,512,1371.794624
7.0,403,1374.533456
8.0,395,1377.227157
7.0,372,1379.748065
6.0,352,1382.155696
3.0,210,1383.605352
10.0,524,1387.214693
8.0,411,1390.013132
21.0,656,1394.454516
11.0,538,1398.100755
10.0,495,1401.446102
17.0,618,1405.709216
8.0,476,1408.966239
9.0,446,1411.986775
12.0,567,1415.886986
14.0,575,1419.810029
11.0,520,1423.402078
13.0,511,1426.872255
14.0,614,1431.092917
13.0,354,1433.502533
13.0,601,1437.654855
15.0,585,1442.144599
12.0,549,1446.02164
13.0,345,1448.423442
11.0,577,1452.494548
12.0,532,1456.176831
8.0,309,1458.310701
15.0,706,1463.231594
18.0,684,1467.994148
19.0,724,1473.059249
17.0,651,1477.591841
11.0,546,1481.491684
12.0,596,1485.675985
12.0,575,1489.676737
11.0,616,1493.992573
12.0,440,1497.095958
9.0,489,1500.576315
26.0,636,1505.036179
19.0,517,1508.642082
14.0,389,1511.375949
9.0,381,1514.039742
13.0,490,1517.558446
22.0,631,1522.032
15.0,708,1527.041638
10.0,470,1530.358949
13.0,512,1534.025571
11.0,529,1537.766669
18.0,522,1541.492106
7.0,445,1544.661427
13.0,556,1548.608241
18.0,808,1554.357833
14.0,485,1557.806144
28.0,488,1561.274127
11.0,574,1565.421028
11.0,421,1568.457273
13.0,612,1572.847898
30.0,892,1579.212931
10.0,494,1582.790129
19.0,715,1587.889997
11.0,426,1590.973799
14.0,689,1595.957099
24.0,705,1601.068076
5.0,352,1603.622876
10.0,504,1607.23943
17.0,658,1611.989251
10.0,449,1615.22321
17.0,601,1619.60525
10.0,521,1623.372729
12.0,406,1626.255868
7.0,369,1628.948273
16.0,427,1632.104929
10.0,484,1635.641258
13.0,634,1640.243988
15.0,660,1645.029493
13.0,496,1648.637638
15.0,669,1653.582787
8.0,408,1656.583985
12.0,609,1661.038328
13.0,649,1665.836194
12.0,474,1669.297387
14.0,544,1673.310181
25.0,739,1678.80374
9.0,434,1682.052961
6.0,301,1684.221273
14.0,508,1687.992184
11.0,402,1691.010458
13.0,494,1694.670931
12.0,547,1698.753693
4.0,274,1700.79429
11.0,594,1705.220613
10.0,335,1707.752919
7.0,546,1711.803376
14.0,638,1716.53734
12.0,484,1720.122832
16.0,633,1724.823359
7.0,437,1728.052874
24.0,721,1733.386137
20.0,805,1739.408069
15.0,638,1744.18318
7.0,404,1747.465952
17.0,675,1752.455453
12.0,529,1756.37958
11.0,499,1760.049781
7.0,392,1762.941525
13.0,794,1768.827008
20.0,649,1773.59401
22.0,747,1779.137999
15.0,547,1783.133672
30.0,1035,1790.83404
11.0,509,1794.706318
10.0,495,1798.4215
24.0,783,1804.323525
13.0,487,1808.002141
2.0,177,1809.34867
13.0,446,1812.69095
17.0,615,1817.315008
11.0,468,1820.82678
12.0,427,1824.053224
10.0,478,1827.665854
21.0,766,1833.435608
4.0,276,1835.523922
12.0,512,1839.395019
14.0,642,1844.240033
9.0,462,1847.736038
17.0,710,1853.035414
8.0,386,1855.935869
12.0,531,1859.92222
6.0,370,1862.701658
23.0,530,1866.651563
25.0,753,1872.268237
15.0,558,1876.42325
8.0,434,1879.683336
13.0,605,1884.167802
28.0,919,1891.034451
16.0,620,1895.637946
10.0,515,1899.467496
16.0,671,1904.42217
15.0,595,1908.855527
10.0,512,1912.64069
22.0,783,1918.417142
17.0,606,1922.900181
16.0,585,1927.249938
13.0,478,1930.799394
21.0,613,1935.366984
16.0,563,1939.533031
10.0,533,1943.483717
23.0,806,1949.499639
11.0,491,1953.199852
14.0,668,1958.132522
19.0,702,1963.268512
8.0,424,1966.399023
9.0,342,1968.965041
22.0,799,1974.815437
13.0,568,1979.032385
11.0,519,1982.866993
17.0,645,1987.601901
15.0,540,1991.597999
20.0,647,1996.381586
11.0,497,2000.060572
19.0,542,2004.131367
19.0,804,2010.131136
14.0,344,2012.697818
16.0,656,2017.575183
6.0,315,2019.885246
16.0,454,2023.247499
17.0,730,2028.64438
16.0,580,2032.958024
22.0,653,2037.763888
18.0,520,2041.613598
6.0,320,2043.99734
22.0,653,2048.85391
13.0,506,2052.630472
11.0,519,2056.496549
12.0,531,2060.469318
13.0,626,2065.080119
4.0,288,2067.222296
9.0,454,2070.579427
8.0,462,2073.979458
9.0,421,2077.09608
11.0,419,2080.195989
14.0,485,2083.779529
13.0,580,2088.078992
12.0,533,2092.012294
18.0,621,2096.581314
10.0,374,2099.363564
16.0,688,2104.44924
14.0,534,2108.378457
14.0,511,2112.183662
13.0,584,2116.478255
25.0,673,2121.425019
14.0,507,2125.149635
10.0,523,2129.055369
10.0,521,2132.87775
34.0,1166,2141.515846
4.0,275,2143.542364
24.0,853,2149.894124
26.0,734,2155.277259
12.0,522,2159.115721
7.0,414,2162.160503
11.0,486,2165.765009
7.0,382,2168.541735
16.0,589,2172.910037
12.0,529,2176.810118
29.0,863,2183.109796
8.0,443,2186.4415
7.0,402,2189.393491
16.0,558,2193.510258
13.0,579,2197.792735
16.0,562,2201.896631
10.0,498,2205.55086
20.0,717,2210.842941
12.0,561,2214.998805
11.0,515,2218.837368
8.0,436,2222.00877
13.0,554,2226.135654
14.0,591,2230.475127
24.0,601,2234.975598
10.0,506,2238.696496
7.0,418,2241.769722
20.0,698,2246.925753
6.0,318,2249.258435
8.0,400,2252.232526
18.0,677,2257.174628
14.0,585,2261.475066
8.0,461,2264.857605
30.0,674,2269.874207
9.0,416,2272.907594
11.0,503,2276.657215
10.0,582,2280.91248
14.0,557,2284.973769
8.0,404,2287.990823
14.0,587,2292.340699
12.0,564,2296.52341
13.0,625,2301.129528
10.0,468,2304.606566
21.0,777,2310.4231
6.0,352,2313.039742
7.0,380,2315.826945
42.0,1163,2324.41265
18.0,753,2329.939202
37.0,1042,2337.589385
9.0,440,2340.899715
15.0,761,2346.53874
5.0,267,2348.530047
12.0,544,2352.593799
27.0,772,2358.337245
8.0,431,2361.511202
7.0,334,2363.995097
17.0,628,2368.6387
26.0,748,2374.192648
11.0,480,2377.871184
4.0,240,2379.674713
13.0,442,2382.921407
19.0,563,2387.07097
15.0,676,2392.156795
21.0,739,2397.874834
7.0,386,2400.691383
15.0,678,2405.664005
10.0,518,2410.224403
25.0,838,2416.820944
4.0,270,2418.860418
8.0,420,2422.003415
9.0,432,2425.269998
8.0,416,2428.372801
14.0,650,2433.156319
13.0,581,2437.486289
10.0,487,2441.18907
4.0,273,2443.240496
12.0,514,2447.059781
10.0,520,2450.988202
10.0,483,2454.619146
10.0,468,2458.106824
8.0,417,2461.20239
15.0,667,2466.231516
22.0,537,2470.268908
9.0,474,2473.802053
21.0,682,2478.885234
10.0,433,2482.144684
21.0,756,2487.818458
30.0,966,2495.091487
14.0,484,2498.6514
12.0,533,2502.834708
10.0,525,2506.790573
11.0,505,2510.623798
13.0,570,2514.890826
13.0,515,2518.755896
9.0,446,2522.084042
10.0,481,2525.661289
14.0,564,2529.817207
10.0,525,2533.733236
10.0,358,2536.368528
10.0,566,2540.60455
11.0,471,2544.128429
11.0,484,2547.716657
12.0,574,2551.974634
15.0,507,2555.844937
16.0,645,2560.621235
11.0,526,2564.593996
11.0,545,2568.644972
11.0,572,2572.887719
20.0,559,2577.158957
16.0,738,2582.739573
17.0,754,2588.417172
24.0,853,2594.748946
16.0,741,2600.294193
20.0,577,2604.645926
18.0,634,2609.498583
26.0,915,2616.376447
12.0,485,2619.998113
14.0,636,2624.748089
21.0,537,2628.776685
23.0,692,2633.898195
17.0,575,2638.176501
14.0,695,2643.331086
7.0,393,2646.253551
20.0,789,2652.097749
23.0,664,2657.031557
15.0,651,2661.895184
21.0,783,2667.690359
17.0,712,2672.940639
13.0,606,2677.957623
18.0,768,2683.969632
16.0,705,2689.583097
23.0,829,2695.871653
8.0,399,2698.86268
9.0,501,2702.596135
25.0,772,2708.362655
24.0,749,2713.966877
17.0,721,2719.354712
11.0,390,2722.284579
24.0,609,2726.854593
10.0,456,2730.266264
30.0,817,2736.397489
17.0,595,2740.843611
12.0,593,2745.272731
17.0,621,2749.992837
17.0,642,2754.809773
12.0,566,2759.017872
22.0,901,2765.727829
33.0,1142,2774.210907
16.0,631,2778.913075
18.0,645,2783.67709
10.0,481,2787.256099
23.0,722,2792.676911
22.0,572,2796.926749
21.0,743,2802.481355
13.0,528,2806.379386
9.0,470,2809.856887
27.0,852,2816.276249
19.0,700,2821.57658
12.0,560,2825.759763
12.0,519,2829.664438
5.0,307,2832.003104
9.0,432,2835.209675
35.0,879,2841.798657
15.0,654,2846.69202
13.0,546,2850.789247
23.0,536,2854.797909
29.0,932,2861.693913
18.0,658,2866.621796
17.0,698,2871.819551
14.0,542,2875.93147
23.0,600,2880.350476
33.0,821,2886.474795
15.0,601,2890.975701
17.0,640,2895.753521
7.0,372,2898.537722
17.0,621,2903.160136
16.0,706,2908.413645
20.0,652,2913.305432
20.0,799,2919.227631
9.0,458,2922.606765
8.0,403,2925.656736
12.0,589,2930.089242
23.0,627,2934.772982
15.0,662,2939.807731
15.0,681,2944.939677
17.0,777,2950.742758
15.0,636,2955.472549
42.0,1027,2963.615414
22.0,684,2968.747454
14.0,681,2973.838696
20.0,772,2979.626864
12.0,520,2983.511352
21.0,738,2989.34185
35.0,847,2995.690071
17.0,589,3000.00793
19.0,662,3005.182346
8.0,432,3008.392725
14.0,621,3012.880041
13.0,613,3017.338866
34.0,890,3023.85325
13.0,587,3028.123169
13.0,625,3032.642254
22.0,767,3038.268063
17.0,610,3042.715883
36.0,978,3049.825616
15.0,590,3054.118467
17.0,792,3059.891523
19.0,547,3063.870582
15.0,576,3068.11661
18.0,736,3073.458022
16.0,712,3078.664298
27.0,828,3084.67004
27.0,824,3090.67285
27.0,783,3096.365237
24.0,884,3102.799918
17.0,688,3107.765707
31.0,1033,3115.320601
10.0,370,3118.063822
14.0,523,3121.826952
29.0,842,3127.942702
29.0,902,3134.441115
11.0,577,3138.671325
19.0,770,3144.323209
12.0,551,3148.328354
16.0,563,3152.443468
27.0,839,3158.502359
18.0,654,3163.232056
22.0,810,3169.159335
16.0,590,3173.449294
21.0,808,3179.357622
5.0,291,3181.500443
28.0,802,3187.276039
9.0,473,3190.71074
22.0,764,3196.260168
14.0,536,3200.17827
12.0,554,3204.302651
10.0,505,3207.99946
22.0,615,3212.506233
7.0,339,3214.92811
19.0,794,3220.693892
16.0,510,3224.365597
15.0,583,3228.655356
28.0,905,3235.332003
15.0,725,3240.639081
12.0,519,3244.447213
10.0,502,3248.114688
10.0,480,3251.635415
28.0,855,3257.871992
17.0,730,3263.247728
12.0,612,3267.684432
14.0,725,3272.946197
16.0,576,3277.045789
15.0,674,3281.947885
12.0,451,3285.264562
17.0,660,3290.110302
20.0,587,3294.491246
13.0,575,3298.681014
10.0,462,3302.071683
10.0,406,3305.044534
12.0,549,3309.06802
21.0,737,3314.466012
11.0,530,3318.352071
16.0,631,3323.013048
14.0,582,3327.304754
14.0,595,3331.594219
19.0,712,3336.984544
20.0,796,3343.026301
21.0,651,3348.073671
31.0,818,3354.265272
12.0,529,3358.249913
23.0,596,3362.79234
14.0,593,3367.287451
21.0,741,3372.892377
16.0,684,3378.07777
10.0,486,3381.876424
18.0,661,3386.8935
26.0,829,3393.38503
30.0,814,3399.46526
42.0,908,3406.916803
26.0,790,3412.909205
6.0,336,3415.466472
24.0,732,3421.119086
13.0,590,3425.665098
11.0,510,3429.594192
16.0,661,3434.538479
33.0,1072,3442.332201
25.0,890,3448.69056
19.0,776,3454.243769
20.0,724,3459.440307
15.0,730,3464.705405
18.0,578,3468.837678
17.0,673,3473.682946
24.0,984,3480.740328
8.0,422,3483.810328
11.0,840,3489.839391
16.0,701,3494.818371
19.0,661,3499.53913
20.0,725,3504.722533
14.0,608,3509.075185
25.0,896,3515.674827
25.0,725,3521.145568
19.0,743,3526.546512
16.0,731,3531.785141
11.0,490,3535.319437
20.0,623,3539.850773
19.0,727,3545.086275
11.0,553,3549.064262
28.0,817,3554.951401
9.0,437,3558.06921
23.0,690,3563.100311
23.0,572,3567.225992
18.0,763,3572.726732
21.0,786,3578.443945
22.0,523,3582.288212
8.0,435,3585.44206
15.0,748,3590.893823
21.0,791,3596.72361
15.0,554,3600.769084
13.0,562,3604.801569
7.0,318,3607.065846
17.0,657,3611.776949
13.0,641,3616.403965
17.0,663,3621.196602
14.0,688,3626.163213
21.0,644,3630.792119
13.0,478,3634.256329
28.0,768,3639.777697
14.0,600,3644.116087
18.0,776,3649.797462
8.0,376,3652.544973
21.0,720,3657.715984
15.0,433,3660.876413
14.0,660,3665.642611
22.0,898,3672.068029
21.0,771,3677.617886
12.0,531,3681.484332
9.0,476,3684.901609
26.0,789,3690.54976
18.0,676,3695.385083
14.0,702,3700.367116
24.0,1284,3709.513069
27.0,830,3715.51681
9.0,469,3718.841092
13.0,625,3723.26711
23.0,951,3730.017312
10.0,461,3733.325887
10.0,532,3737.154272
12.0,495,3740.716063
10.0,479,3744.15322
22.0,1244,3753.059894
15.0,612,3757.435086
20.0,654,3762.074543
17.0,719,3767.515507
23.0,687,3772.645585
26.0,771,3778.393701
32.0,1022,3785.975057
14.0,634,3790.747555
39.0,1049,3798.614487
22.0,664,3803.608556
25.0,795,3809.572507
17.0,594,3814.052799
24.0,813,3820.137997
18.0,748,3825.58867
15.0,674,3830.919496
32.0,948,3837.854397
20.0,711,3843.077225
14.0,596,3847.415079
36.0,1083,3855.396931
63.0,1204,3863.967425
24.0,677,3868.796982
23.0,1163,3877.08117
16.0,699,3882.064755
8.0,387,3884.86436
21.0,656,3889.656889
22.0,809,3895.581296
22.0,686,3900.514545
13.0,548,3904.459278
16.0,683,3909.397017
77.0,1571,3920.580127
19.0,752,3925.965356
15.0,608,3930.346451
14.0,487,3933.863874
15.0,737,3939.111347
15.0,708,3944.198334
18.0,933,3950.929055
17.0,655,3955.659267
16.0,477,3959.079535
20.0,713,3964.212005
25.0,941,3971.004115
12.0,542,3974.895117
20.0,613,3979.352183
24.0,704,3984.378365
22.0,784,3990.028313
29.0,748,3995.397521
17.0,655,4000.044381
24.0,777,4005.53104
9.0,482,4008.912805
24.0,758,4014.310729
31.0,854,4020.359403
33.0,1121,4028.361417
21.0,773,4033.85256
11.0,511,4037.505349
36.0,1002,4044.576882
13.0,461,4047.885912
7.0,388,4050.630432
31.0,851,4056.753646
17.0,685,4061.629409
33.0,1005,4068.747059
15.0,562,4072.72904
27.0,858,4078.850756
14.0,596,4083.042148
23.0,757,4088.425634
16.0,569,4092.462782
26.0,879,4099.103713
11.0,515,4102.889239
8.0,418,4106.070462
9.0,471,4109.845344
23.0,675,4115.041316
18.0,616,4119.912048
36.0,1000,4127.469533
19.0,683,4132.576745
10.0,477,4136.193733
27.0,785,4142.083751
11.0,574,4146.363
26.0,728,4151.749583
13.0,636,4156.48875
31.0,915,4163.665668
26.0,963,4170.744339
33.0,933,4177.563071
11.0,496,4181.205703
10.0,532,4185.124918
19.0,662,4189.995644
19.0,747,4195.840242
12.0,516,4199.688603
20.0,768,4205.349651
12.0,532,4209.254937
30.0,850,4215.455339
13.0,514,4219.255685
31.0,941,4226.093992
21.0,906,4232.556953
12.0,577,4236.802644
17.0,488,4240.412623
31.0,825,4246.483567
46.0,1027,4254.066625
11.0,468,4257.530242
21.0,790,4263.376265
10.0,473,4266.887268
32.0,870,4273.272741
25.0,902,4279.945838
10.0,541,4283.981657
24.0,764,4289.540139
47.0,1253,4298.761
28.0,1081,4306.790814
14.0,661,4311.634553
15.0,748,4317.122926
28.0,814,4323.157881
21.0,619,4327.691215
16.0,700,4332.906095
12.0,528,4336.734918
32.0,1343,4346.664591
14.0,701,4351.824256
44.0,1109,4359.952981
27.0,863,4366.283047
10.0,475,4369.811867
12.0,550,4373.865394
11.0,536,4377.856926
14.0,605,4382.359449
12.0,550,4386.421793
15.0,646,4391.151572
11.0,515,4394.899782
13.0,637,4399.59944
10.0,468,4403.107937
18.0,685,4408.106113
21.0,805,4414.087704
21.0,817,4420.1135
13.0,596,4424.507466
27.0,859,4430.792
11.0,536,4434.813493
26.0,1654,4447.008029
27.0,875,4453.455253
12.0,580,4457.774514
23.0,829,4463.98852
20.0,519,4467.793741
26.0,862,4474.125661
24.0,797,4479.932335
9.0,442,4483.186378
27.0,843,4489.284552
35.0,1049,4497.006513
23.0,831,4503.095543
12.0,496,4506.76995
29.0,959,4513.717592
14.0,602,4518.137224
27.0,964,4525.214924
32.0,961,4532.334929
32.0,1156,4540.860121
9.0,470,4544.316591
13.0,595,4548.741832
24.0,777,4554.438634
28.0,779,4560.151251
14.0,657,4564.987935
14.0,462,4568.324573
19.0,687,4573.37604
21.0,795,4579.213673
18.0,613,4583.792966
18.0,624,4588.390268
15.0,660,4593.336149
25.0,867,4599.69841
18.0,855,4605.959552
15.0,669,4610.858832
22.0,632,4615.528336
12.0,570,4619.750649
14.0,620,4624.300331
30.0,809,4630.291576
34.0,1036,4637.95165
9.0,457,4641.652732
20.0,693,4646.830663
20.0,816,4652.743502
25.0,843,4658.777277
22.0,762,4664.19803
31.0,944,4670.943962
15.0,675,4675.77242
17.0,541,4679.659637
25.0,800,4685.425834
18.0,668,4690.242528
14.0,1524,4701.105236
25.0,793,4706.80403
13.0,552,4710.795902
37.0,819,4716.612261
27.0,856,4722.691214
16.0,563,4726.698467
17.0,695,4731.64193
13.0,611,4736.007923
35.0,877,4742.407656
19.0,666,4747.249725
14.0,617,4751.724647
38.0,941,4758.52606
23.0,705,4763.656749
24.0,751,4769.113441
49.0,1083,4776.940401
15.0,651,4781.624167
15.0,731,4786.922772
40.0,1037,4794.533591
14.0,535,4798.425839
32.0,860,4804.642411
22.0,786,4810.27343
33.0,674,4815.139625
56.0,1418,4825.405932
11.0,497,4829.005481
18.0,657,4833.731653
11.0,532,4837.589678
21.0,823,4843.505085
11.0,508,4847.227294
12.0,502,4850.851006
10.0,528,4854.721459
16.0,666,4859.471737
9.0,506,4863.088334
30.0,708,4868.121466
19.0,515,4871.870933
11.0,598,4876.120964
24.0,996,4883.504166
18.0,608,4888.081467
19.0,552,4892.239276
8.0,402,4895.239503
19.0,715,4900.552059
23.0,818,4906.686697
13.0,627,4911.40185
14.0,633,4916.109083
19.0,659,4921.002921
30.0,893,4927.669546
14.0,604,4932.169412
50.0,1213,4941.198172
34.0,1103,4949.762723
23.0,700,4954.926421
28.0,963,4962.024821
35.0,847,4968.239086
12.0,592,4972.593632
11.0,530,4976.473804
29.0,959,4983.52319
15.0,548,4987.600054
15.0,679,4992.577053
13.0,554,4996.652888
6.0,390,4999.535337
8.0,443,5002.760159
15.0,654,5007.463418
22.0,774,5013.151572
16.0,576,5018.031372
26.0,811,5024.010358
24.0,712,5029.318527
12.0,502,5033.014532
18.0,820,5039.067811
23.0,671,5044.048807
18.0,591,5048.418209
14.0,633,5053.018996
14.0,525,5056.919148
7.0,378,5059.688461
11.0,537,5063.694377
16.0,720,5068.941772
8.0,466,5072.375953
22.0,779,5077.962809
25.0,796,5083.755615
17.0,619,5088.355794
12.0,525,5092.344286
22.0,888,5098.877422
27.0,560,5102.945107
21.0,692,5108.028765
16.0,541,5112.087463
25.0,920,5118.892328
29.0,774,5124.562412
14.0,602,5129.021657
17.0,707,5134.199304
18.0,834,5140.358485
17.0,579,5144.604206
22.0,756,5150.168682
20.0,958,5157.211478
31.0,3409,5182.140537
38.0,1708,5194.740016
21.0,632,5199.40546
8.0,398,5202.390239
15.0,668,5207.325594
36.0,1015,5214.734222
22.0,1039,5222.307174
24.0,729,5227.672429
17.0,470,5231.133157
31.0,956,5238.133657
36.0,984,5245.343025
25.0,966,5252.541124
9.0,440,5255.789851
18.0,788,5261.546162
14.0,601,5265.98316
24.0,1132,5274.31152
13.0,547,5278.325876
41.0,1040,5285.941263
21.0,869,5292.310834
13.0,629,5296.921052
18.0,638,5301.588295
23.0,1205,5310.501636
18.0,629,5315.12883
16.0,594,5319.464287
17.0,711,5324.634836
28.0,879,5331.028468
16.0,580,5335.283903
45.0,1140,5343.749486
25.0,800,5349.618284
32.0,1105,5357.601241
23.0,770,5363.328018
16.0,706,5368.535227
17.0,655,5373.422915
24.0,799,5379.27669
8.0,398,5382.228824
23.0,678,5387.231654
11.0,542,5391.257614
21.0,610,5395.754613
12.0,403,5398.68791
16.0,699,5403.809276
21.0,766,5409.497926
13.0,586,5413.756654
36.0,1108,5421.879802
23.0,770,5427.509538
18.0,736,5432.946579
13.0,578,5437.227405
32.0,951,5444.235939
18.0,761,5449.919411
25.0,1019,5457.393277
18.0,629,5462.004639
39.0,1047,5469.735829
27.0,855,5476.08474
20.0,635,5480.747441
27.0,954,5487.720076
34.0,1013,5495.102923
14.0,494,5498.741644
25.0,866,5505.02337
40.0,1102,5513.190718
26.0,845,5519.423723
19.0,795,5525.265804
26.0,945,5532.025375
19.0,575,5536.216608
25.0,811,5542.09939
28.0,876,5548.45413
22.0,811,5554.357487
12.0,549,5558.412405
23.0,679,5563.386768
24.0,826,5569.512865
25.0,892,5576.060784
16.0,664,5580.952956
24.0,742,5586.356441
20.0,679,5591.375721
15.0,559,5595.415166
22.0,811,5601.408181
21.0,763,5607.013541
49.0,1062,5614.786827
32.0,963,5621.911498
21.0,943,5628.804022
21.0,747,5634.25473
27.0,732,5639.611553
30.0,841,5645.79115
19.0,689,5650.91571
23.0,815,5656.834485
8.0,382,5659.681967
30.0,829,5665.827081
40.0,997,5673.21827
14.0,598,5677.603411
14.0,661,5682.47777
11.0,470,5685.934958
24.0,786,5691.787292
12.0,582,5696.10349
24.0,728,5701.434053
32.0,757,5706.9151
29.0,919,5713.684549
16.0,700,5718.784914
20.0,669,5723.799165
16.0,597,5728.200187
20.0,798,5734.012905
26.0,830,5740.068491
42.0,1195,5748.90089
15.0,608,5753.373607
26.0,831,5759.436313
31.0,1036,5766.991797
22.0,826,5773.094587
30.0,635,5777.747047
30.0,875,5784.11577
40.0,1027,5791.616343
21.0,828,5797.683692
11.0,542,5801.693692
29.0,964,5808.716058
44.0,1112,5816.778506
4.0,292,5818.938374
21.0,797,5824.782245
29.0,872,5831.12831
43.0,1452,5841.719896
23.0,870,5848.179293
28.0,955,5855.16626
9.0,454,5858.478994
26.0,524,5862.331139
26.0,817,5868.261784
27.0,763,5873.877816
20.0,721,5879.041268
37.0,942,5885.876663
238.0,856,5892.099792
14.0,605,5896.526327
38.0,902,5903.037246
16.0,668,5907.86703
42.0,1051,5915.537463
20.0,867,5921.941326
23.0,668,5927.079451
15.0,677,5931.971921
23.0,815,5937.866692
16.0,611,5942.38888
23.0,752,5948.328109
32.0,852,5954.525283
14.0,548,5958.528762
25.0,885,5964.944654
44.0,1257,5974.019726
13.0,549,5978.03326
42.0,839,5984.096254
11.0,484,5987.586781
27.0,768,5993.275318
24.0,891,5999.814574
11.0,524,6003.704809
21.0,762,6009.229851
41.0,1080,6017.056609
28.0,808,6022.90458
20.0,697,6027.983977
29.0,906,6034.615191
32.0,1794,6047.667012
22.0,879,6054.034803
9.0,444,6057.26571
11.0,536,6061.108097
22.0,824,6067.0133
34.0,802,6072.777612
17.0,456,6076.08974
18.0,1193,6084.661592
25.0,832,6090.659651
41.0,1407,6101.138429
27.0,793,6106.915396
24.0,782,6112.462146
15.0,623,6116.914772
17.0,715,6121.969061
25.0,771,6127.474942
39.0,824,6133.277381
14.0,510,6136.838017
14.0,609,6141.177118
18.0,745,6146.434722
12.0,520,6150.153641
17.0,643,6154.964268
7.0,437,6158.121143
18.0,628,6162.800527
35.0,1379,6172.786484
14.0,732,6179.015741
11.0,487,6182.910316
14.0,563,6187.761216
30.0,881,6194.715738
47.0,1114,6203.846481
15.0,627,6209.534436
10.0,481,6214.214959
10.0,474,6218.762669
50.0,1243,6229.840428
24.0,883,6237.499842
36.0,1117,6247.902277
16.0,662,6254.309845
20.0,709,6261.602173
11.0,579,6266.577158
10.0,457,6270.064357
11.0,643,6275.010756
29.0,853,6281.488432
24.0,699,6286.822591
47.0,1181,6297.419418
18.0,609,6302.366178
54.0,1216,6312.21337
15.0,618,6317.124694
11.0,488,6321.113187
23.0,723,6326.734376
10.0,445,6330.238792
11.0,550,6334.559447
13.0,624,6339.376847
16.0,604,6344.292186
20.0,791,6350.464015
21.0,670,6355.810213
13.0,435,6359.20216
12.0,551,6363.61191
21.0,636,6368.582717
13.0,568,6373.178758
9.0,397,6376.331655
11.0,429,6379.643796
15.0,521,6383.876265
15.0,637,6388.827755
30.0,787,6395.302412
12.0,552,6399.814504
44.0,1093,6408.676042
27.0,1848,6423.457233
9.0,491,6427.316132
9.0,400,6430.378015
15.0,692,6435.631853
8.0,420,6438.937519
20.0,665,6443.933779
11.0,532,6447.978545
17.0,604,6452.517975
21.0,618,6457.168448
7.0,358,6460.051213
19.0,688,6465.208658
30.0,897,6471.98437
13.0,577,6476.358631
20.0,818,6482.655588
16.0,722,6488.164908
16.0,581,6492.57724
30.0,970,6500.391019
18.0,715,6505.958097
16.0,737,6511.765097
41.0,1030,6519.799758
11.0,529,6523.940077
22.0,803,6530.460392
38.0,1140,6539.34482
24.0,753,6545.316797
36.0,806,6551.378911
10.0,445,6554.817756
28.0,744,6560.429289
33.0,1288,6570.478522
11.0,495,6574.322629
20.0,780,6580.397378
10.0,547,6584.635754
24.0,994,6592.176825
18.0,639,6597.045124
13.0,782,6602.961369
39.0,1842,6616.592869
19.0,605,6621.167416
15.0,634,6626.093577
21.0,766,6631.898046
24.0,792,6637.965936
13.0,821,6644.183595
30.0,1081,6652.465054
15.0,572,6656.7565
23.0,838,6663.041641
27.0,742,6668.695975
22.0,890,6675.37803
12.0,552,6679.568624
4.0,291,6681.713147
18.0,672,6686.788667
22.0,766,6692.647121
15.0,728,6698.399422
47.0,1249,6708.096056
15.0,485,6711.811505
16.0,739,6717.613611
16.0,448,6721.078254
22.0,674,6726.339302
15.0,533,6730.467892
11.0,511,6734.761656
30.0,721,6740.396526
55.0,1417,6751.301903
25.0,657,6756.517869
17.0,601,6761.14127
17.0,681,6766.398454
19.0,708,6771.871318
13.0,609,6776.578397
27.0,552,6780.934283
10.0,478,6784.663862
23.0,817,6791.029119
14.0,534,6795.293193
28.0,1105,6804.469043
24.0,757,6810.632701
21.0,840,6817.66162
29.0,846,6825.161782
12.0,790,6832.047575
26.0,1067,6840.805509
32.0,831,6847.24908
37.0,1038,6855.370737
31.0,1230,6864.88223
29.0,865,6871.801935
15.0,657,6876.889509
27.0,784,6882.903185
52.0,1192,6892.350723
20.0,715,6898.381909
23.0,1207,6907.945604
12.0,581,6912.427383
13.0,604,6916.972234
17.0,714,6922.52812
18.0,769,6928.311178
11.0,511,6932.422735
23.0,788,6938.548377
8.0,400,6941.6311
35.0,736,6947.129554
13.0,575,6951.501941
10.0,501,6955.181279
22.0,648,6959.993407
29.0,946,6966.99196
20.0,446,6970.272626
17.0,702,6975.547778
13.0,598,6979.924967
13.0,606,6984.408343
15.0,663,6989.252299
10.0,456,6992.585463
17.0,643,6997.374486
20.0,740,7002.915314
25.0,797,7008.985335
13.0,454,7012.530082
35.0,1013,7020.165732
13.0,654,7024.976666
11.0,520,7028.871813
29.0,1061,7036.654974
17.0,547,7040.755313
20.0,721,7046.141729
27.0,805,7052.206247
15.0,661,7057.134913
11.0,533,7061.117492
22.0,644,7065.924392
16.0,668,7070.94047
30.0,1158,7079.681646
27.0,645,7084.44485
7.0,369,7087.194068
19.0,504,7090.933368
15.0,485,7094.528626
37.0,1101,7102.72358
26.0,954,7109.855273
23.0,735,7115.272448
19.0,539,7119.302617
22.0,789,7125.15124
7.0,383,7128.00293
13.0,585,7132.282981
22.0,743,7137.801717
17.0,633,7142.499218
43.0,1073,7150.509722
21.0,782,7156.293194
49.0,1048,7164.090026
27.0,709,7169.306691
15.0,718,7174.641716
13.0,605,7179.091888
24.0,730,7184.515604
6.0,372,7187.268915
20.0,714,7192.55988
12.0,575,7196.816929
19.0,909,7203.521283
15.0,619,7208.114755
13.0,919,7214.913426
15.0,665,7219.829011
9.0,439,7223.12859
10.0,470,7226.610498
21.0,763,7232.293437
17.0,684,7237.342676
14.0,641,7242.098142
23.0,563,7246.279447
20.0,725,7251.598727
27.0,894,7258.219906
19.0,801,7264.292693
12.0,517,7268.137626
33.0,933,7275.068554
30.0,864,7281.420888
15.0,675,7286.504571
37.0,1030,7294.115007
34.0,814,7300.147323
22.0,792,7306.303571
35.0,1044,7314.265482
19.0,648,7319.150365
25.0,805,7325.117975
15.0,646,7329.904093
25.0,790,7335.661451
30.0,1018,7343.293134
32.0,907,7350.054707
24.0,835,7356.158815
15.0,671,7361.13577
23.0,1013,7368.758797
26.0,790,7375.22387
18.0,562,7379.359698
12.0,610,7383.821701
16.0,586,7388.721848
19.0,686,7394.095154
22.0,757,7399.602243
14.0,578,7403.872849
7.0,404,7406.847686
15.0,637,7411.432588
33.0,965,7418.583319
29.0,877,7425.049175
25.0,843,7431.275803
24.0,535,7435.236329
6.0,317,7437.557315
20.0,604,7441.981034
8.0,362,7444.689332
19.0,589,7449.044535
20.0,565,7453.226807
12.0,560,7457.328485
29.0,921,7464.124831
22.0,495,7467.848097
22.0,746,7473.402774
15.0,692,7478.480556
11.0,911,7485.173703
9.0,517,7488.956855
37.0,808,7495.041625
19.0,746,7500.602075
30.0,1247,7509.902216
9.0,430,7513.0531
18.0,1013,7520.630898
14.0,653,7525.540061
27.0,775,7531.354998
20.0,830,7537.752903
4.0,273,7539.782881
27.0,1059,7547.811736
21.0,1400,7558.180606
27.0,800,7564.339314
30.0,671,7569.376132
15.0,548,7573.596969
6.0,496,7577.312161
14.0,468,7580.809361
9.0,455,7584.216946
9.0,421,7587.301718
22.0,714,7592.650706
15.0,585,7596.966458
20.0,746,7602.515409
32.0,1058,7610.37866
23.0,870,7616.846113
11.0,664,7621.7665
25.0,797,7627.675395
17.0,597,7632.143111
9.0,470,7635.595048
25.0,938,7642.623873
12.0,434,7645.873707
18.0,721,7651.216481
20.0,871,7657.752349
30.0,725,7663.136647
20.0,683,7668.239738
30.0,911,7675.038768
9.0,464,7678.467701
19.0,661,7683.433692
11.0,489,7687.032678
14.0,498,7690.715309
12.0,498,7694.417454
24.0,669,7699.416936
20.0,503,7703.193794
31.0,851,7709.498039
21.0,768,7715.274657
19.0,749,7720.821658
10.0,501,7725.118238
14.0,647,7729.903871
40.0,1063,7737.794038
27.0,714,7743.112417
29.0,798,7748.935494
13.0,592,7753.285902
20.0,658,7758.09512
14.0,635,7762.738077
18.0,704,7767.929682
28.0,868,7774.296164
24.0,748,7779.710978
23.0,1654,7791.832122
29.0,711,7797.034784
11.0,479,7800.50405
22.0,497,7804.098278
27.0,911,7810.746294
26.0,1554,7822.197856
24.0,930,7829.042149
16.0,759,7834.61029
24.0,675,7839.622654
16.0,566,7843.761018
14.0,608,7848.205439
16.0,688,7853.270716
15.0,589,7857.614334
29.0,816,7863.617778
15.0,637,7868.317251
18.0,693,7873.392561
12.0,559,7877.504913
23.0,683,7882.476326
21.0,783,7888.227512
18.0,525,7892.122194
7.0,379,7894.903208
19.0,800,7900.879538
14.0,542,7904.878107
14.0,588,7909.188399
46.0,1048,7916.795019
18.0,597,7921.168185
13.0,518,7925.005002
25.0,929,7931.841552
21.0,629,7936.439199
16.0,623,7940.981849
9.0,523,7944.902612
37.0,1312,7954.629024
12.0,513,7958.443478
21.0,1626,7970.385957
17.0,689,7975.515387
22.0,983,7982.78494
16.0,658,7987.608262
8.0,419,7990.686383
11.0,471,7994.136271
46.0,1053,8002.037837
60.0,1502,8013.105778
27.0,837,8019.208071
12.0,599,8023.563436
39.0,1112,8031.767208
15.0,582,8036.100535
35.0,1038,8043.719224
14.0,609,8048.197601
37.0,1125,8056.621238
10.0,550,8060.720855
21.0,616,8065.241171
16.0,1871,8079.049652
19.0,773,8084.785101
20.0,695,8089.947984
16.0,650,8094.733008
16.0,596,8099.152583
27.0,797,8104.998712
26.0,820,8111.004435
26.0,785,8116.84213
22.0,697,8121.923778
16.0,635,8126.645926
43.0,1572,8138.225073
16.0,723,8143.557556
16.0,518,8147.355196
11.0,544,8151.375519
30.0,1400,8161.663589
20.0,641,8166.42044
22.0,666,8171.300795
18.0,644,8176.050407
22.0,754,8181.556195
22.0,893,8188.099878
30.0,961,8195.256809
8.0,412,8198.355124
19.0,609,8202.791096
22.0,622,8207.792157
21.0,779,8213.859106
27.0,1001,8221.641957
25.0,757,8227.445602
19.0,654,8232.350303
12.0,490,8235.917633
10.0,458,8239.068254
21.0,884,8245.268842
18.0,813,8250.759241
26.0,924,8257.018105
14.0,645,8261.449646
14.0,729,8266.44301
21.0,656,8270.908197
25.0,917,8277.152912
28.0,909,8283.495212
27.0,961,8289.958899
10.0,518,8293.476358
38.0,1023,8300.321419
19.0,1146,8308.430987
27.0,871,8314.469999
20.0,731,8319.532508
22.0,678,8324.142772
15.0,829,8329.890958
15.0,892,8336.217992
31.0,881,8342.757367
25.0,768,8348.52018
34.0,882,8355.088905
19.0,698,8360.235546
2.0,217,8361.885734
6.0,391,8364.834237
16.0,394,8367.762031
28.0,791,8373.569513
17.0,892,8380.116061
25.0,735,8385.551224
27.0,811,8391.513293
16.0,569,8395.700045
12.0,566,8400.03448
27.0,754,8405.693683
21.0,714,8411.048578
35.0,996,8418.514639
19.0,672,8423.548982
17.0,587,8427.857819
13.0,601,8432.47224
24.0,808,8438.388739
17.0,575,8442.627003
16.0,578,8446.878471
28.0,792,8452.873415
15.0,647,8457.586586
17.0,746,8463.107669
20.0,813,8469.148934
23.0,698,8474.404665
13.0,653,8479.231501
16.0,697,8484.631603
21.0,840,8490.956291
27.0,858,8497.365937
18.0,637,8502.017982
22.0,769,8507.676248
12.0,428,8510.841815
8.0,454,8514.246991
10.0,478,8517.930065
14.0,618,8522.565724
12.0,559,8526.720565
16.0,773,8532.439094
31.0,1007,8540.177457
22.0,773,8546.369957
9.0,511,8550.462256
7.0,403,8553.666327
11.0,544,8557.789448
37.0,881,8564.477366
13.0,466,8567.885291
14.0,631,8572.694641
23.0,687,8577.725468
28.0,993,8584.98979
26.0,902,8591.646267
22.0,753,8597.284973
31.0,858,8603.628037
11.0,578,8607.888554
25.0,784,8613.671263
14.0,521,8617.57474
17.0,506,8621.336793
23.0,681,8626.331301
18.0,666,8631.24914
14.0,647,8636.045904
14.0,701,8641.226405
31.0,746,8646.717695
15.0,845,8652.903166
33.0,703,8658.207379
42.0,1095,8666.297334
40.0,970,8673.463544
12.0,566,8677.713387
20.0,813,8683.810233
35.0,998,8691.168608
25.0,1108,8699.335354
26.0,953,8706.379366
18.0,652,8711.236601
15.0,648,8716.018142
10.0,377,8718.80422
47.0,950,8725.848291
12.0,547,8729.973308
21.0,787,8735.810521
29.0,783,8741.578055
23.0,690,8746.742722
43.0,1123,8755.059896
25.0,826,8761.156987
19.0,808,8767.101259
13.0,594,8771.452499
10.0,539,8775.492953
11.0,573,8779.722966
27.0,634,8784.446318
17.0,653,8789.225936
16.0,671,8794.27862
14.0,618,8798.83336
18.0,896,8805.479962
28.0,958,8812.520679
11.0,580,8816.85421
13.0,595,8821.415079
47.0,1423,8832.26508
23.0,735,8837.667317
20.0,652,8842.615586
17.0,656,8847.673227
32.0,967,8854.868435
24.0,603,8859.678933
18.0,1354,8869.989148
9.0,500,8873.710574
16.0,1020,8881.182739
16.0,720,8886.450914
21.0,743,8892.005031
5.0,293,8894.300977
25.0,977,8901.662607
13.0,685,8906.780401
22.0,771,8912.600294
13.0,526,8916.431934
21.0,673,8921.333299
17.0,782,8927.03347
10.0,496,8930.742614
14.0,575,8934.950848
17.0,592,8939.246006
31.0,1029,8946.718296
17.0,734,8952.114331
20.0,697,8957.311153
8.0,411,8960.26756
18.0,607,8964.745909
8.0,347,8967.324416
9.0,405,8970.391863
21.0,726,8975.734987
11.0,550,8979.684193
8.0,415,8982.782033
29.0,1011,8990.267322
8.0,417,8993.30026
13.0,649,8998.006447
20.0,768,9003.769235
22.0,751,9009.179945
12.0,563,9013.416572
18.0,688,9018.475008
15.0,608,9023.18333
15.0,686,9028.209331
29.0,842,9034.43447
27.0,843,9040.637982
12.0,520,9044.462879
14.0,599,9048.782491
35.0,994,9056.069287
10.0,463,9059.454217
23.0,652,9064.270464
21.0,787,9069.987645
23.0,705,9075.063569
8.0,445,9078.408543
11.0,424,9081.560277
11.0,476,9085.064126
12.0,570,9089.225282
29.0,772,9094.848203
19.0,596,9099.270295
20.0,654,9104.110172
21.0,583,9108.46855
23.0,666,9113.382909
23.0,704,9118.559416
14.0,572,9122.70798
17.0,1076,9130.665173
13.0,637,9135.299644
17.0,624,9139.935566
11.0,403,9142.950137
21.0,1360,9152.949525
25.0,1124,9161.21044
24.0,896,9167.835541
20.0,622,9172.361598
11.0,515,9176.101118
6.0,366,9178.804966
24.0,756,9184.480648
22.0,717,9189.714056
28.0,896,9196.246236
14.0,563,9200.327381
20.0,753,9205.927552
10.0,433,9209.111226
21.0,693,9214.151246
16.0,775,9219.771665
14.0,611,9224.243069
18.0,807,9230.155672
13.0,454,9233.437953
16.0,551,9237.494376
20.0,638,9242.141175
27.0,889,9248.700496
16.0,699,9253.863324
33.0,976,9260.956186
31.0,872,9267.479617
9.0,468,9270.937767
12.0,531,9274.783776
25.0,971,9281.925601
21.0,761,9287.498749
17.0,642,9292.188222
19.0,792,9298.076618
26.0,755,9303.449519
22.0,801,9309.347517
21.0,569,9313.534242
23.0,813,9319.475688
14.0,657,9324.3659
14.0,559,9328.536782
19.0,889,9335.008652
12.0,552,9339.051332
26.0,802,9345.000009
15.0,690,9350.153228
27.0,952,9357.084585
20.0,792,9362.938821
17.0,786,9368.738565
19.0,777,9374.495026
24.0,969,9381.592676
30.0,956,9388.611603
19.0,658,9393.448768
14.0,578,9397.777905
32.0,970,9404.997656
47.0,1301,9414.430218
17.0,735,9419.881891
17.0,635,9424.579386
24.0,768,9430.228738
23.0,1092,9438.02915
18.0,654,9442.80559
18.0,644,9447.562543
31.0,1138,9455.841943
42.0,1974,9470.247805
33.0,984,9477.50283
22.0,681,9482.552531
19.0,816,9488.584882
22.0,703,9493.618446
31.0,939,9500.428254
16.0,690,9505.580677
26.0,1124,9513.723622
13.0,589,9518.111759
32.0,1076,9525.915686
31.0,677,9531.002478
14.0,555,9535.113782
15.0,599,9539.432856
21.0,1378,9549.532503
16.0,716,9554.905226
25.0,1068,9562.691759
29.0,757,9568.236575
10.0,527,9572.069045
18.0,821,9578.105243
29.0,962,9585.112891
8.0,444,9588.324631
16.0,599,9592.611544
22.0,873,9599.064676
16.0,1024,9606.539659
15.0,604,9610.856316
17.0,566,9614.951065
22.0,724,9620.248361
16.0,680,9625.239472
21.0,747,9630.677393
17.0,666,9635.475759
14.0,647,9640.248966
31.0,1018,9647.671884
28.0,887,9654.225764
8.0,396,9657.16613
13.0,582,9661.440148
11.0,550,9665.365725
22.0,641,9670.035714
26.0,955,9676.901586
37.0,1158,9685.497155
13.0,548,9689.46277
26.0,834,9695.512447
35.0,1008,9702.808591
38.0,1996,9717.519761
13.0,576,9721.65185
29.0,793,9727.450771
26.0,787,9733.555031
23.0,634,9738.235358
19.0,890,9744.820811
17.0,810,9750.626097
48.0,1373,9760.466075
21.0,673,9765.663182
14.0,559,9770.070894
21.0,878,9776.554139
19.0,1149,9784.949256
25.0,984,9792.189637
30.0,659,9796.997784
14.0,754,9802.46557
22.0,1499,9813.213814
20.0,700,9818.375302
23.0,614,9822.82638
36.0,1325,9832.397065
35.0,943,9839.380245
34.0,1008,9846.744116
12.0,646,9851.52885
36.0,972,9858.509733
26.0,1053,9866.251972
31.0,1134,9874.463273
19.0,741,9879.792161
25.0,806,9885.665383
9.0,403,9888.580028
17.0,580,9892.921425
42.0,1345,9902.56833
13.0,765,9908.234801
18.0,807,9914.069039
20.0,717,9919.24513
12.0,653,9924.115757
17.0,680,9929.085317
24.0,836,9935.135634
30.0,2010,9950.058915
7.0,360,9952.726913
20.0,780,9958.406542
28.0,857,9964.656006
38.0,727,9969.977158
22.0,802,9975.701604
12.0,581,9979.93208
18.0,747,9985.32999
28.0,906,9991.903713
14.0,578,9996.065607
10.0,541,9999.946479
27.0,1095,10007.984402
29.0,925,10014.751133
22.0,700,10019.860218
21.0,722,10025.129651
17.0,664,10029.896425
21.0,585,10034.208541
38.0,1006,10041.377238
33.0,831,10047.511525
23.0,793,10053.274836
13.0,569,10057.538074
31.0,980,10064.685588
22.0,617,10069.146476
15.0,657,10074.038986
22.0,715,10079.35282
19.0,747,10084.918436
23.0,774,10090.478004
27.0,963,10097.557712
18.0,745,10103.071922
11.0,476,10106.516386
14.0,578,10110.671319
38.0,1001,10117.853065
20.0,873,10124.240803
25.0,813,10130.092432
29.0,829,10136.156526
33.0,929,10142.900765
12.0,515,10146.637043
9.0,414,10149.613101
27.0,1130,10157.754195
15.0,646,10162.522602
12.0,587,10166.869081
24.0,885,10173.224732
22.0,557,10177.218979
20.0,740,10182.56839
27.0,886,10189.012743
18.0,610,10193.489321
29.0,946,10200.279933
13.0,458,10203.61091
14.0,650,10208.355874
29.0,742,10213.719712
15.0,518,10217.506803
51.0,1188,10226.343221
15.0,361,10229.006268
11.0,447,10232.242743
20.0,1316,10241.79564
41.0,1149,10250.147595
25.0,890,10256.669289
36.0,988,10263.951319
20.0,664,10268.790277
18.0,692,10273.838403
16.0,732,10279.10564
11.0,492,10282.779209
18.0,588,10287.098727
25.0,1267,10296.330114
14.0,612,10300.869177
21.0,635,10305.486116
44.0,1045,10313.054594
35.0,789,10319.111507
12.0,535,10323.042364
16.0,682,10328.016138
18.0,635,10332.617811
32.0,664,10337.552889
61.0,1236,10346.729364
17.0,490,10350.260105
18.0,723,10355.491544
13.0,587,10359.80573
31.0,821,10365.818023
15.0,560,10369.887489
19.0,683,10374.903488
21.0,786,10380.721877
16.0,588,10385.107151
21.0,825,10391.055427
10.0,503,10394.693549
25.0,1117,10402.91632
24.0,685,10407.876829
12.0,432,10410.994411
10.0,501,10414.660135
24.0,990,10421.858956
25.0,874,10428.240336
19.0,726,10433.51615
16.0,731,10438.874672
26.0,772,10444.552686
19.0,558,10448.698271
7.0,382,10451.516482
14.0,533,10455.353877
19.0,805,10461.200418
15.0,686,10466.309654
14.0,611,10471.259024
21.0,614,10475.754287
12.0,530,10479.614534
17.0,645,10484.534804
17.0,524,10488.545801
22.0,643,10493.335404
25.0,911,10499.977212
20.0,1068,10508.261853
26.0,878,10515.137403
22.0,650,10520.33663
33.0,812,10526.237218
29.0,1001,10534.817728
28.0,2137,10550.915323
18.0,660,10555.785321
12.0,596,10559.942087
30.0,520,10563.639238
38.0,1201,10572.530432
23.0,839,10578.536753
12.0,553,10582.563107
16.0,635,10587.119285
29.0,792,10592.865102
24.0,761,10598.55521
24.0,843,10604.88421
28.0,733,10610.403288
20.0,591,10614.839324
28.0,773,10620.649446
11.0,520,10624.541895
22.0,651,10629.255724
23.0,608,10633.730877
35.0,965,10640.713543
19.0,843,10647.143259
23.0,719,10652.799848
25.0,760,10658.847552
35.0,802,10665.574952
11.0,591,10670.970055
12.0,584,10676.150124
26.0,867,10683.347023
16.0,572,10687.611333
29.0,1078,10696.108034
12.0,560,10700.598772
40.0,1316,10710.959209
38.0,955,10718.185495
7.0,369,10720.869146
14.0,617,10725.771043
12.0,519,10729.858435
20.0,523,10733.735576
16.0,695,10739.30548
18.0,716,10744.706828
14.0,803,10750.686015
28.0,781,10756.887671
28.0,983,10765.716814
19.0,639,10771.215035
11.0,569,10775.929796
27.0,796,10783.790371
21.0,734,10790.789766
27.0,767,10797.221823
56.0,875,10803.583286
16.0,593,10807.906384
16.0,882,10814.407024
22.0,767,10820.12731
21.0,660,10826.202961
52.0,1241,10836.426688
20.0,864,10843.961622
16.0,541,10848.883529
33.0,839,10855.233219
30.0,949,10863.025304
19.0,682,10867.912494
23.0,719,10873.328991
13.0,589,10877.598903
25.0,703,10882.819514
42.0,1071,10890.878056
11.0,468,10894.695204
15.0,621,10899.327875
16.0,678,10904.305365
37.0,991,10912.012494
27.0,772,10918.659252
14.0,616,10923.845197
22.0,705,10929.037979
29.0,1096,10938.622816
39.0,942,10946.034219
30.0,925,10955.330256
36.0,995,10969.187079
17.0,573,10973.465757
25.0,865,10979.942327
29.0,954,10987.732962
39.0,1013,10996.352032
37.0,862,11003.735775
21.0,1071,11012.922141
19.0,572,11017.874886
16.0,608,11023.140636
24.0,738,11030.084115
11.0,562,11035.531733
28.0,1026,11045.198156
15.0,589,11050.159672
14.0,600,11054.631636
23.0,763,11060.475906
30.0,810,11066.813419
38.0,1571,11078.823315
19.0,549,11082.8599
26.0,673,11087.905028
16.0,671,11093.105407
14.0,492,11096.792983
11.0,511,11100.637904
42.0,1087,11108.787796
26.0,794,11114.702997
27.0,739,11120.413645
30.0,939,11127.335822
22.0,830,11133.376129
22.0,729,11138.668191
28.0,761,11144.176397
12.0,505,11147.872133
20.0,701,11153.033647
20.0,819,11158.975289
23.0,695,11164.019359
15.0,691,11169.053831
26.0,1041,11176.790653
15.0,616,11181.268944
26.0,870,11187.614013
26.0,1025,11195.064096
19.0,685,11200.049717
13.0,458,11203.362674
12.0,525,11207.145717
20.0,872,11213.502903
20.0,1083,11221.377165
19.0,764,11226.981278
24.0,825,11233.076179
30.0,1006,11240.340706
7.0,490,11244.001709
10.0,478,11247.443069
8.0,428,11250.584381
20.0,681,11255.64246
13.0,529,11259.53754
13.0,559,11263.552584
12.0,506,11267.157578
16.0,606,11271.556887
21.0,767,11277.173378
18.0,715,11282.33864
9.0,432,11285.414929
25.0,653,11290.170363
30.0,916,11296.789578
15.0,643,11301.480972
18.0,833,11307.554559
15.0,556,11311.569792
32.0,978,11318.886817
28.0,1007,11326.22226
29.0,1016,11333.716261
14.0,628,11338.234629
34.0,990,11345.451278
35.0,1489,11356.261808
17.0,677,11361.183546
36.0,1037,11369.504126
15.0,597,11374.109469
26.0,866,11380.960016
15.0,421,11384.353429
11.0,696,11389.981603
11.0,579,11394.683665
42.0,1204,11404.151925
11.0,592,11408.763599
18.0,892,11415.942803
16.0,597,11420.969258
16.0,930,11430.456611
24.0,1269,11440.541336
25.0,887,11447.644322
17.0,635,11452.939803
23.0,715,11459.222473
22.0,705,11465.478195
12.0,579,11470.107347
5.0,291,11472.390354
19.0,526,11476.507168
9.0,488,11480.261275
28.0,857,11486.787579
23.0,791,11492.819038
27.0,1009,11500.434
6.0,341,11503.026752
14.0,728,11508.654666
18.0,780,11514.65661
7.0,350,11517.330045
32.0,1438,11528.420421
30.0,815,11534.773675
19.0,798,11540.850332
27.0,1077,11549.01978
4.0,241,11550.815819
15.0,581,11555.124601
13.0,546,11559.180326
25.0,550,11563.236206
20.0,817,11569.240164
38.0,1630,11581.228623
22.0,848,11587.65388
14.0,612,11592.195278
27.0,786,11598.016167
19.0,666,11602.904282
29.0,903,11609.599046
21.0,596,11613.968251
41.0,1977,11628.584295
16.0,726,11633.949488
27.0,733,11639.422304
10.0,500,11643.1979
37.0,1005,11650.638448
15.0,599,11655.085789
18.0,748,11660.672928
14.0,1044,11668.358593
13.0,579,11672.620487
26.0,613,11677.148251
18.0,753,11682.653674
21.0,1113,11690.816477
30.0,914,11697.654332
14.0,664,11702.563476
12.0,531,11706.52949
29.0,794,11712.337976
33.0,1377,11722.497104
19.0,875,11728.957295
28.0,928,11735.766798
18.0,636,11740.443284
26.0,1031,11748.024901
16.0,700,11753.263247
20.0,676,11758.237115
26.0,909,11764.983046
29.0,1139,11773.414087
20.0,768,11779.099241
37.0,1022,11786.678368
8.0,386,11789.562058
16.0,672,11794.492049
30.0,910,11801.197793
16.0,548,11805.258657
12.0,559,11809.353322
21.0,601,11813.750634
35.0,871,11820.195747
11.0,499,11823.888957
26.0,832,11829.987503
22.0,834,11836.08109
22.0,801,11841.927037
65.0,1530,11853.217195
17.0,473,11856.713741
19.0,735,11862.122175
17.0,601,11866.499752
8.0,453,11869.882908
30.0,986,11877.114442
12.0,546,11881.162053
25.0,702,11886.299316
11.0,527,11890.210503
24.0,729,11895.530846
28.0,635,11900.182663
20.0,844,11906.414006
15.0,633,11911.06997
12.0,552,11915.163039
27.0,823,11921.179398
13.0,548,11925.273396
35.0,1014,11932.740014
10.0,445,11936.054776
33.0,925,11942.91802
22.0,755,11948.41917
15.0,613,11952.944506
25.0,482,11956.457299
13.0,572,11960.658994
6.0,347,11963.360477
16.0,675,11968.419888
11.0,535,11972.382455
21.0,749,11977.858184
18.0,1382,11987.9952
24.0,751,11993.575291
19.0,767,11999.21684
21.0,666,12004.135477
21.0,691,12009.230903
18.0,927,12016.020937
26.0,696,12021.195824
13.0,565,12025.390974
23.0,649,12030.162649
12.0,554,12034.335279
17.0,695,12039.378059
20.0,745,12044.847661
18.0,458,12048.229957
18.0,510,12052.073978
31.0,863,12058.401942
16.0,674,12063.270993
26.0,917,12070.038148
9.0,737,12075.457165
36.0,956,12082.470449
30.0,903,12089.087925
30.0,951,12096.17215
30.0,903,12102.885302
13.0,486,12106.466705
30.0,972,12113.615676
15.0,741,12119.051444
12.0,1008,12126.53402
23.0,878,12132.940177
16.0,614,12137.486251
15.0,542,12141.50155
23.0,752,12147.120373
26.0,938,12154.040761
13.0,571,12158.303815
16.0,674,12163.240187
19.0,725,12168.523821
18.0,759,12174.076788
34.0,909,12180.670887
20.0,636,12185.29447
17.0,705,12190.478006
26.0,675,12195.543281
19.0,647,12200.306177
13.0,578,12204.552357
13.0,551,12208.634071
16.0,838,12214.751513
18.0,446,12218.028214
19.0,658,12222.872233
54.0,1290,12232.387186
10.0,462,12235.803976
9.0,468,12239.208946
33.0,1034,12246.68477
19.0,642,12251.445995
28.0,895,12257.96052
15.0,681,12263.010804
13.0,566,12267.186717
18.0,1021,12274.727468
16.0,780,12280.458643
15.0,527,12284.340941
10.0,476,12287.827109
19.0,546,12291.955178
21.0,716,12297.189746
18.0,622,12301.741232
23.0,853,12307.990843
25.0,816,12314.015038
14.0,538,12317.967645
26.0,966,12325.160222
17.0,767,12330.831733
16.0,635,12335.87
28.0,926,12342.735572
13.0,596,12347.21223
20.0,699,12352.702717
27.0,1039,12360.594223
28.0,946,12367.57559
43.0,1239,12376.750954
42.0,1348,12386.646529
10.0,503,12390.374025
36.0,1003,12397.804757
15.0,679,12402.77067
15.0,641,12407.494929
20.0,651,12412.302554
30.0,883,12418.81399
9.0,441,12422.026117
31.0,892,12428.592588
16.0,757,12434.242648
24.0,855,12440.498036
13.0,582,12444.86957
22.0,807,12450.861031
25.0,832,12457.01153
25.0,882,12463.489223
21.0,870,12469.908381
22.0,710,12475.114424
13.0,597,12479.568393
13.0,436,12482.809377
9.0,425,12485.958213
22.0,755,12491.498055
25.0,1190,12500.27465
23.0,1525,12511.546713
11.0,616,12516.073426
14.0,539,12520.063003
5.0,310,12522.370246
18.0,656,12527.214962
7.0,414,12530.324936
11.0,480,12533.821348
10.0,441,12537.116957
18.0,677,12542.125564
26.0,1095,12550.214647
31.0,987,12557.417764
31.0,669,12562.363523
16.0,801,12568.269835
16.0,544,12572.343155
21.0,792,12578.155557
23.0,700,12583.3586
30.0,804,12589.28416
27.0,876,12595.797789
25.0,866,12602.172548
33.0,968,12609.444
20.0,605,12613.856945
22.0,1053,12621.716447
29.0,642,12626.542243
27.0,984,12633.88534
13.0,612,12638.446057
20.0,754,12643.956502
25.0,783,12649.786725
17.0,485,12653.42748
35.0,920,12660.190754
22.0,728,12665.65688
24.0,711,12670.948475
20.0,686,12676.009007
26.0,581,12680.24044
29.0,793,12686.095392
21.0,723,12691.415044
20.0,555,12695.544178
20.0,685,12700.540035
28.0,888,12707.060043
14.0,573,12711.219604
15.0,1378,12721.484434
27.0,841,12727.737889
17.0,752,12733.293885
23.0,807,12739.207045
11.0,573,12743.49493
27.0,724,12748.805794
14.0,600,12753.27439
26.0,901,12759.939767
22.0,766,12765.609823
31.0,955,12772.723619
10.0,459,12776.092667
19.0,951,12783.108511
32.0,1238,12792.285514
24.0,689,12797.390426
28.0,1282,12806.856266
11.0,459,12810.243101
46.0,1361,12820.268879
14.0,651,12825.058286
25.0,1167,12833.700693
34.0,1091,12841.809638
21.0,722,12847.199054
17.0,618,12851.770745
21.0,793,12857.597236
20.0,831,12863.783215
31.0,1583,12875.35225
18.0,703,12880.587057
16.0,713,12885.820048
27.0,823,12891.882636
18.0,583,12896.20854
23.0,742,12901.645003
28.0,940,12908.519109
27.0,819,12914.525121
17.0,603,12919.058167
33.0,925,12925.890218
31.0,1132,12934.221367
13.0,461,12937.617073
22.0,1141,12946.034904
36.0,933,12952.99512
16.0,628,12957.604551
17.0,629,12962.207699
16.0,772,12967.935323
18.0,867,12974.337309
30.0,1011,12981.792428
23.0,878,12988.312059
18.0,792,12994.217104
27.0,934,13001.033435
23.0,734,13006.459275
39.0,1323,13016.230254
34.0,944,13023.291719
34.0,925,13030.180003
14.0,616,13034.756651
29.0,931,13041.629441
49.0,1134,13050.163935
12.0,615,13054.755475
14.0,589,13059.149593
12.0,535,13063.191539
45.0,1091,13071.354965
23.0,850,13077.700095
22.0,766,13083.437004
49.0,1460,13094.197409
23.0,832,13100.36723
27.0,824,13106.479871
40.0,1181,13115.236479
30.0,1124,13123.489875
24.0,712,13128.780096
15.0,581,13133.070394
29.0,935,13139.960281
19.0,711,13145.192287
34.0,1025,13152.721409
23.0,626,13157.351781
25.0,755,13162.976187
27.0,723,13168.32193
23.0,825,13174.449505
20.0,725,13179.749805
22.0,953,13186.826906
12.0,483,13190.416217
20.0,785,13196.21966
17.0,727,13201.510634
30.0,1066,13209.382351
21.0,659,13214.231196
21.0,781,13219.986017
19.0,875,13226.501592
22.0,760,13232.072953
30.0,935,13239.067757
14.0,577,13243.741297
29.0,1472,13254.961575
25.0,874,13261.435527
17.0,607,13265.938161
22.0,616,13270.511445
24.0,588,13274.835839
30.0,970,13282.022223
11.0,548,13286.081827
13.0,675,13291.069422
43.0,1745,13303.89586
9.0,803,13309.793478
10.0,677,13314.786917
27.0,584,13319.162418
14.0,642,13323.933051
15.0,612,13328.470103
12.0,589,13332.82641
26.0,1513,13344.035273
18.0,715,13349.347567
21.0,867,13355.736446
24.0,866,13362.142469
7.0,363,13364.852708
11.0,599,13369.248114
21.0,714,13374.513727
24.0,708,13379.733738
12.0,529,13383.661094
25.0,1035,13391.335439
26.0,987,13398.590937
16.0,674,13403.606004
25.0,991,13410.924712
14.0,627,13415.578175
11.0,470,13419.056454
22.0,766,13424.730129
12.0,579,13429.014807
23.0,534,13432.90996
9.0,438,13436.123038
19.0,692,13441.178119
17.0,605,13445.746209
24.0,731,13451.104379
19.0,555,13455.186138
17.0,766,13460.979094
23.0,803,13467.018044
29.0,881,13473.558963
19.0,1477,13484.425014
13.0,571,13488.652205
33.0,919,13495.507549
35.0,799,13501.51844
23.0,913,13508.249259
13.0,584,13512.539796
27.0,808,13518.555868
37.0,928,13525.52561
34.0,872,13531.994566
24.0,635,13536.791711
27.0,1474,13547.764715
14.0,481,13551.343424
17.0,674,13556.421643
16.0,605,13560.836529
15.0,626,13565.664548
21.0,867,13572.097265
12.0,550,13576.143375
23.0,650,13580.973869
6.0,376,13583.856176
23.0,858,13590.205617
45.0,1038,13597.890721
12.0,792,13603.773906
17.0,723,13609.190676
40.0,919,13615.982755
32.0,906,13622.606906
8.0,400,13625.656746
25.0,665,13630.782033
11.0,514,13634.59909
18.0,623,13639.58072
22.0,774,13645.35295
21.0,811,13651.54166
18.0,646,13656.470405
42.0,1091,13664.735404
13.0,622,13669.308948
21.0,843,13675.573577
20.0,757,13681.196546
17.0,717,13686.549218
12.0,585,13690.873396
23.0,899,13697.556275
15.0,710,13702.864673
15.0,630,13707.475939
13.0,622,13712.084006
30.0,838,13718.339273
10.0,352,13720.946153
31.0,1497,13732.081254
51.0,939,13738.993634
18.0,1299,13748.705955
6.0,338,13751.20454
26.0,878,13757.729017
8.0,403,13760.728646
13.0,578,13765.020089
41.0,1484,13775.964766
23.0,811,13782.03028
19.0,651,13786.875268
20.0,719,13792.230631
38.0,1166,13800.83184
40.0,1179,13809.498949
14.0,486,13813.092277
12.0,601,13817.556684
12.0,545,13821.651049
19.0,1248,13830.96021
43.0,1061,13838.761759
8.0,399,13841.796774
17.0,572,13846.048294
20.0,679,13851.053582
9.0,356,13853.78535
25.0,784,13859.739192
20.0,717,13865.081162
21.0,893,13871.659709
7.0,338,13874.177222
11.0,513,13878.007761
15.0,635,13882.680008
13.0,568,13886.929731
15.0,565,13891.109143
28.0,831,13897.233409
13.0,547,13901.28227
9.0,460,13904.703746
33.0,1248,13913.949201
11.0,436,13917.259715
6.0,352,13919.904577
27.0,861,13926.262414
34.0,963,13933.472821
14.0,586,13937.794311
12.0,477,13941.303516
41.0,677,13946.40724
22.0,735,13951.873736
14.0,546,13955.896775
19.0,756,13961.558183
26.0,945,13968.611913
21.0,729,13973.988441
44.0,1173,13982.68697
8.0,429,13985.840522
13.0,688,13990.973552
15.0,641,13995.690832
12.0,556,13999.793949
26.0,824,14005.93032
17.0,553,14009.981871
18.0,705,14015.20022
22.0,880,14021.713568
29.0,780,14027.511981
38.0,998,14034.94067
11.0,511,14038.722434
13.0,604,14043.273981
23.0,706,14048.531103
29.0,606,14052.999007
20.0,580,14057.297596
22.0,827,14063.469851
50.0,1098,14071.514421
27.0,739,14076.916597
38.0,1035,14084.661604
21.0,588,14089.017367
10.0,509,14092.874375
29.0,750,14098.448412
11.0,392,14101.326835
19.0,713,14106.617089
28.0,716,14111.94766
25.0,1031,14119.615397
9.0,496,14123.316377
19.0,562,14127.490409
32.0,1027,14135.137868
16.0,705,14140.379699
31.0,946,14147.766159
15.0,593,14152.440656
27.0,894,14159.051996
33.0,993,14166.435521
11.0,481,14170.003554
9.0,427,14173.216215
17.0,888,14179.811601
18.0,652,14184.733193
17.0,613,14189.251417
21.0,812,14195.314518
6.0,356,14197.944268
32.0,620,14202.505706
20.0,690,14207.663144
31.0,751,14213.227154
9.0,451,14216.594909
20.0,730,14222.031741
23.0,725,14227.430518
22.0,606,14231.929078
16.0,640,14236.613033
26.0,754,14242.340809
15.0,609,14246.815902
14.0,369,14249.56406
12.0,591,14253.924599
20.0,643,14258.68123
13.0,603,14263.143558
13.0,556,14267.260523
25.0,771,14272.931302
11.0,562,14277.097785
19.0,802,14282.95401
16.0,646,14287.784371
22.0,780,14293.552901
31.0,869,14300.056306
16.0,586,14304.425419
12.0,569,14308.677321
17.0,588,14313.027238
20.0,712,14318.291816
24.0,738,14323.663849
19.0,670,14328.677502
24.0,811,14334.648704
23.0,535,14338.579208
16.0,690,14343.682469
27.0,698,14348.861922
18.0,671,14354.034213
17.0,704,14359.172354
22.0,683,14364.175602
18.0,655,14369.008327
21.0,628,14373.616676
15.0,650,14378.300448
17.0,490,14381.929034
12.0,549,14385.972711
16.0,621,14390.449652
17.0,685,14395.432961
27.0,571,14399.598133
16.0,617,14404.127729
12.0,509,14407.828649
16.0,768,14413.39878
11.0,481,14416.901172
20.0,714,14422.159075
14.0,499,14425.751781
46.0,1105,14433.725108
31.0,1084,14441.687057
16.0,657,14446.526753
6.0,314,14448.804809
27.0,842,14454.979369
17.0,628,14459.557059
15.0,659,14464.344584
28.0,1077,14472.20425
41.0,1253,14481.310955
27.0,905,14487.896816
17.0,709,14493.053895
10.0,355,14495.638954
23.0,788,14501.309898
17.0,601,14505.703702
11.0,577,14509.935556
19.0,616,14514.407391
11.0,392,14517.254167
29.0,1135,14525.540594
25.0,851,14531.750402
23.0,717,14536.955371
18.0,745,14542.492669
12.0,698,14547.550414
29.0,1806,14560.615291
15.0,722,14565.996581
8.0,435,14569.363128
20.0,829,14575.729856
25.0,1799,14589.263065
16.0,695,14594.523688
20.0,854,14601.180988
15.0,516,14605.10953
25.0,888,14611.822048
9.0,430,14615.017625
18.0,770,14620.751318
37.0,788,14626.929415
28.0,920,14634.18372
21.0,593,14638.69893
10.0,433,14641.935214
18.0,737,14647.454385
42.0,1127,14655.851393
18.0,764,14661.535794
27.0,803,14667.507989
16.0,558,14671.651769
34.0,1022,14679.201079
14.0,668,14684.134761
28.0,740,14689.620601
14.0,609,14694.251811
35.0,935,14701.233361
9.0,413,14704.301393
24.0,727,14709.629098
27.0,706,14714.832173
29.0,763,14720.563711
23.0,973,14727.855139
17.0,676,14732.842964
30.0,650,14737.592261
13.0,586,14742.00953
17.0,700,14747.241911
29.0,809,14753.189968
34.0,786,14759.123104
22.0,864,14765.597303
16.0,548,14769.677606
10.0,496,14773.360344
26.0,848,14779.635024
18.0,654,14784.485999
23.0,598,14788.917048
19.0,812,14794.865068
22.0,796,14800.737405
22.0,892,14807.335029
20.0,852,14813.651291
28.0,861,14820.002054
29.0,865,14826.341092
15.0,629,14831.014094
16.0,722,14836.385172
21.0,620,14841.005788
18.0,698,14846.207861
27.0,908,14852.925596
18.0,679,14857.971037
28.0,968,14865.108727
19.0,802,14871.027178
30.0,876,14877.548672
24.0,721,14882.857442
12.0,567,14887.084293
31.0,817,14893.089611
35.0,1033,14900.765527
30.0,979,14908.083609
11.0,501,14911.771337
10.0,510,14915.522705
24.0,718,14920.892502
40.0,1362,14931.016501
24.0,890,14937.543171
10.0,936,14944.440283
11.0,575,14948.719065
11.0,565,14952.886335
14.0,590,14957.338772
18.0,686,14962.486883
22.0,570,14966.724168
16.0,655,14971.530868
18.0,574,14975.815285
11.0,503,14979.556683
17.0,585,14983.952528
28.0,851,14990.191247
33.0,1059,14998.26892
17.0,725,15003.63473
13.0,711,15008.895901
12.0,606,15013.454048
19.0,562,15017.573864
12.0,577,15021.941323
23.0,755,15027.579767
28.0,810,15033.525396
19.0,545,15037.473881
15.0,650,15042.241889
21.0,839,15048.467351
42.0,879,15055.236004
19.0,657,15060.322436
13.0,526,15064.316083
22.0,627,15069.061732
17.0,677,15074.080934
10.0,590,15078.637765
10.0,446,15082.214531
38.0,923,15089.237137
17.0,628,15093.86287
25.0,766,15099.554321
22.0,865,15106.103561
21.0,601,15110.647789
20.0,689,15115.805287
23.0,696,15120.976668
35.0,1176,15129.744804
24.0,780,15135.563499
24.0,707,15140.851135
15.0,644,15145.734739
22.0,1789,15159.099283
29.0,776,15164.999137
44.0,1445,15175.77135
24.0,775,15181.558156
22.0,736,15186.946299
17.0,575,15191.218477
19.0,827,15197.373177
19.0,574,15201.621047
25.0,923,15208.439729
22.0,739,15213.909552
14.0,587,15218.250309
18.0,630,15222.923945
14.0,633,15227.576226
17.0,646,15232.353572
25.0,900,15239.030388
23.0,707,15244.259426
49.0,1495,15255.399048
21.0,837,15261.580084
26.0,1334,15271.491304
36.0,985,15278.784456
19.0,814,15284.807024
33.0,931,15291.76215
24.0,816,15297.754587
26.0,732,15303.203711
28.0,895,15309.829674
14.0,567,15314.047143
10.0,462,15317.474794
25.0,696,15322.72498
16.0,631,15327.488362
23.0,721,15332.886364
37.0,959,15339.962483
26.0,915,15346.765629
13.0,524,15350.651267
16.0,466,15354.14337
9.0,324,15356.584349
32.0,683,15361.659668
17.0,693,15366.789534
26.0,782,15372.574795
20.0,702,15377.733109
26.0,861,15384.094542
35.0,991,15391.427253
17.0,597,15395.917732
17.0,577,15400.219709
8.0,466,15403.656711
10.0,464,15407.085422
35.0,889,15413.686017
31.0,906,15420.343503
15.0,750,15425.840578
12.0,600,15430.26625
19.0,809,15436.292445
22.0,788,15442.11016
26.0,883,15448.626098
20.0,999,15456.05943
39.0,1011,15463.552763
23.0,856,15469.941478
21.0,678,15474.966557
15.0,635,15479.628744
24.0,834,15485.862165
13.0,501,15489.559432
25.0,788,15495.312711
24.0,866,15501.657248
18.0,681,15506.750438
13.0,502,15510.464148
14.0,657,15515.30517
15.0,624,15519.872896
14.0,607,15524.355756
21.0,781,15530.075245
28.0,883,15536.549153
13.0,566,15540.734676
13.0,630,15545.397626
29.0,963,15552.438054
15.0,618,15556.996789
23.0,924,15563.881688
13.0,552,15568.004541
17.0,745,15573.546634
22.0,873,15579.982252
17.0,1464,15590.691348
16.0,485,15594.334263
24.0,888,15600.839114
31.0,909,15607.510782
24.0,716,15612.790722
13.0,583,15617.102584
18.0,597,15621.514844
21.0,710,15626.793365
29.0,722,15632.185627
26.0,862,15638.585436
16.0,702,15643.730308
15.0,618,15648.365748
21.0,635,15653.09604
32.0,1033,15660.699587
24.0,594,15665.197145
22.0,554,15669.303307
19.0,650,15674.053535
19.0,1003,15681.516216
17.0,582,15685.943937
32.0,1227,15694.995695
13.0,470,15698.462212
29.0,713,15703.721809
20.0,687,15708.784935
15.0,491,15712.44592
18.0,856,15718.710055
22.0,695,15723.784729
38.0,1100,15731.83201
33.0,971,15739.067907
30.0,1094,15747.333588
33.0,1057,15755.286864
17.0,647,15760.157155
19.0,447,15763.460068
32.0,769,15769.241161
21.0,822,15775.378609
14.0,595,15779.811036
30.0,855,15786.1193
29.0,885,15792.670879
21.0,796,15798.518496
27.0,697,15803.633915
19.0,732,15809.060423
12.0,865,15815.415641
12.0,523,15819.244349
15.0,1144,15827.66022
26.0,1086,15835.646307
18.0,579,15839.932312
16.0,622,15844.519522
43.0,1084,15852.418938
26.0,893,15858.955362
28.0,895,15865.608063
18.0,608,15870.100992
17.0,608,15874.540213
16.0,676,15879.443725
27.0,790,15885.294614
19.0,752,15890.859646
16.0,649,15895.588847
15.0,712,15900.819916
18.0,618,15905.309445
18.0,633,15909.948818
24.0,872,15916.324963
32.0,971,15923.577602
19.0,749,15929.031775
16.0,561,15933.155344
32.0,897,15939.70484
19.0,542,15943.640784
9.0,482,15947.214783
27.0,1041,15954.959826
16.0,689,15960.088783
17.0,570,15964.634495
17.0,720,15969.953353
17.0,659,15974.881225
21.0,692,15979.975112
11.0,551,15984.024925
15.0,593,15988.365917
22.0,776,15994.156534
12.0,459,15997.530437
22.0,663,16002.454933
38.0,985,16009.733989
20.0,748,16015.28167
9.0,451,16018.575134
12.0,530,16022.509228
17.0,625,16027.148506
22.0,669,16032.139267
42.0,998,16039.919703
24.0,972,16047.278552
32.0,1187,16056.036985
26.0,811,16062.071612
21.0,822,16068.156034
39.0,916,16074.901196
24.0,699,16080.000856
42.0,1173,16088.688071
14.0,615,16093.205592
20.0,699,16098.32437
25.0,868,16104.811385
29.0,901,16111.474754
18.0,723,16116.77074
11.0,540,16120.740919
29.0,939,16127.597968
39.0,1038,16135.203053
21.0,562,16139.334893
27.0,941,16146.211153
14.0,596,16150.611516
23.0,713,16155.856675
21.0,759,16161.371918
17.0,723,16166.717976
40.0,1154,16175.106983
17.0,704,16180.276815
13.0,474,16183.76768
39.0,1055,16191.574882
25.0,698,16196.656085
25.0,721,16201.943781
28.0,905,16208.577762
20.0,727,16213.877648
19.0,642,16218.595533
25.0,1050,16226.383573
27.0,913,16232.981343
15.0,509,16236.717221
30.0,967,16243.788984
20.0,852,16250.02744
28.0,935,16256.846177
20.0,729,16262.204232
14.0,593,16266.511995
7.0,367,16269.213376
14.0,543,16273.202067
19.0,674,16278.103255
24.0,833,16284.265997
16.0,580,16288.527706
10.0,500,16292.118897
20.0,949,16299.079634
18.0,626,16303.680467
39.0,1154,16312.155647
23.0,1048,16319.861458
31.0,731,16325.239879
26.0,848,16331.416052
29.0,746,16336.910579
31.0,720,16342.163638
30.0,933,16349.006449
31.0,705,16354.16291
55.0,1076,16362.059644
27.0,837,16368.157887
38.0,900,16374.75559
19.0,854,16381.001998
25.0,1020,16388.514731
15.0,580,16392.718793
39.0,908,16399.368586
28.0,776,16405.090084
11.0,531,16409.058769
51.0,1188,16417.779927
47.0,1090,16425.754599
18.0,723,16431.025589
28.0,947,16437.933139
16.0,708,16443.120714
37.0,1064,16450.911071
18.0,738,16456.300235
41.0,1062,16464.177208
20.0,659,16468.96853
38.0,948,16475.90386
16.0,806,16481.812208
23.0,716,16487.052362
17.0,744,16492.583195
28.0,608,16497.04249
32.0,789,16502.840557
27.0,658,16507.727883
12.0,516,16511.521941
28.0,1070,16519.385231
6.0,340,16521.877303
16.0,714,16527.189019
25.0,909,16533.776298
28.0,916,16540.436738
32.0,785,16546.194701
19.0,728,16551.551651
17.0,593,16555.907937
30.0,1722,16568.668114
29.0,789,16574.447721
13.0,722,16579.753936
12.0,603,16584.22762
21.0,591,16588.575452
39.0,1049,16596.248304
23.0,823,16602.269317
15.0,656,16607.062142
27.0,857,16613.301894
12.0,557,16617.402218
32.0,846,16623.829226
21.0,1518,16634.994087
16.0,701,16640.125225
27.0,972,16647.385091
17.0,524,16651.249351
11.0,464,16654.695146
11.0,613,16659.203507
33.0,1075,16667.162981
20.0,1051,16674.951978
26.0,918,16681.715204
18.0,748,16687.199144
20.0,731,16692.584178
14.0,775,16698.344712
19.0,703,16703.548542
13.0,568,16707.742004
15.0,578,16711.961161
20.0,716,16717.255183
26.0,996,16724.475244
24.0,2288,16741.303635
25.0,542,16745.28774
16.0,515,16749.060448
9.0,452,16752.381469
40.0,2142,16768.170213
29.0,917,16774.865772
28.0,1245,16784.049045
30.0,719,16789.359297
27.0,829,16795.508569
16.0,899,16802.073633
12.0,505,16805.853901
25.0,800,16811.717515
23.0,1167,16820.263887
18.0,736,16825.782683
15.0,655,16830.624601
17.0,856,16836.912498
13.0,602,16841.31322
52.0,1324,16851.027832
27.0,758,16856.571046
17.0,546,16860.59731
20.0,779,16866.307098
8.0,412,16869.433639
14.0,622,16874.275588
26.0,745,16879.773674
18.0,648,16884.711952
30.0,907,16891.357066
16.0,702,16896.576087
21.0,748,16902.060003
9.0,404,16905.018288
11.0,1279,16914.401335
23.0,684,16919.433888
15.0,748,16924.839436
28.0,915,16931.474935
18.0,743,16936.929801
10.0,393,16939.853886
24.0,1739,16953.07649
11.0,589,16957.372191
27.0,915,16964.056953
22.0,647,16968.823557
19.0,629,16973.498472
19.0,651,16978.299062
15.0,591,16982.604757
29.0,861,16988.983561
33.0,947,16995.891035
31.0,1750,17008.714849
14.0,652,17013.486143
7.0,348,17016.06341
20.0,796,17021.905389
20.0,637,17026.599591
21.0,750,17032.089099
19.0,648,17036.884963
27.0,864,17043.258822
18.0,644,17047.968519
18.0,674,17052.921431
46.0,956,17060.016992
14.0,589,17064.490384
15.0,634,17069.108063
15.0,1001,17076.43873
18.0,619,17080.987363
19.0,833,17087.073713
14.0,500,17090.743677
49.0,1112,17098.936667
13.0,696,17104.076326
24.0,773,17109.798179
22.0,733,17115.209893
24.0,645,17119.988314
36.0,1066,17127.957659
29.0,778,17133.717145
41.0,1106,17141.885447
14.0,687,17146.969717
31.0,961,17154.128845
25.0,876,17160.550362
11.0,571,17164.761796
34.0,1054,17172.476477
36.0,864,17178.860525
39.0,1037,17186.453812
32.0,766,17192.001327
38.0,753,17197.478653
20.0,778,17203.208876
25.0,1311,17212.850585
22.0,702,17217.983941
15.0,730,17223.377577
22.0,669,17228.373545
27.0,1003,17235.712239
16.0,704,17240.897555
14.0,689,17245.969216
10.0,486,17249.666242
30.0,1509,17260.893033
20.0,796,17266.719756
27.0,1021,17274.171031
24.0,734,17279.640352
22.0,774,17285.255192
20.0,799,17291.164353
17.0,738,17296.604804
29.0,1076,17304.650194
21.0,756,17310.17166
15.0,651,17314.934189
21.0,608,17319.500799
21.0,1181,17328.180152
39.0,916,17334.950466
29.0,1113,17343.064693
26.0,1041,17350.66455
26.0,554,17354.742524
34.0,937,17361.61321
30.0,848,17367.895062
22.0,779,17373.702839
24.0,761,17379.374762
30.0,897,17386.080248
15.0,662,17391.052371
21.0,1105,17399.143572
18.0,684,17404.184791
20.0,694,17409.251663
24.0,752,17414.818021
17.0,702,17419.965204
35.0,1391,17430.3502
45.0,1026,17437.925382
21.0,588,17442.246925
30.0,1047,17450.011948
13.0,584,17454.36074
9.0,411,17457.393381
7.0,376,17460.226387
28.0,1000,17467.535055
20.0,610,17472.075594
21.0,1945,17486.453125
12.0,552,17490.508512
39.0,1060,17498.298936
27.0,1040,17505.949923
27.0,749,17511.478329
21.0,855,17517.815394
43.0,943,17524.748049
23.0,669,17529.629025
32.0,825,17535.739028
23.0,732,17541.095524
13.0,577,17545.355632
24.0,863,17551.753784
33.0,908,17558.412065
13.0,576,17562.624403
21.0,792,17568.486954
13.0,632,17573.126977
46.0,1345,17583.016459
31.0,996,17590.358363
17.0,588,17594.658337
9.0,441,17597.906205
26.0,827,17604.128904
13.0,573,17608.368266
16.0,692,17613.477355
19.0,547,17617.523929
12.0,655,17622.408823
20.0,804,17628.296926
24.0,722,17633.576375
29.0,799,17639.481481
11.0,497,17643.142691
14.0,612,17647.640051
28.0,632,17652.297812
39.0,917,17659.069489
13.0,448,17662.382309
16.0,635,17667.063099
11.0,541,17671.017667
15.0,584,17675.396114
18.0,755,17680.995646
24.0,1785,17694.140591
27.0,700,17699.28737
34.0,924,17706.0928
27.0,885,17712.599716
26.0,942,17719.490012
25.0,731,17724.882114
26.0,1399,17735.185233
28.0,1321,17744.842209
33.0,833,17750.994726
15.0,543,17754.981742
18.0,667,17759.963432
24.0,715,17765.150042
28.0,786,17770.918362
20.0,825,17777.151757
17.0,746,17782.987229
26.0,617,17787.55405
14.0,607,17792.042374
18.0,725,17797.354274
24.0,1046,17805.030787
36.0,1097,17813.081845
13.0,583,17817.386516
14.0,982,17824.568954
26.0,636,17829.636236
16.0,690,17834.678232
20.0,683,17839.746235
19.0,761,17845.390083
21.0,1126,17853.703789
35.0,965,17860.765685
24.0,1035,17868.325893
24.0,832,17874.396446
27.0,955,17881.465289
15.0,577,17885.715649
20.0,711,17890.946993
10.0,475,17894.376277
24.0,929,17901.209345
16.0,713,17906.48027
27.0,1284,17915.916068
25.0,784,17921.618354
13.0,691,17926.679715
22.0,498,17930.357099
19.0,580,17934.668382
38.0,1092,17942.65379
12.0,444,17945.864676
25.0,922,17952.68098
19.0,571,17956.859057
25.0,672,17961.770053
21.0,773,17967.509507
20.0,637,17972.224662
34.0,901,17978.766226
19.0,774,17984.481086
35.0,1085,17992.500305
16.0,545,17996.524915
15.0,423,17999.644387
11.0,531,18003.490982
17.0,599,18007.894455
16.0,574,18012.048089
26.0,804,18017.950185
18.0,603,18022.359973
34.0,881,18028.809102
20.0,706,18033.986921
27.0,892,18040.512639
22.0,705,18045.676819
25.0,864,18052.052369
39.0,1229,18060.981264
32.0,873,18067.379526
41.0,1043,18074.968868
15.0,895,18081.47079
30.0,920,18088.267676
25.0,919,18095.021203
21.0,640,18099.636273
17.0,700,18104.844384
32.0,799,18110.703645
43.0,815,18116.64745
41.0,1212,18125.562933
18.0,627,18130.235015
24.0,735,18135.739516
20.0,697,18140.900036
30.0,798,18146.783032
24.0,825,18152.807959
21.0,654,18157.595003
23.0,612,18162.105315
23.0,942,18168.936708
17.0,757,18174.504259
25.0,899,18181.077558
51.0,1222,18189.989168
28.0,976,18197.111795
26.0,666,18202.021209
20.0,724,18207.298001
22.0,509,18211.047223
16.0,734,18216.470329
12.0,564,18220.604847
33.0,890,18227.124223
19.0,738,18232.530386
9.0,444,18235.757656
28.0,851,18242.134326
21.0,790,18247.908013
16.0,671,18252.806977
19.0,494,18256.431273
16.0,686,18261.513434
21.0,689,18266.536219
11.0,482,18270.106979
25.0,817,18276.055273
33.0,1044,18283.695626
13.0,508,18287.418149
33.0,1022,18294.943169
20.0,695,18300.062405
17.0,645,18304.814822
38.0,1017,18312.248655
12.0,556,18316.255723
23.0,657,18321.031492
12.0,572,18325.272252
32.0,930,18332.606067
25.0,1032,18457.494802
18.0,784,18464.831828
16.0,537,18468.878658
13.0,583,18473.231011
14.0,637,18477.894597
13.0,435,18481.135394
24.0,823,18487.183356
5.0,374,18489.904553
19.0,1173,18498.466824
21.0,650,18503.211765
14.0,650,18508.016032
22.0,775,18513.616911
11.0,967,18520.752095
28.0,972,18527.900215
13.0,674,18533.305562
22.0,855,18539.797077
14.0,619,18544.307566
10.0,441,18547.512627
19.0,716,18552.659809
28.0,904,18559.118811
8.0,398,18562.03623
46.0,1199,18570.601695
29.0,931,18577.261049
19.0,702,18582.303811
26.0,791,18588.001951
24.0,925,18594.725467
16.0,660,18599.520622
27.0,1691,18611.531307
21.0,820,18617.369345
13.0,673,18622.271402
24.0,798,18627.952744
36.0,836,18633.934546
13.0,542,18637.783104
32.0,865,18643.900703
17.0,799,18649.567229
34.0,1193,18658.06475
13.0,562,18662.069946
34.0,1693,18674.166311
11.0,375,18676.861026
13.0,554,18680.893096
19.0,762,18686.343803
40.0,1824,18699.315197
37.0,1092,18707.147166
19.0,771,18712.611441
27.0,1028,18719.890397
25.0,738,18725.108811
26.0,1676,18737.03326
20.0,669,18741.879413
52.0,1488,18752.373645
24.0,769,18757.861887
35.0,914,18764.443941
21.0,797,18770.090206
45.0,979,18777.054919
16.0,704,18782.065298
20.0,742,18787.352421
19.0,673,18792.0822
23.0,862,18798.278209
38.0,788,18804.39661
16.0,797,18810.091075
17.0,565,18814.461709
13.0,529,18818.208387
21.0,737,18823.53979
23.0,696,18828.480006
15.0,505,18832.07687
27.0,1062,18839.612941
14.0,619,18843.987714
24.0,735,18849.345164
25.0,974,18856.218688
6.0,316,18858.478612
27.0,845,18864.590048
33.0,864,18870.74934
15.0,620,18875.160403
11.0,474,18878.533733
26.0,723,18883.696789
27.0,880,18889.983945
31.0,995,18897.089996
24.0,690,18901.974518
15.0,720,18907.154429
22.0,865,18913.344074
22.0,766,18918.897405
30.0,612,18923.367641
33.0,1070,18930.962875
13.0,560,18934.935047
25.0,938,18941.674579
12.0,569,18945.706429
18.0,814,18951.45734
16.0,670,18956.385021
11.0,506,18959.930262
13.0,590,18964.176206
12.0,583,18968.425938
16.0,806,18974.191418
10.0,499,18977.788088
16.0,671,18982.574879
24.0,713,18987.73682
10.0,447,18990.958181
32.0,739,18996.227418
10.0,490,18999.72535
18.0,848,19005.791113
23.0,722,19010.927505
34.0,1370,19020.634667
22.0,658,19025.370333
28.0,1530,19036.221384
35.0,1094,19044.041502
34.0,972,19050.982564
18.0,775,19056.507502
10.0,454,19059.827686
24.0,749,19065.180769
9.0,402,19068.048812
30.0,984,19075.038162
16.0,569,19079.088007
21.0,843,19085.125142
30.0,1099,19093.038095
17.0,685,19098.060455
25.0,923,19104.73193
21.0,942,19111.516761
21.0,651,19116.204485
27.0,773,19121.769658
15.0,692,19126.719486
20.0,770,19132.242573
24.0,757,19137.636807
35.0,871,19143.835333
43.0,813,19149.681102
26.0,1424,19159.92343
13.0,598,19164.23306
36.0,941,19170.948721
31.0,1002,19178.073482
18.0,810,19183.813
19.0,479,19187.262055
25.0,937,19193.971061
10.0,468,19197.315979
17.0,660,19201.998566
6.0,325,19204.326421
54.0,1215,19212.950244
24.0,741,19218.212114
31.0,1061,19225.802368
29.0,821,19231.751864
20.0,819,19237.671593
15.0,627,19242.264971
20.0,968,19249.182448
33.0,898,19255.587817
27.0,1346,19265.296635
30.0,745,19270.700707
20.0,780,19276.25103
22.0,778,19281.766214
18.0,760,19287.225416
25.0,906,19293.783748
42.0,1100,19301.656741
43.0,1411,19311.724866
19.0,663,19316.426734
19.0,754,19321.81353
26.0,832,19327.733256
16.0,593,19332.057321
37.0,984,19339.088205
30.0,1076,19346.820705
30.0,1097,19354.667694
18.0,675,19359.474146
32.0,937,19366.140223
19.0,704,19371.182031
24.0,711,19376.297045
17.0,933,19382.891313
21.0,781,19388.477653
20.0,678,19393.357449
22.0,727,19398.569856
17.0,688,19403.54767
21.0,702,19408.548438
31.0,1198,19417.315831
30.0,850,19423.470052
34.0,1141,19431.698618
18.0,461,19435.019292
17.0,961,19441.946265
28.0,1195,19450.588184
23.0,689,19455.569037
20.0,718,19460.751659
21.0,858,19466.944553
12.0,524,19470.72354
45.0,1208,19479.402766
19.0,456,19482.687297
29.0,1148,19490.999115
34.0,1119,19499.09085
28.0,864,19505.273855
35.0,1262,19514.362056
18.0,662,19519.226148
22.0,618,19523.649292
28.0,976,19530.686807
19.0,1110,19538.621116
11.0,503,19542.223131
22.0,901,19548.670842
18.0,668,19553.428408
19.0,794,19559.024653
24.0,1147,19567.204468
19.0,1082,19574.972426
16.0,622,19579.365403
16.0,624,19583.815014
31.0,997,19590.864467
11.0,552,19594.775184
12.0,681,19599.584247
41.0,1189,19607.962328
17.0,650,19612.573586
29.0,1020,19619.839342
16.0,624,19624.244335
18.0,675,19629.021254
7.0,413,19631.91569
13.0,499,19635.523899
22.0,919,19642.102846
16.0,752,19647.384159
21.0,797,19652.969588
16.0,591,19657.11056
29.0,780,19662.629107
25.0,845,19668.534965
17.0,739,19673.795969
12.0,577,19677.882684
24.0,766,19683.278877
18.0,751,19688.547309
13.0,573,19692.62668
37.0,2163,19708.162618
10.0,533,19712.249009
25.0,935,19718.887887
20.0,767,19724.296046
20.0,560,19728.615701
40.0,948,19735.36234
25.0,846,19741.319043
17.0,621,19745.727979
24.0,849,19751.732108
22.0,1737,19764.155031
24.0,832,19770.017673
18.0,635,19774.561833
30.0,914,19781.013915
7.0,332,19783.37094
15.0,867,19789.525132
10.0,477,19793.004343
24.0,1294,19802.234201
21.0,821,19808.0406
27.0,842,19814.054522
20.0,587,19818.280622
29.0,862,19824.425414
31.0,990,19831.493126
21.0,759,19836.911585
10.0,422,19839.946797
15.0,588,19844.111508
10.0,480,19847.515919
11.0,415,19850.456412
37.0,906,19856.907937
8.0,416,19859.848713
14.0,607,19864.177926
32.0,840,19870.192601
25.0,1640,19881.82933
27.0,875,19888.059494
11.0,587,19892.154619
19.0,604,19896.487553
19.0,690,19901.356414
37.0,943,19908.06889
17.0,697,19913.128406
28.0,910,19919.605422
23.0,716,19924.664658
22.0,753,19929.992189
31.0,773,19935.458146
23.0,847,19941.487832
31.0,921,19948.124038
35.0,1081,19955.799791
19.0,1022,19963.099896
27.0,868,19969.27614
25.0,903,19975.637804
34.0,943,19982.378968
39.0,1231,19991.188175
22.0,881,19997.467737
32.0,1342,20007.091848
13.0,444,20010.291607
30.0,888,20016.616426
37.0,861,20022.758633
26.0,834,20028.62729
37.0,997,20035.712189
22.0,787,20041.307122
14.0,656,20045.979769
24.0,1164,20054.27824
27.0,1448,20064.577854
18.0,721,20069.592877
20.0,899,20075.928492
31.0,871,20082.193489
34.0,884,20088.504834
25.0,756,20093.890206
27.0,989,20100.859196
34.0,893,20107.133996
27.0,956,20113.923224
20.0,556,20117.920557
19.0,1035,20125.400122
32.0,903,20131.87045
14.0,704,20136.895648
14.0,576,20141.042974
26.0,859,20147.346672
21.0,605,20151.666338
29.0,803,20157.361501
14.0,654,20162.016057
22.0,704,20167.017062
29.0,806,20172.821024
24.0,903,20179.280004
20.0,558,20183.329085
21.0,794,20188.99381
15.0,611,20193.296164
21.0,781,20198.902358
14.0,625,20203.37482
9.0,492,20206.866178
30.0,868,20213.06418
35.0,1770,20225.709382
23.0,1011,20232.912468
10.0,523,20236.569509
32.0,1272,20245.67185
28.0,990,20252.766107
18.0,716,20257.865491
25.0,915,20264.44002
17.0,666,20269.239891
22.0,745,20274.548102
18.0,781,20280.121942
16.0,650,20284.749077
18.0,989,20291.807636
29.0,959,20298.710397
26.0,1046,20306.1942
16.0,652,20310.90293
35.0,975,20317.929465
13.0,632,20322.476615
21.0,744,20327.773504
17.0,607,20332.112572
25.0,729,20337.257219
26.0,898,20343.716735
40.0,890,20350.078161
23.0,1485,20360.586102
18.0,833,20366.541223
16.0,668,20371.32952
14.0,587,20375.573452
17.0,790,20381.383825
15.0,599,20385.721167
22.0,1132,20393.882397
15.0,727,20399.083314
14.0,608,20403.457513
16.0,630,20408.048228
20.0,688,20413.110152
7.0,340,20415.594957
28.0,757,20421.026465
19.0,557,20425.038138
25.0,1680,20437.020809
21.0,655,20441.695482
30.0,880,20447.952987
15.0,616,20452.306261
14.0,489,20455.804754
23.0,729,20460.981224
26.0,766,20466.464877
20.0,889,20472.818923
9.0,441,20475.966415
14.0,507,20479.582813
26.0,759,20485.002806
12.0,577,20489.037342
24.0,752,20494.344415
34.0,1365,20504.116066
23.0,613,20508.57275
13.0,605,20512.859925
14.0,697,20517.919235
15.0,542,20521.794176
23.0,949,20528.590956
13.0,605,20532.843018
16.0,593,20537.09155
11.0,475,20540.452002
6.0,328,20542.809501
22.0,871,20549.031227
14.0,495,20552.541468
21.0,713,20557.611799
11.0,370,20560.253986
11.0,565,20564.278713
14.0,586,20568.439545
20.0,550,20572.361996
16.0,598,20576.582822
25.0,1105,20584.383348
20.0,823,20590.313831
13.0,566,20594.335799
14.0,484,20597.762234
13.0,586,20601.935807
14.0,490,20605.513471
22.0,948,20612.359271
13.0,698,20617.754889
12.0,564,20621.866428
10.0,511,20625.563954
19.0,591,20629.789378
32.0,1059,20637.338118
22.0,767,20642.844388
11.0,442,20646.069703
36.0,801,20651.836689
11.0,500,20655.442848
12.0,588,20659.644197
17.0,651,20664.365797
10.0,514,20667.983194
31.0,900,20674.408094
30.0,1004,20681.554616
9.0,459,20685.182977
10.0,478,20688.589657
6.0,327,20690.982074
12.0,552,20694.984874
24.0,806,20700.754643
15.0,677,20705.491071
15.0,496,20708.974089
31.0,940,20715.631668
7.0,374,20718.339526
11.0,405,20721.275573
14.0,640,20725.884666
14.0,503,20729.439757
17.0,677,20734.300442
19.0,767,20739.850914
14.0,626,20744.375019
25.0,900,20750.767395
10.0,522,20754.493879
21.0,831,20760.383933
9.0,476,20763.779839
25.0,772,20769.312909
26.0,903,20775.813688
20.0,729,20780.970572
14.0,658,20785.682071
18.0,757,20791.058483
16.0,676,20795.866024
14.0,671,20800.604781
13.0,527,20804.363786
15.0,629,20808.830745
17.0,702,20813.834357
20.0,732,20819.009526
12.0,585,20823.140348
27.0,775,20828.68182
42.0,913,20835.228589
18.0,652,20839.910069
14.0,543,20843.853369
27.0,685,20848.721369
26.0,766,20854.246036
24.0,888,20860.590498
31.0,1002,20867.671742
20.0,714,20872.767019
15.0,692,20877.686236
47.0,1232,20886.419812
20.0,742,20891.689206
19.0,780,20897.211698
21.0,645,20901.822043
25.0,759,20907.189688
9.0,466,20910.489772
25.0,776,20916.023127
36.0,1053,20923.523879
29.0,933,20930.174721
10.0,504,20933.89074
34.0,1332,20943.416414
11.0,497,20946.954558
11.0,480,20950.35115
18.0,718,20955.489528
28.0,852,20961.580391
21.0,889,20968.014862
34.0,976,20975.040309
28.0,1055,20982.507474
11.0,637,20987.035235
27.0,778,20992.672585
22.0,924,20999.25219
18.0,774,21004.716387
18.0,782,21010.335724
21.0,793,21016.051401
20.0,852,21022.146651
27.0,818,21027.938132
19.0,714,21033.009642
17.0,803,21038.757516
16.0,531,21042.521546
24.0,860,21048.58415
15.0,600,21052.895756
21.0,861,21059.104168
38.0,2117,21074.139339
20.0,751,21079.503137
26.0,789,21085.086329
14.0,618,21089.544515
31.0,872,21095.770881
21.0,773,21101.292763
13.0,590,21105.520765
32.0,1024,21112.787341
12.0,560,21116.860119
26.0,870,21123.07932
22.0,508,21126.716316
33.0,1091,21134.498754
35.0,1002,21141.587442
28.0,941,21148.257411
9.0,474,21151.999883
29.0,932,21158.759223
18.0,775,21164.392423
10.0,580,21168.627914
20.0,888,21175.125379
23.0,771,21180.662694
30.0,918,21187.254605
19.0,800,21192.975038
22.0,779,21198.583566
37.0,1026,21206.079267
21.0,728,21211.342841
14.0,641,21216.252973
39.0,1648,21228.204738
35.0,1050,21235.722973
23.0,821,21241.530595
26.0,597,21245.762295
13.0,945,21252.490246
28.0,909,21259.052129
12.0,539,21263.013833
24.0,844,21269.018741
28.0,843,21275.069403
16.0,684,21279.985055
22.0,553,21283.926641
23.0,1753,21296.569036
13.0,638,21301.153347
24.0,2186,21316.749207
22.0,749,21322.112826
15.0,607,21326.447167
21.0,750,21331.773634
36.0,921,21338.421254
26.0,862,21344.56859
30.0,1123,21352.56042
7.0,528,21356.377165
16.0,658,21360.98233
29.0,1253,21369.871399
13.0,601,21374.130541
16.0,738,21379.38556
33.0,951,21386.161575
26.0,1084,21393.841246
24.0,761,21399.259134
42.0,1151,21407.355881
31.0,1010,21414.556763
24.0,1748,21427.421809
19.0,556,21431.812195
26.0,625,21437.132783
17.0,704,21442.774404
20.0,718,21447.918417
24.0,710,21453.192943
32.0,967,21460.482884
11.0,527,21464.277271
26.0,941,21470.844452
23.0,778,21476.300723
14.0,667,21480.96805
15.0,569,21485.032344
20.0,649,21489.612894
32.0,914,21496.144055
37.0,1083,21503.759938
13.0,592,21507.928691
22.0,687,21512.848081
19.0,660,21517.520534
30.0,762,21523.262811
15.0,751,21529.090928
16.0,624,21533.69078
31.0,972,21540.94109
24.0,927,21547.815063
43.0,1046,21555.516274
20.0,729,21560.866253
19.0,885,21567.313157
37.0,1077,21575.233549
24.0,695,21580.3531
12.0,620,21584.904904
23.0,726,21590.314812
30.0,995,21597.762342
54.0,1077,21605.811177
28.0,991,21613.106087
16.0,600,21617.553507
33.0,907,21624.170278
32.0,895,21630.712765
17.0,724,21635.973864
25.0,762,21641.652442
24.0,572,21645.955006
37.0,924,21652.848145
30.0,779,21658.67639
33.0,937,21665.614416
24.0,915,21672.296253
39.0,954,21679.447886
16.0,465,21682.900964
37.0,1018,21690.41923
38.0,1013,21697.824368
26.0,1471,21708.653124
12.0,589,21713.088202
32.0,1505,21724.180663
53.0,1675,21736.497951
11.0,512,21740.28474
28.0,718,21745.539581
22.0,829,21751.713459
20.0,733,21757.087528
16.0,723,21762.423981
14.0,598,21766.872185
