#{"t_start": 1764221648.2089295, "env_id": "ALE/Breakout-v5"}
r,l,t
1.0,181,1.100876
4.0,280,1.283881
2.0,209,1.417192
0.0,124,1.500516
1.0,181,1.617173
1.0,175,1.742206
0.0,127,1.830269
2.0,203,1.964148
2.0,216,2.09444
0.0,131,2.19443
1.0,182,2.311101
1.0,174,2.427757
1.0,173,2.54442
2.0,200,2.677789
1.0,172,2.78142
2.0,218,2.9115
2.0,200,3.044899
1.0,157,3.165275
3.0,264,3.329979
3.0,232,3.477774
0.0,126,3.550446
1.0,174,3.667119
1.0,187,3.799381
3.0,257,3.965092
1.0,165,4.075311
1.0,178,4.195614
0.0,126,4.277737
0.0,142,4.367088
6.0,370,4.608703
0.0,125,4.694363
1.0,169,4.794379
2.0,196,4.927737
3.0,255,5.081072
1.0,168,5.194892
0.0,134,5.291806
2.0,205,5.417066
1.0,172,5.533804
1.0,174,5.650446
2.0,207,5.787153
2.0,181,5.909207
0.0,120,5.991584
0.0,129,6.06105
1.0,164,6.184155
4.0,262,6.350574
2.0,197,6.484141
1.0,165,6.600817
1.0,176,6.711172
0.0,129,6.800481
0.0,141,6.898356
1.0,156,7.000982
3.0,232,7.150381
0.0,122,7.235765
2.0,195,7.344333
2.0,197,7.478074
0.0,127,7.561659
0.0,141,7.683763
0.0,124,7.777638
1.0,162,7.877635
1.0,150,7.981002
0.0,141,8.077623
1.0,174,8.193305
5.0,349,8.415102
1.0,190,8.533678
1.0,162,8.639732
2.0,192,8.767207
4.0,322,8.970874
0.0,133,9.06101
2.0,225,9.206174
1.0,149,9.306142
0.0,135,9.394746
0.0,129,9.480629
1.0,191,9.600311
3.0,260,9.772212
5.0,349,9.992315
0.0,150,10.090572
0.0,125,10.163626
0.0,135,10.262933
2.0,204,10.393318
1.0,155,10.494422
1.0,186,10.614757
5.0,341,10.834128
0.0,131,10.913612
3.0,254,11.083579
2.0,189,11.202237
1.0,174,11.315996
2.0,203,11.44429
2.0,202,11.563149
2.0,200,11.700233
2.0,202,11.827686
0.0,125,11.915201
1.0,170,12.024422
2.0,205,12.150609
4.0,277,12.327868
0.0,155,12.433578
2.0,203,12.561143
0.0,132,12.650273
2.0,225,12.801287
0.0,143,12.897194
0.0,124,12.978578
2.0,206,13.109142
3.0,282,13.285182
3.0,249,13.447219
2.0,179,13.563206
2.0,183,13.683815
2.0,202,13.814858
1.0,180,13.92922
2.0,212,14.073157
1.0,178,14.200213
0.0,159,14.300266
4.0,304,14.500195
2.0,199,14.628107
1.0,173,14.744198
0.0,134,14.834224
2.0,207,14.966783
1.0,181,15.091127
1.0,165,15.196189
0.0,139,15.283781
0.0,142,15.38823
1.0,171,15.51421
1.0,167,15.628423
1.0,170,15.740161
1.0,150,15.839257
2.0,228,15.985111
1.0,156,16.083437
3.0,261,16.254214
1.0,170,16.36951
1.0,213,16.500062
0.0,135,16.597258
2.0,202,16.72846
0.0,129,16.813335
1.0,172,16.925655
0.0,133,17.011377
3.0,244,17.163974
0.0,147,17.271694
0.0,130,17.382521
2.0,202,17.570901
1.0,186,17.731781
0.0,122,17.815856
0.0,146,17.922231
3.0,278,18.09703
1.0,169,18.214063
1.0,183,18.335144
0.0,122,18.417519
1.0,185,18.530307
0.0,127,18.624086
0.0,135,18.712672
0.0,128,18.796245
0.0,131,18.877636
0.0,127,18.963819
1.0,155,19.063753
2.0,220,19.211935
2.0,225,19.355893
3.0,292,19.527424
1.0,175,19.655513
1.0,161,19.758946
1.0,174,19.870132
0.0,137,19.961778
1.0,157,20.064296
2.0,205,20.193947
2.0,201,20.336647
2.0,204,20.466682
0.0,123,20.550005
0.0,129,20.62897
2.0,218,20.788214
1.0,171,20.91401
2.0,212,21.050299
0.0,129,21.14396
0.0,137,21.227254
2.0,206,21.377252
2.0,201,21.512607
1.0,173,21.627254
1.0,156,21.730287
3.0,248,21.877283
2.0,229,22.027248
1.0,156,22.144957
0.0,136,22.227264
2.0,199,22.37118
1.0,159,22.481586
0.0,137,22.574866
0.0,123,22.655672
0.0,150,22.750127
1.0,173,22.860906
2.0,207,22.994058
3.0,234,23.146144
1.0,150,23.243944
2.0,206,23.394895
0.0,128,23.479297
0.0,133,23.57314
1.0,190,23.701396
1.0,153,23.803168
0.0,131,23.892255
0.0,126,23.960524
1.0,153,24.060623
2.0,222,24.226197
0.0,120,24.311734
2.0,217,24.456656
3.0,260,24.635272
0.0,123,24.714298
0.0,128,24.810956
4.0,304,25.010499
2.0,207,25.146905
3.0,257,25.310939
2.0,238,25.469106
2.0,205,25.595954
2.0,200,25.727145
1.0,177,25.845824
5.0,318,26.04586
4.0,281,26.22916
0.0,127,26.314517
8.0,368,26.544803
2.0,206,26.677107
1.0,159,26.777114
1.0,176,26.895821
2.0,211,27.027109
1.0,171,27.143802
0.0,128,27.227134
2.0,211,27.360448
2.0,201,27.511443
0.0,136,27.593751
2.0,238,27.760735
1.0,162,27.860546
0.0,137,27.944114
2.0,219,28.093739
1.0,187,28.210828
0.0,140,28.312631
1.0,154,28.420218
0.0,124,28.493798
1.0,152,28.607495
0.0,126,28.697803
1.0,156,28.799868
0.0,121,28.883147
0.0,132,28.966438
1.0,174,29.08718
0.0,129,29.173846
1.0,162,29.280082
1.0,173,29.395731
2.0,228,29.543732
1.0,176,29.660377
0.0,126,29.744135
1.0,158,29.84372
3.0,269,30.027019
2.0,203,30.160374
0.0,122,30.24368
1.0,154,30.347297
0.0,130,30.432073
0.0,147,30.527022
1.0,163,30.633815
0.0,123,30.710372
0.0,124,30.797711
3.0,253,30.960346
1.0,171,31.078142
1.0,160,31.192197
1.0,151,31.29469
0.0,132,31.380523
1.0,155,31.477023
1.0,169,31.577028
1.0,157,31.697079
0.0,140,31.794189
2.0,198,31.923609
3.0,259,32.07701
0.0,126,32.172148
5.0,366,32.393875
0.0,136,32.493645
2.0,207,32.636177
1.0,175,32.754129
1.0,172,32.869779
0.0,121,32.943655
0.0,129,33.026988
1.0,167,33.143656
0.0,138,33.234221
4.0,310,33.42693
1.0,162,33.526963
1.0,167,33.643606
0.0,122,33.730531
1.0,193,33.86026
1.0,159,33.977882
0.0,130,34.066367
5.0,309,36.815368
0.0,131,37.979893
0.0,131,39.181486
2.0,182,40.756757
2.0,198,42.516196
1.0,168,43.994664
3.0,235,46.020448
1.0,195,47.779051
0.0,124,48.900381
1.0,193,50.493015
0.0,143,51.703111
0.0,122,52.798741
0.0,123,53.863427
0.0,141,55.277176
2.0,195,56.897298
1.0,162,58.27729
0.0,121,59.310652
0.0,130,60.452005
3.0,227,62.376528
2.0,207,64.153432
2.0,183,65.74047
4.0,270,68.027241
0.0,144,69.296334
2.0,206,71.094445
1.0,164,72.500104
2.0,200,74.177628
4.0,282,76.554364
6.0,337,79.621706
0.0,124,80.69759
0.0,132,81.831635
3.0,285,84.282343
1.0,157,85.596189
0.0,144,86.84547
1.0,156,88.206987
0.0,136,89.409638
2.0,217,91.281111
2.0,213,93.144855
2.0,210,94.961225
0.0,146,96.25019
0.0,124,97.313735
8.0,361,100.465961
0.0,126,101.519055
2.0,208,103.315543
1.0,182,104.881941
1.0,181,106.392038
1.0,183,107.98003
1.0,173,109.462402
2.0,201,111.175241
0.0,130,112.297002
1.0,191,113.959093
1.0,177,115.459244
6.0,345,118.433938
0.0,133,119.598204
3.0,230,121.611074
3.0,229,123.556074
0.0,138,124.760808
1.0,155,126.066518
0.0,145,127.334818
2.0,194,128.965254
2.0,219,130.81149
4.0,283,133.23002
0.0,123,134.227162
3.0,247,136.377758
2.0,193,138.198171
1.0,150,139.563817
4.0,297,142.158656
1.0,156,143.541449
3.0,249,145.691209
1.0,176,147.239468
0.0,132,148.374625
1.0,165,149.841173
2.0,221,151.757661
2.0,216,153.774455
2.0,199,155.627755
2.0,216,157.580341
3.0,259,159.823619
3.0,259,162.090736
3.0,263,164.436655
0.0,131,165.607762
3.0,253,167.890431
1.0,170,169.34102
0.0,123,170.407894
0.0,144,171.657444
2.0,211,173.521483
3.0,260,175.740631
3.0,256,177.923112
3.0,260,180.092008
2.0,210,181.901431
0.0,131,183.059351
1.0,178,184.592224
3.0,240,186.640107
2.0,215,188.473445
2.0,197,190.273863
0.0,134,191.468744
1.0,175,193.006507
0.0,136,194.219846
1.0,183,195.794683
1.0,173,197.294656
3.0,257,199.656381
2.0,203,201.473263
0.0,131,202.606783
0.0,125,203.682001
0.0,133,204.788133
2.0,243,206.872828
4.0,266,209.154665
0.0,122,210.210808
3.0,252,212.391508
0.0,131,213.572672
2.0,192,215.289664
1.0,176,216.822412
0.0,138,217.972946
1.0,175,219.522539
3.0,234,221.579032
0.0,144,222.837142
2.0,189,224.440302
0.0,139,225.620416
2.0,190,227.255643
2.0,264,229.505484
1.0,160,230.899768
1.0,157,232.246925
0.0,128,233.349817
1.0,179,234.897406
3.0,257,237.078781
0.0,163,238.438644
3.0,248,240.555183
0.0,136,241.709285
2.0,216,243.555725
1.0,178,245.071962
5.0,351,248.105059
0.0,123,249.192068
1.0,156,250.554494
0.0,130,251.709294
6.0,344,254.721511
0.0,139,255.948377
0.0,121,257.004882
4.0,270,259.505079
0.0,141,260.744634
1.0,169,262.227461
2.0,217,264.203539
0.0,142,265.454663
3.0,257,267.738517
1.0,149,269.088902
1.0,165,270.544103
4.0,285,273.070579
0.0,132,274.221184
1.0,182,275.853829
4.0,278,278.287694
1.0,175,279.842324
2.0,194,281.537518
0.0,134,282.71262
0.0,128,283.85043
3.0,227,285.855009
1.0,163,287.27867
0.0,131,288.477868
2.0,228,290.486778
2.0,203,292.303753
3.0,247,294.495009
1.0,155,295.844297
2.0,201,297.620521
3.0,273,300.003553
2.0,229,302.00393
0.0,128,303.120228
1.0,151,304.503533
2.0,191,306.220717
2.0,209,308.089421
1.0,174,309.586782
2.0,213,311.437132
0.0,124,312.537406
3.0,237,314.64226
0.0,132,315.786484
1.0,162,317.206752
0.0,129,318.503287
2.0,199,320.253169
1.0,193,321.969756
2.0,237,324.075231
0.0,125,325.218005
3.0,243,327.406763
4.0,324,330.258833
3.0,257,332.521623
1.0,175,334.069672
1.0,159,335.497877
3.0,252,337.686044
0.0,143,338.935526
3.0,273,341.469731
4.0,315,344.269131
1.0,189,345.95837
0.0,129,347.095116
0.0,127,348.253005
2.0,212,350.135575
0.0,140,351.3641
1.0,158,352.702309
0.0,126,353.835808
2.0,220,355.752762
1.0,163,357.168735
2.0,205,358.935864
2.0,215,360.842878
0.0,133,362.019169
0.0,131,363.168712
2.0,229,365.185495
1.0,158,366.551923
3.0,234,368.590657
2.0,202,370.335716
0.0,137,371.535172
1.0,154,372.918231
3.0,239,375.035737
0.0,130,376.168554
1.0,195,378.006557
2.0,213,379.934886
1.0,167,381.401616
2.0,229,383.435328
1.0,179,385.001366
2.0,194,386.701443
1.0,153,388.068339
3.0,228,390.08446
2.0,205,391.934026
2.0,201,393.688893
0.0,130,394.844341
1.0,172,396.390577
4.0,327,399.243393
1.0,176,400.791026
0.0,134,402.001471
3.0,249,404.151791
1.0,171,405.650838
1.0,168,407.150809
2.0,180,408.903138
2.0,220,410.949486
3.0,269,413.439019
2.0,234,415.651008
4.0,270,418.134207
1.0,162,419.655983
2.0,199,421.567138
0.0,134,422.815663
2.0,203,424.656906
1.0,168,426.169266
1.0,159,427.516788
2.0,215,429.475306
3.0,249,431.68769
3.0,257,433.974941
0.0,130,435.083779
1.0,174,436.687137
3.0,254,439.13334
0.0,133,440.319706
3.0,252,442.616611
0.0,130,443.833114
2.0,222,445.806935
0.0,129,446.978553
2.0,239,449.088901
0.0,145,450.40928
3.0,258,452.654238
2.0,206,454.533052
1.0,170,456.016942
0.0,159,457.494986
0.0,127,458.666144
2.0,208,460.556215
1.0,154,461.972856
0.0,136,463.234164
1.0,189,464.953488
2.0,216,466.998109
0.0,129,468.228229
2.0,180,469.868464
0.0,137,471.101975
2.0,184,472.778841
0.0,145,474.066077
1.0,176,475.603507
2.0,194,477.349832
2.0,196,479.074973
0.0,136,480.24907
2.0,246,482.3488
3.0,239,484.487587
2.0,214,486.392966
2.0,218,488.354887
4.0,321,491.220431
4.0,281,493.783216
2.0,200,495.59374
0.0,133,496.90482
0.0,138,498.352262
4.0,313,501.338707
1.0,158,502.887892
3.0,262,505.592656
1.0,170,507.183355
2.0,202,509.059749
2.0,221,511.259295
1.0,201,513.205199
0.0,120,514.372609
3.0,248,516.789944
0.0,189,518.544988
2.0,203,520.416946
1.0,157,521.946896
1.0,188,523.709298
2.0,186,525.554971
2.0,202,527.425795
1.0,154,528.899519
2.0,209,530.844034
1.0,151,532.257414
3.0,245,534.569833
0.0,128,535.800823
0.0,142,537.259367
0.0,137,538.769086
2.0,200,540.806083
0.0,135,542.169427
3.0,252,544.682292
0.0,159,546.218307
1.0,160,547.676834
1.0,188,549.416221
1.0,172,550.992079
2.0,206,552.861342
1.0,160,554.373166
0.0,142,555.647604
0.0,127,556.81665
0.0,132,558.066788
1.0,158,559.486147
1.0,190,561.287959
0.0,149,562.694489
0.0,127,563.865072
1.0,190,565.586845
1.0,177,567.209762
2.0,203,569.025322
0.0,129,570.232076
2.0,197,572.021097
3.0,254,574.310389
0.0,137,575.648666
0.0,124,576.885472
3.0,249,579.394156
3.0,256,581.878449
2.0,212,583.882108
0.0,136,585.161263
1.0,169,586.726578
0.0,127,587.910538
1.0,195,589.793913
0.0,132,591.046977
2.0,182,592.771015
0.0,134,594.02263
0.0,131,595.23436
2.0,206,597.141146
3.0,257,599.478562
1.0,158,600.93698
2.0,199,602.820075
2.0,195,604.688048
0.0,131,605.936105
2.0,198,607.742148
3.0,253,610.125357
2.0,216,612.191905
1.0,161,613.791404
1.0,158,615.449743
4.0,304,618.499365
2.0,207,620.552619
0.0,129,621.820656
1.0,158,623.377101
2.0,217,625.342089
2.0,230,627.523593
1.0,173,629.119263
2.0,234,631.314833
4.0,296,634.168822
0.0,124,635.397075
0.0,127,636.624966
6.0,372,640.171436
3.0,243,642.469874
3.0,272,644.956404
1.0,155,646.387465
4.0,305,649.158825
0.0,160,650.634131
2.0,205,652.475102
3.0,229,654.577364
5.0,374,658.037645
0.0,131,659.249169
4.0,334,662.298392
0.0,170,663.879231
3.0,253,666.174044
2.0,232,668.287123
2.0,225,670.316462
3.0,270,672.816566
2.0,218,674.785131
0.0,130,676.011468
1.0,181,677.674465
2.0,240,679.871137
1.0,162,681.404716
0.0,137,682.722239
2.0,202,684.571445
0.0,121,685.66898
2.0,216,687.631159
2.0,199,689.445117
0.0,129,690.618787
0.0,130,691.839581
2.0,227,693.905818
4.0,292,696.617751
2.0,212,698.65233
4.0,297,701.506056
0.0,127,702.716165
3.0,232,704.888015
1.0,180,706.574934
3.0,259,708.991648
2.0,211,711.059326
1.0,180,712.675896
3.0,274,715.092603
1.0,186,716.741225
3.0,260,719.001515
0.0,130,720.193397
1.0,172,721.90431
1.0,173,723.478607
2.0,203,725.495877
0.0,124,726.747231
2.0,216,728.817725
3.0,247,731.152666
1.0,180,732.927777
0.0,131,734.135113
1.0,173,735.709156
2.0,192,737.496317
0.0,130,738.741868
2.0,211,740.751224
2.0,209,742.646995
2.0,257,744.990875
1.0,178,746.683609
2.0,246,748.911832
3.0,252,751.198716
2.0,187,752.91664
3.0,229,755.014005
0.0,124,756.136994
4.0,367,759.521551
2.0,216,761.50236
3.0,295,764.26249
2.0,211,766.190566
0.0,120,767.300547
0.0,125,768.450177
1.0,152,769.832695
1.0,159,771.246791
0.0,126,772.412882
2.0,206,774.265723
4.0,279,776.817714
0.0,141,778.117436
2.0,221,780.160445
1.0,155,781.560733
2.0,243,783.789881
3.0,240,785.962779
2.0,205,787.816918
1.0,172,789.39895
2.0,200,791.222007
0.0,151,792.601887
1.0,154,794.003732
0.0,122,795.10193
1.0,171,796.66158
0.0,152,798.138044
2.0,229,800.193814
1.0,150,801.657269
0.0,124,802.807648
2.0,201,804.635908
2.0,207,806.545828
2.0,233,808.668237
2.0,223,810.707883
0.0,128,811.866986
0.0,137,813.103361
0.0,136,814.351145
0.0,145,815.67379
0.0,122,816.796035
2.0,202,818.649087
1.0,195,820.436262
2.0,239,822.620792
1.0,172,824.168733
0.0,140,825.418457
1.0,201,827.24357
3.0,246,829.463983
0.0,134,830.702397
3.0,216,832.714624
1.0,184,834.412232
2.0,209,836.31535
1.0,179,837.977038
6.0,351,841.196867
1.0,173,842.740021
3.0,249,845.000199
0.0,162,846.507324
3.0,258,848.842629
0.0,140,850.12376
0.0,147,851.478748
0.0,140,852.756969
1.0,184,854.441774
0.0,151,855.825313
0.0,144,857.146904
0.0,139,858.476211
0.0,144,859.806536
0.0,142,861.112973
2.0,215,863.105083
2.0,202,864.927542
3.0,233,867.054358
1.0,154,868.462169
0.0,146,869.779269
3.0,251,872.088542
1.0,173,873.669691
0.0,138,874.952933
0.0,121,876.062204
3.0,252,878.368851
0.0,217,880.356684
2.0,209,882.289658
0.0,140,883.583168
2.0,223,885.598982
3.0,218,887.620178
1.0,179,889.269902
2.0,223,891.302485
0.0,150,892.740779
2.0,236,894.93529
1.0,160,896.402592
0.0,190,898.149226
2.0,219,900.172772
1.0,150,901.557016
1.0,183,903.195353
1.0,163,904.681182
0.0,124,905.828845
1.0,215,907.811642
1.0,184,909.551403
2.0,203,911.460984
4.0,337,914.437778
0.0,139,915.738041
2.0,239,917.924701
2.0,221,919.92841
1.0,170,921.447981
2.0,212,923.404199
2.0,194,925.220609
2.0,214,927.523201
0.0,135,928.819825
3.0,247,931.213131
3.0,297,933.890072
2.0,204,935.697156
0.0,140,937.078731
1.0,172,938.672922
2.0,214,940.515567
1.0,174,941.985037
2.0,233,943.960667
1.0,184,945.587032
2.0,208,947.447859
1.0,170,948.972287
0.0,137,950.177247
3.0,278,952.478163
3.0,240,954.501466
1.0,182,956.074709
3.0,236,958.165688
2.0,208,960.113199
1.0,176,961.688819
2.0,226,963.715727
2.0,214,965.628635
2.0,208,967.522111
3.0,234,970.046442
3.0,260,972.548704
4.0,283,975.394091
0.0,146,976.811724
3.0,247,979.204001
0.0,129,980.562897
3.0,248,982.90441
1.0,148,984.286433
1.0,179,985.990729
2.0,195,987.958253
2.0,205,989.87803
1.0,180,991.580492
1.0,178,993.278641
0.0,145,994.661815
1.0,169,996.281595
0.0,145,997.672706
5.0,345,1000.846228
2.0,196,1002.668305
1.0,179,1004.324055
0.0,141,1005.644059
2.0,244,1007.947219
2.0,190,1009.713377
0.0,136,1010.982911
0.0,145,1012.337557
2.0,229,1014.432671
0.0,132,1015.658583
2.0,225,1017.769816
0.0,132,1019.015505
0.0,133,1020.246688
0.0,144,1021.610979
1.0,174,1023.252725
1.0,174,1024.889966
3.0,248,1027.27008
1.0,154,1028.723518
2.0,201,1030.574106
0.0,158,1032.252733
2.0,208,1034.203578
1.0,158,1035.70191
3.0,230,1037.881096
2.0,180,1039.559235
2.0,200,1041.448702
2.0,207,1043.347561
2.0,211,1045.454641
1.0,156,1047.107955
0.0,178,1048.826936
2.0,200,1050.726367
1.0,205,1052.689074
3.0,257,1055.085025
0.0,130,1056.427181
5.0,331,1059.488692
2.0,215,1061.516802
0.0,141,1062.872287
4.0,316,1065.831738
3.0,273,1068.456122
1.0,198,1070.30535
1.0,169,1071.904557
2.0,206,1073.876839
2.0,215,1075.9639
1.0,165,1077.51479
0.0,131,1078.730974
0.0,120,1079.853867
1.0,179,1081.502028
2.0,195,1083.314482
0.0,125,1084.528226
3.0,230,1086.649622
1.0,160,1088.099382
0.0,135,1089.361336
2.0,215,1091.211303
0.0,121,1092.299895
1.0,158,1093.699197
3.0,250,1096.053135
5.0,333,1099.238221
4.0,266,1101.757726
4.0,267,1104.278293
2.0,191,1106.103723
1.0,169,1107.667669
2.0,202,1109.545274
2.0,220,1111.598892
0.0,120,1112.738811
1.0,169,1114.417652
2.0,199,1116.498398
1.0,175,1118.323865
2.0,203,1120.269061
0.0,124,1121.447378
2.0,207,1123.418229
3.0,259,1125.88111
1.0,168,1127.422909
4.0,296,1130.177551
0.0,130,1131.376564
2.0,208,1133.352134
2.0,218,1135.38818
1.0,166,1136.923506
1.0,181,1138.657354
1.0,167,1140.293
2.0,214,1142.331963
0.0,122,1143.443669
1.0,150,1144.872197
0.0,122,1145.996371
2.0,202,1147.942276
1.0,163,1149.465238
1.0,172,1151.067644
1.0,166,1152.64284
0.0,126,1153.793559
0.0,162,1155.343392
2.0,220,1157.42311
1.0,183,1159.167548
0.0,145,1160.511497
2.0,184,1162.218069
1.0,176,1163.861062
2.0,214,1165.854148
0.0,130,1167.160945
1.0,163,1168.760682
2.0,214,1170.931309
3.0,251,1173.409498
3.0,228,1175.591037
0.0,144,1176.95296
0.0,132,1178.198096
3.0,246,1180.588077
0.0,160,1182.105459
0.0,132,1183.347478
3.0,227,1185.478615
1.0,190,1187.328743
1.0,162,1188.854309
0.0,139,1190.161742
5.0,324,1193.197139
1.0,184,1195.072432
1.0,153,1196.509054
1.0,161,1198.033431
2.0,239,1200.372549
2.0,212,1202.408524
0.0,132,1203.652946
2.0,211,1205.672553
3.0,212,1207.674151
0.0,122,1209.045995
2.0,192,1210.956056
2.0,208,1212.944313
0.0,141,1214.300852
0.0,137,1215.617851
3.0,231,1217.788234
0.0,167,1219.355309
2.0,209,1221.325637
1.0,176,1222.990649
0.0,139,1224.282247
2.0,211,1226.284026
0.0,140,1227.601311
4.0,291,1230.420452
2.0,183,1232.319417
1.0,189,1234.105718
1.0,294,1236.901464
2.0,204,1238.904184
4.0,275,1241.661579
0.0,126,1242.88756
1.0,200,1244.947019
2.0,204,1246.858023
3.0,283,1249.564995
3.0,266,1252.117504
3.0,237,1254.401738
0.0,120,1255.552057
3.0,297,1258.472674
0.0,135,1259.783372
3.0,257,1262.205582
0.0,120,1263.389171
0.0,132,1264.617573
1.0,188,1266.415675
1.0,173,1268.179438
1.0,152,1269.704204
0.0,132,1270.99678
2.0,237,1273.192605
3.0,270,1275.694172
2.0,226,1277.931989
0.0,151,1279.453935
1.0,174,1281.130959
3.0,261,1283.646151
1.0,159,1285.16673
1.0,170,1286.807946
1.0,187,1288.593728
2.0,208,1290.581956
0.0,162,1292.197051
2.0,227,1294.387165
1.0,150,1295.795477
2.0,197,1297.658376
0.0,137,1299.042264
2.0,199,1300.98861
3.0,251,1303.403484
2.0,201,1305.31752
3.0,241,1307.633492
3.0,273,1310.22451
2.0,191,1312.055043
2.0,216,1314.133776
4.0,267,1316.706538
2.0,204,1318.740751
2.0,202,1320.660669
0.0,134,1321.923176
2.0,210,1323.936257
0.0,125,1325.092201
3.0,247,1327.48783
1.0,165,1329.084103
2.0,193,1330.946432
3.0,328,1334.074347
2.0,261,1336.593337
2.0,205,1338.658582
3.0,227,1340.848805
1.0,183,1342.642137
0.0,122,1343.884365
1.0,166,1345.514504
0.0,152,1346.973414
2.0,235,1349.197619
0.0,120,1350.340234
1.0,191,1352.171906
1.0,162,1353.796941
2.0,257,1356.322227
0.0,132,1357.572814
2.0,218,1359.706949
3.0,249,1362.130004
0.0,170,1363.792178
2.0,206,1365.830296
3.0,265,1368.457058
2.0,235,1370.703026
1.0,176,1372.446277
3.0,239,1374.761116
1.0,186,1376.599667
0.0,125,1377.836465
0.0,123,1379.08452
2.0,221,1381.211003
2.0,225,1383.397248
0.0,121,1384.539228
0.0,130,1385.774496
3.0,272,1388.480829
3.0,229,1390.740737
1.0,160,1392.280652
2.0,193,1394.144392
2.0,218,1396.29981
0.0,127,1397.563315
0.0,133,1398.883608
3.0,235,1401.1948
3.0,224,1403.628581
0.0,148,1405.046685
1.0,158,1406.565288
1.0,178,1408.291416
1.0,176,1409.986004
3.0,248,1412.548989
3.0,232,1414.927618
1.0,152,1416.372399
0.0,164,1417.953796
4.0,260,1420.452848
2.0,238,1422.697844
1.0,178,1424.446909
0.0,150,1425.85215
1.0,163,1427.447701
0.0,126,1428.780472
2.0,205,1431.245096
0.0,150,1432.960382
4.0,283,1435.771184
3.0,243,1438.114841
3.0,247,1440.513274
0.0,123,1441.714115
0.0,120,1442.863441
4.0,286,1445.629548
2.0,211,1447.688177
1.0,188,1449.51398
1.0,172,1451.174021
1.0,149,1452.639176
0.0,168,1454.253708
0.0,122,1455.398849
0.0,121,1456.572506
3.0,279,1459.33649
2.0,226,1461.584431
2.0,239,1463.900566
3.0,238,1466.239489
0.0,145,1467.672754
2.0,198,1469.610959
3.0,235,1471.879569
0.0,142,1473.272214
0.0,120,1474.474387
1.0,175,1476.243308
3.0,255,1478.572648
1.0,159,1480.039239
4.0,308,1482.888773
2.0,208,1484.763563
1.0,182,1486.526104
0.0,132,1487.781065
2.0,177,1489.505014
1.0,167,1491.151623
3.0,255,1493.613581
1.0,193,1495.612866
0.0,120,1496.857205
3.0,227,1498.922921
5.0,294,1501.629073
4.0,308,1504.514656
0.0,149,1505.956351
1.0,215,1508.06393
3.0,253,1510.437653
2.0,218,1512.465526
2.0,223,1514.596674
2.0,203,1516.558242
4.0,290,1519.475523
5.0,316,1522.314914
0.0,168,1523.87359
1.0,176,1525.461787
1.0,181,1527.286122
1.0,196,1529.279546
5.0,319,1532.489989
0.0,123,1533.668643
1.0,213,1535.774837
0.0,133,1537.073554
2.0,199,1539.016387
1.0,183,1540.764016
4.0,295,1543.815288
5.0,350,1547.227436
3.0,259,1549.717694
1.0,166,1551.362393
3.0,263,1554.014711
2.0,186,1555.820359
1.0,185,1557.574522
4.0,271,1560.249962
1.0,153,1561.686417
1.0,150,1563.002175
1.0,152,1564.350353
2.0,195,1566.151333
4.0,328,1569.306749
0.0,132,1570.529727
4.0,281,1573.241652
2.0,247,1575.899203
2.0,247,1578.518726
2.0,228,1580.876974
2.0,211,1583.07701
3.0,239,1586.017276
3.0,273,1588.892089
0.0,177,1590.66157
3.0,275,1593.419352
0.0,141,1594.828081
1.0,181,1596.672121
1.0,164,1598.293557
0.0,139,1599.655631
1.0,214,1601.654606
0.0,178,1603.358835
2.0,220,1605.418732
4.0,266,1607.88496
2.0,250,1610.437688
0.0,152,1612.254178
2.0,274,1615.01866
0.0,168,1616.6051
0.0,120,1617.739895
2.0,268,1620.235286
0.0,135,1621.551859
1.0,194,1623.335165
1.0,176,1624.921328
2.0,212,1626.905223
4.0,265,1629.401584
1.0,180,1631.119008
3.0,333,1634.150988
6.0,400,1637.945024
0.0,145,1639.384879
1.0,227,1641.562356
2.0,255,1644.023694
0.0,142,1645.458898
2.0,226,1647.731458
1.0,166,1649.374669
3.0,228,1651.581999
8.0,434,1655.722085
0.0,120,1656.951396
2.0,180,1658.750762
2.0,218,1660.817689
5.0,373,1664.583936
2.0,201,1666.384226
1.0,183,1668.139991
2.0,221,1670.117181
2.0,203,1671.986276
3.0,294,1674.655401
2.0,206,1676.516959
2.0,279,1678.983697
5.0,349,1682.116764
0.0,123,1683.229099
2.0,242,1685.370185
0.0,160,1686.81667
2.0,193,1688.613033
0.0,152,1689.949905
1.0,176,1691.549818
2.0,235,1693.583273
0.0,138,1694.821745
2.0,188,1696.439219
1.0,209,1698.349761
2.0,230,1700.453574
2.0,246,1702.623791
4.0,319,1705.479069
2.0,218,1707.399411
4.0,307,1710.147543
1.0,195,1711.962387
0.0,143,1713.283152
0.0,127,1714.372648
0.0,121,1715.482553
1.0,179,1717.065803
8.0,344,1720.188556
3.0,231,1722.302655
1.0,184,1723.919363
0.0,134,1725.103551
2.0,216,1727.082887
0.0,125,1728.206199
2.0,191,1729.915446
1.0,176,1731.482287
2.0,260,1733.803115
2.0,218,1735.757553
1.0,181,1737.35475
0.0,122,1738.471584
1.0,203,1740.290177
0.0,137,1741.515306
0.0,143,1742.781745
0.0,123,1743.859373
0.0,171,1745.378636
4.0,285,1747.962797
2.0,219,1749.931241
1.0,169,1751.398296
3.0,266,1753.815695
1.0,229,1755.864195
3.0,276,1758.464841
0.0,124,1759.608378
2.0,199,1761.388989
2.0,181,1762.980859
3.0,264,1765.382022
1.0,170,1767.031277
2.0,214,1768.881499
2.0,204,1770.697803
2.0,225,1772.697803
0.0,198,1774.480929
3.0,268,1776.869939
2.0,220,1778.809715
2.0,184,1780.460789
2.0,216,1782.370793
2.0,206,1784.180352
2.0,212,1786.139567
0.0,121,1787.248176
1.0,211,1789.130985
2.0,259,1791.463973
2.0,232,1793.563798
3.0,257,1795.989118
0.0,139,1797.335827
0.0,159,1798.764338
1.0,164,1800.180293
3.0,230,1802.214001
2.0,186,1803.880329
0.0,139,1805.130818
4.0,365,1808.448363
1.0,179,1810.080176
4.0,331,1813.04424
0.0,130,1814.242014
1.0,178,1815.858139
1.0,225,1818.055989
0.0,190,1819.814041
2.0,290,1822.496884
1.0,187,1824.179647
0.0,128,1825.35964
3.0,242,1827.561173
0.0,172,1829.146315
3.0,301,1831.896194
4.0,263,1834.315371
0.0,138,1835.574232
2.0,183,1837.262834
0.0,173,1838.854573
1.0,237,1841.062835
2.0,223,1843.088907
1.0,173,1844.703957
4.0,276,1847.23936
4.0,265,1849.6625
2.0,219,1851.674071
3.0,273,1854.126087
1.0,219,1856.116366
1.0,240,1858.286311
0.0,136,1859.529167
1.0,172,1861.074294
1.0,182,1862.728828
1.0,272,1865.178724
0.0,219,1867.179237
2.0,224,1869.211838
3.0,248,1871.55966
0.0,168,1873.069178
0.0,141,1874.335809
1.0,150,1875.702065
6.0,462,1880.044885
1.0,156,1881.460277
1.0,157,1882.886264
0.0,138,1884.160321
2.0,208,1886.077993
1.0,233,1888.211395
1.0,195,1889.996618
3.0,303,1892.970322
4.0,271,1895.681781
0.0,144,1897.10476
2.0,209,1899.226708
2.0,182,1901.049437
0.0,197,1903.070012
2.0,198,1905.397029
7.0,287,1908.498018
2.0,192,1910.360339
1.0,171,1911.981668
5.0,387,1915.697737
2.0,200,1917.576926
5.0,309,1920.579832
6.0,392,1924.420409
0.0,125,1925.689721
4.0,321,1928.948051
1.0,202,1930.989081
2.0,241,1933.44861
5.0,314,1936.606197
5.0,426,1940.683621
0.0,145,1942.037869
5.0,315,1945.015709
2.0,192,1946.761959
1.0,148,1949.013648
6.0,368,1952.601019
3.0,288,1955.229241
2.0,272,1957.740727
0.0,123,1959.116171
3.0,319,1962.13262
1.0,222,1964.131956
3.0,217,1966.054536
2.0,271,1968.502954
2.0,256,1970.712353
2.0,180,1972.375379
3.0,258,1974.664655
2.0,215,1976.524267
1.0,163,1977.975179
3.0,280,1980.913579
1.0,182,1982.649222
2.0,212,1984.697524
2.0,191,1986.51614
0.0,167,1988.095813
3.0,308,1991.0529
2.0,198,1993.264805
2.0,269,1995.857819
1.0,155,1997.26217
3.0,260,2000.027428
2.0,235,2002.445984
1.0,152,2003.968468
1.0,163,2005.46977
3.0,257,2007.782881
3.0,314,2010.597623
2.0,296,2013.374686
1.0,171,2014.994821
4.0,390,2018.518246
3.0,243,2020.722714
2.0,181,2022.562333
11.0,324,2025.791563
4.0,282,2028.357198
8.0,370,2031.663666
3.0,307,2034.340763
7.0,306,2037.078429
7.0,327,2040.140295
4.0,284,2042.789165
3.0,237,2045.007767
3.0,304,2047.87771
2.0,294,2050.605422
2.0,230,2052.997636
6.0,440,2057.272911
0.0,173,2059.151004
0.0,149,2060.639643
2.0,232,2062.973957
1.0,190,2065.006724
0.0,135,2066.613958
1.0,180,2068.470797
3.0,276,2071.102543
5.0,463,2075.568857
5.0,342,2078.768819
4.0,401,2082.370032
3.0,296,2085.005635
4.0,282,2087.7723
3.0,262,2090.211013
7.0,300,2092.9104
1.0,194,2094.739251
6.0,455,2099.310623
7.0,441,2103.679902
2.0,339,2106.952151
3.0,255,2109.387541
1.0,168,2110.887495
5.0,451,2115.001997
5.0,395,2118.993354
1.0,174,2120.571403
2.0,280,2123.22249
2.0,268,2125.600312
3.0,330,2128.75169
2.0,219,2130.779448
4.0,341,2133.842761
3.0,275,2136.530556
2.0,270,2139.087445
4.0,299,2141.781755
3.0,265,2144.102916
5.0,466,2148.425746
2.0,222,2150.637721
3.0,218,2152.734936
4.0,376,2156.209132
1.0,196,2157.984711
3.0,249,2160.210145
3.0,263,2162.634489
3.0,341,2165.820176
7.0,363,2169.170216
2.0,186,2170.835758
8.0,439,2174.751944
1.0,149,2176.11811
5.0,355,2179.458357
4.0,360,2182.644589
4.0,389,2186.222792
3.0,223,2188.315454
0.0,180,2190.016483
1.0,312,2193.260502
2.0,217,2195.457692
5.0,305,2198.645396
3.0,286,2201.46343
1.0,148,2202.768147
1.0,167,2204.217588
3.0,345,2207.269923
0.0,238,2209.476551
6.0,415,2213.195861
3.0,269,2215.582405
1.0,160,2217.025253
3.0,239,2219.389651
3.0,266,2221.823555
1.0,203,2223.63865
1.0,166,2225.122222
2.0,207,2226.950887
3.0,239,2229.151835
5.0,427,2233.296571
1.0,219,2235.265047
6.0,392,2238.966106
1.0,231,2241.021002
2.0,202,2242.849523
3.0,290,2245.418138
5.0,341,2248.463469
4.0,324,2251.451786
4.0,485,2256.327209
1.0,340,2259.665997
1.0,176,2261.465295
6.0,437,2265.602864
2.0,238,2267.947819
1.0,148,2269.351391
0.0,180,2271.110764
5.0,317,2274.276712
4.0,338,2277.502334
3.0,338,2280.684541
3.0,274,2283.26034
3.0,245,2285.583937
3.0,352,2288.880163
3.0,248,2291.208278
2.0,336,2294.398352
3.0,417,2298.532207
2.0,179,2300.287662
4.0,310,2303.315179
3.0,415,2307.376432
2.0,220,2309.566396
5.0,538,2314.714758
3.0,301,2317.802664
3.0,298,2320.597135
2.0,449,2324.945589
7.0,554,2330.326803
2.0,322,2333.50004
2.0,308,2336.404161
4.0,470,2340.760324
3.0,322,2343.768822
2.0,292,2346.579639
3.0,318,2349.862516
4.0,425,2354.241106
3.0,224,2356.755551
3.0,557,2362.567818
1.0,205,2364.605117
2.0,373,2368.279523
3.0,272,2371.041342
3.0,683,2378.15901
0.0,206,2380.268806
2.0,260,2382.678268
6.0,397,2386.454031
3.0,359,2390.273736
3.0,282,2393.1938
2.0,208,2395.279992
3.0,620,2401.518465
3.0,408,2405.619204
3.0,412,2409.821004
4.0,292,2412.825209
2.0,624,2418.744554
2.0,197,2420.477732
6.0,465,2424.663992
4.0,426,2428.524906
2.0,650,2434.369781
3.0,328,2437.343434
3.0,415,2441.246312
2.0,380,2444.84382
0.0,120,2446.082972
1.0,273,2448.880691
3.0,343,2452.537691
5.0,609,2458.71745
2.0,311,2461.69566
1.0,148,2463.238462
2.0,331,2466.674173
1.0,367,2470.429761
4.0,473,2475.708019
3.0,436,2480.804836
3.0,439,2485.806832
3.0,284,2489.068247
5.0,793,2499.183508
4.0,300,2502.923776
3.0,439,2508.1585
5.0,465,2514.051485
4.0,360,2518.288983
4.0,536,2524.698073
5.0,779,2533.766938
4.0,484,2540.373289
2.0,347,2544.51119
2.0,349,2548.62085
3.0,391,2553.281007
4.0,513,2559.429535
5.0,464,2564.872796
2.0,533,2571.380327
2.0,339,2575.332445
6.0,538,2581.593511
1.0,243,2584.415845
5.0,420,2589.348879
3.0,510,2595.179051
1.0,214,2597.653494
6.0,464,2602.974338
3.0,458,2608.248078
4.0,434,2613.232145
3.0,352,2617.38343
3.0,332,2621.537446
2.0,372,2625.842346
3.0,269,2629.058915
2.0,199,2631.496139
11.0,520,2637.61064
2.0,445,2643.161419
4.0,393,2647.903861
2.0,207,2650.496539
4.0,792,2660.057015
3.0,262,2663.132329
3.0,308,2667.207872
3.0,381,2671.73392
7.0,252,2674.647767
2.0,336,2678.805034
3.0,271,2681.980497
3.0,286,2685.417492
10.0,658,2693.305591
1.0,218,2695.876894
3.0,673,2703.586805
3.0,505,2709.429037
2.0,290,2712.814165
2.0,334,2716.633337
7.0,285,2720.073479
2.0,372,2724.310061
4.0,500,2730.008417
7.0,332,2733.923606
3.0,346,2737.932571
7.0,726,2746.465054
0.0,272,2749.578334
2.0,260,2752.502493
1.0,357,2756.514306
3.0,402,2761.038442
4.0,265,2764.036042
2.0,204,2766.325489
3.0,367,2770.418672
7.0,305,2774.162553
5.0,570,2781.679879
3.0,274,2784.84131
7.0,453,2790.064513
4.0,279,2793.222319
7.0,307,2796.659051
7.0,273,2799.790664
5.0,321,2803.476966
3.0,309,2806.963999
2.0,192,2809.141667
4.0,323,2812.781131
2.0,192,2815.01273
3.0,541,2821.134933
0.0,204,2823.480167
3.0,376,2827.69523
7.0,478,2833.334192
7.0,320,2836.966444
2.0,181,2839.264457
4.0,363,2844.12691
2.0,263,2847.309322
7.0,289,2850.56957
7.0,692,2858.303668
7.0,332,2861.959838
2.0,327,2865.578274
3.0,396,2870.06516
3.0,211,2872.524155
3.0,378,2877.022094
3.0,212,2879.511276
2.0,313,2883.018043
3.0,428,2887.781293
4.0,263,2890.706376
7.0,585,2897.192598
3.0,300,2901.013542
3.0,240,2903.869649
2.0,260,2906.765578
4.0,275,2909.804413
3.0,317,2913.269724
3.0,262,2916.178626
2.0,227,2918.686001
3.0,210,2921.012203
3.0,430,2925.731567
4.0,441,2930.581822
4.0,418,2935.198814
7.0,292,2938.423757
8.0,617,2945.217489
3.0,402,2949.697396
0.0,124,2951.064219
3.0,309,2954.426826
2.0,264,2957.377725
3.0,308,2960.881696
3.0,210,2963.161922
5.0,322,2966.692
4.0,384,2970.889166
7.0,535,2976.787047
2.0,265,2979.670079
4.0,451,2984.614214
4.0,566,2990.822688
7.0,274,2993.836087
8.0,467,2998.892868
3.0,265,3001.842555
11.0,841,3011.065542
2.0,193,3013.17741
7.0,477,3018.522412
7.0,256,3021.339946
5.0,319,3024.859158
1.0,156,3026.556331
3.0,341,3030.276353
7.0,674,3037.647423
3.0,437,3042.438922
7.0,343,3046.182822
3.0,285,3049.293529
3.0,376,3053.405885
4.0,363,3057.379568
3.0,323,3060.921719
3.0,213,3063.237628
7.0,422,3067.835238
4.0,488,3073.189217
8.0,374,3077.348963
3.0,228,3080.068248
7.0,408,3084.525724
3.0,258,3087.345887
4.0,331,3090.990967
11.0,374,3095.122875
3.0,210,3097.411228
3.0,210,3099.71814
3.0,230,3102.206143
2.0,213,3104.524034
7.0,551,3110.62353
1.0,237,3113.19997
8.0,667,3120.517768
11.0,418,3125.144052
11.0,640,3132.160214
7.0,272,3135.12926
2.0,316,3138.722649
2.0,245,3141.433175
5.0,482,3146.807055
3.0,305,3150.175483
11.0,351,3154.003195
2.0,185,3156.081024
2.0,332,3159.72226
7.0,435,3164.490371
3.0,246,3167.251185
11.0,548,3173.309456
1.0,148,3174.94328
2.0,180,3176.93867
6.0,437,3181.786092
4.0,268,3184.701066
4.0,307,3188.076697
4.0,241,3190.708245
2.0,210,3193.031804
3.0,398,3197.417833
3.0,653,3204.622859
2.0,217,3207.040683
2.0,211,3209.30961
3.0,243,3211.960011
4.0,445,3216.860986
3.0,220,3219.290724
3.0,237,3221.900061
9.0,367,3225.871003
1.0,242,3228.562698
7.0,468,3233.735348
7.0,394,3238.037158
4.0,262,3240.910647
3.0,287,3244.048634
2.0,240,3246.664008
3.0,273,3249.674647
3.0,253,3252.414235
3.0,261,3255.286759
4.0,407,3259.853264
3.0,216,3262.215939
4.0,283,3265.348554
1.0,211,3267.669016
4.0,372,3271.753172
3.0,299,3275.001684
4.0,241,3277.665274
7.0,418,3282.260382
4.0,359,3286.199723
7.0,243,3288.860553
4.0,260,3291.680627
2.0,217,3294.038756
2.0,182,3296.028946
7.0,356,3299.939361
2.0,180,3301.960852
7.0,347,3305.713597
3.0,226,3308.200947
1.0,178,3310.142981
11.0,356,3314.013939
2.0,186,3316.119173
3.0,210,3318.594439
3.0,234,3321.201352
3.0,210,3323.511201
1.0,148,3325.152364
4.0,265,3328.041317
3.0,210,3330.357415
4.0,317,3333.879045
2.0,183,3335.902948
3.0,210,3338.206559
3.0,210,3340.540493
3.0,317,3343.983896
3.0,221,3346.40981
3.0,307,3349.798029
3.0,666,3357.227382
5.0,305,3360.555137
4.0,309,3363.903138
4.0,293,3367.089621
1.0,148,3368.768438
3.0,210,3371.085105
7.0,426,3375.694812
3.0,210,3378.142949
2.0,180,3380.151215
3.0,210,3382.416949
3.0,210,3384.809123
1.0,223,3387.254064
3.0,246,3389.93075
3.0,218,3392.337654
4.0,262,3395.207575
7.0,268,3398.142715
2.0,179,3400.16092
3.0,210,3402.459559
3.0,210,3404.78279
7.0,418,3409.349807
2.0,180,3411.316533
3.0,210,3413.687456
5.0,474,3418.9268
3.0,251,3421.701288
2.0,177,3423.654827
2.0,180,3425.62806
7.0,260,3428.470965
3.0,210,3430.808292
3.0,275,3433.853173
1.0,177,3435.84748
2.0,180,3437.933237
4.0,259,3440.833698
6.0,323,3444.353201
7.0,282,3447.477165
3.0,210,3449.782467
3.0,310,3453.264903
3.0,224,3455.748848
7.0,297,3459.003727
2.0,179,3460.983696
4.0,256,3463.792449
1.0,172,3465.699049
3.0,210,3468.078101
6.0,352,3472.068116
4.0,241,3474.768473
3.0,264,3477.661163
3.0,241,3480.292385
3.0,208,3482.628101
4.0,259,3485.518916
5.0,351,3489.359522
7.0,403,3493.824884
3.0,212,3496.147634
2.0,306,3499.704336
2.0,229,3502.237941
11.0,466,3507.301219
3.0,220,3509.697028
7.0,291,3512.893373
3.0,211,3515.246532
7.0,409,3519.735629
3.0,210,3522.082526
3.0,210,3524.378385
4.0,278,3527.440679
7.0,251,3530.175684
3.0,253,3533.001871
3.0,213,3535.416775
5.0,291,3538.621607
3.0,210,3540.934031
7.0,302,3544.252689
3.0,210,3546.540873
5.0,292,3549.752392
4.0,255,3552.573278
0.0,121,3553.894572
4.0,271,3556.866229
4.0,273,3560.043749
8.0,423,3564.638531
3.0,268,3567.605872
1.0,148,3569.237447
3.0,210,3571.566696
7.0,374,3575.696511
3.0,213,3578.012239
4.0,260,3580.868733
3.0,212,3583.186389
3.0,232,3585.729542
11.0,300,3589.088269
7.0,290,3592.291696
3.0,246,3594.96834
3.0,217,3597.341717
6.0,421,3601.986979
1.0,148,3603.606636
4.0,323,3607.174718
3.0,262,3610.074232
5.0,374,3614.128435
5.0,286,3617.306338
3.0,210,3619.75301
4.0,274,3622.819962
3.0,210,3625.11939
3.0,211,3627.455359
3.0,222,3629.907996
0.0,142,3631.442741
4.0,272,3634.435444
2.0,195,3636.566577
4.0,241,3639.246509
5.0,366,3643.275906
4.0,329,3646.860526
2.0,195,3649.022053
3.0,212,3651.355317
7.0,288,3654.529557
1.0,148,3656.224818
4.0,535,3662.091962
3.0,210,3664.413547
4.0,257,3667.226579
3.0,210,3669.56533
3.0,210,3671.844546
5.0,326,3675.462044
3.0,210,3677.88599
3.0,210,3680.284929
3.0,231,3682.810234
4.0,264,3685.718264
3.0,210,3688.066144
4.0,291,3691.319533
4.0,272,3694.297704
3.0,208,3696.591964
3.0,225,3699.077547
3.0,210,3701.370024
4.0,261,3704.305967
3.0,216,3706.678129
7.0,367,3710.715341
3.0,210,3713.061126
2.0,180,3715.064881
6.0,330,3718.679114
2.0,179,3720.662561
2.0,179,3722.679119
3.0,210,3725.001937
6.0,323,3728.687599
3.0,210,3731.065583
4.0,246,3733.820961
3.0,210,3736.183775
3.0,236,3739.008638
3.0,213,3741.412394
3.0,208,3743.797468
7.0,244,3746.470227
7.0,414,3751.091941
7.0,297,3754.464466
4.0,288,3757.714604
2.0,179,3759.753242
3.0,224,3762.287095
2.0,196,3764.486511
1.0,148,3766.189511
3.0,211,3768.595912
5.0,318,3772.164951
7.0,272,3775.219665
10.0,359,3779.236639
12.0,414,3784.02808
3.0,218,3786.533893
3.0,207,3789.058751
4.0,259,3792.124904
4.0,264,3795.142669
3.0,227,3797.77036
2.0,249,3800.594848
3.0,271,3803.641827
3.0,351,3807.55347
11.0,304,3810.927475
10.0,394,3815.345451
7.0,260,3818.18034
2.0,184,3820.19057
5.0,384,3824.385918
6.0,334,3828.063498
2.0,195,3830.274967
10.0,675,3837.64084
4.0,249,3840.377001
3.0,210,3842.683027
2.0,195,3844.801087
1.0,148,3846.482524
3.0,235,3849.079671
3.0,243,3851.751743
5.0,303,3855.073656
2.0,193,3857.168761
7.0,283,3860.426347
5.0,422,3865.081108
2.0,182,3867.114989
2.0,301,3870.409838
3.0,211,3872.747641
6.0,335,3876.377277
6.0,350,3880.250862
5.0,378,3884.387008
3.0,225,3886.88592
4.0,257,3889.707745
12.0,520,3895.402391
4.0,241,3898.019307
3.0,252,3900.811969
4.0,260,3903.683723
9.0,355,3907.575279
6.0,331,3911.26279
3.0,212,3913.607241
4.0,289,3916.75159
5.0,313,3920.387727
1.0,150,3922.153917
3.0,241,3925.162372
5.0,290,3928.328212
4.0,261,3931.269387
2.0,190,3933.335244
3.0,429,3938.024692
2.0,178,3939.977699
1.0,150,3941.626056
3.0,212,3943.963353
3.0,216,3946.341491
7.0,327,3949.968749
9.0,362,3953.99402
7.0,308,3957.403306
7.0,286,3960.523218
2.0,203,3962.759815
3.0,228,3965.308224
3.0,248,3968.052788
7.0,355,3971.951215
9.0,415,3976.49005
5.0,366,3980.734781
5.0,391,3985.085762
3.0,237,3987.668585
2.0,178,3989.596029
6.0,375,3993.72384
5.0,376,3997.874744
12.0,312,4001.341139
3.0,210,4003.672323
5.0,338,4007.370342
3.0,238,4010.029835
12.0,356,4013.947273
4.0,259,4016.785637
12.0,414,4021.340235
6.0,401,4025.763344
9.0,427,4030.479961
8.0,390,4034.777167
7.0,519,4040.665135
5.0,286,4043.843323
6.0,360,4047.785804
6.0,344,4051.593065
4.0,285,4054.714063
7.0,308,4058.091681
9.0,515,4063.766165
8.0,310,4067.22374
2.0,203,4069.511276
4.0,317,4072.971103
7.0,255,4075.758703
3.0,210,4078.021016
5.0,413,4082.626076
6.0,326,4086.171453
7.0,261,4089.007828
3.0,210,4091.309447
4.0,406,4095.751369
6.0,362,4099.96113
6.0,438,4104.749666
7.0,322,4108.294739
5.0,292,4111.522139
7.0,424,4116.157641
6.0,351,4120.013875
11.0,400,4124.383405
5.0,294,4127.59604
4.0,268,4130.53182
4.0,259,4133.380273
11.0,595,4139.942527
7.0,246,4142.605136
10.0,395,4146.97848
6.0,358,4150.911481
3.0,218,4153.358857
6.0,338,4157.076102
2.0,180,4159.168944
6.0,398,4163.559822
11.0,284,4166.664438
8.0,377,4170.861452
9.0,404,4175.313566
5.0,299,4178.609289
7.0,330,4182.195231
7.0,293,4185.429225
4.0,255,4188.249705
3.0,215,4190.624545
2.0,217,4193.004234
3.0,224,4195.44898
4.0,275,4198.483155
3.0,223,4200.914738
3.0,270,4203.899499
4.0,277,4206.954158
6.0,328,4210.570893
6.0,403,4214.96704
8.0,447,4220.100052
4.0,309,4223.481014
4.0,276,4226.513615
5.0,336,4230.222415
5.0,330,4233.855389
5.0,327,4237.521623
11.0,437,4242.30375
5.0,309,4245.680605
10.0,455,4250.709925
8.0,335,4254.425328
5.0,267,4257.363154
6.0,343,4261.14391
6.0,334,4264.824666
4.0,274,4267.809606
4.0,374,4271.920675
2.0,179,4273.882865
6.0,356,4277.90295
7.0,357,4281.859257
2.0,180,4283.8231
6.0,370,4287.825075
3.0,225,4290.29871
7.0,373,4294.401484
6.0,326,4298.078274
2.0,177,4300.031857
3.0,210,4302.380385
6.0,368,4306.419978
4.0,330,4310.119258
5.0,296,4313.388037
3.0,211,4315.745888
3.0,284,4318.877801
4.0,293,4322.10355
2.0,208,4324.441154
6.0,322,4328.01559
3.0,227,4330.53337
4.0,260,4333.384155
4.0,260,4336.237339
7.0,354,4340.318219
8.0,339,4344.121015
7.0,335,4347.803215
2.0,179,4349.755731
7.0,277,4352.817646
8.0,293,4356.067793
3.0,207,4358.333479
3.0,210,4360.659245
8.0,317,4364.14873
3.0,207,4366.486289
4.0,257,4369.361523
3.0,213,4371.75334
3.0,217,4374.154217
6.0,413,4378.729502
4.0,239,4381.389398
9.0,403,4385.921935
6.0,338,4389.636111
3.0,223,4392.123044
5.0,285,4395.312601
3.0,223,4397.938281
8.0,458,4403.035833
3.0,207,4405.338072
6.0,485,4410.690649
5.0,286,4413.852367
7.0,412,4418.416194
6.0,358,4422.344957
4.0,240,4424.981584
7.0,799,4433.883935
4.0,260,4436.790329
6.0,323,4440.423247
5.0,316,4443.940952
3.0,233,4446.597995
5.0,326,4450.230925
6.0,335,4453.899282
7.0,426,4458.77969
7.0,279,4461.882399
3.0,207,4464.193885
5.0,288,4467.370567
11.0,339,4471.066237
9.0,437,4475.849423
5.0,329,4479.542805
3.0,226,4482.008654
4.0,286,4485.160714
7.0,360,4489.140616
4.0,267,4492.069451
3.0,232,4494.62657
4.0,280,4497.768497
14.0,579,4504.139705
3.0,230,4506.709678
7.0,372,4510.828734
7.0,284,4513.958569
2.0,177,4515.949146
8.0,385,4520.339456
8.0,396,4524.734773
6.0,328,4528.354738
3.0,260,4531.197863
7.0,255,4534.080443
9.0,430,4538.872149
3.0,210,4541.225837
8.0,314,4544.688078
4.0,239,4547.328598
9.0,358,4551.373038
3.0,211,4553.688867
2.0,177,4555.678338
7.0,366,4559.740542
3.0,215,4562.141029
3.0,212,4564.51078
4.0,299,4567.873272
5.0,302,4571.205582
3.0,207,4573.532665
7.0,256,4576.366009
3.0,218,4578.891982
3.0,210,4581.222763
8.0,408,4585.833898
9.0,435,4590.735087
5.0,335,4594.491384
7.0,479,4599.840176
4.0,275,4602.971804
3.0,451,4608.00662
6.0,325,4611.625349
7.0,404,4616.135893
6.0,325,4619.800015
6.0,323,4623.439173
5.0,317,4626.953238
6.0,354,4630.941551
3.0,263,4633.850441
9.0,435,4639.004703
14.0,596,4645.802341
9.0,467,4651.173959
4.0,256,4654.126119
4.0,258,4656.986262
7.0,371,4661.15076
4.0,241,4663.844415
3.0,210,4666.251931
7.0,271,4669.407525
4.0,244,4672.104641
7.0,414,4676.696964
3.0,274,4679.744744
4.0,261,4682.64973
4.0,256,4685.504388
6.0,323,4689.131258
9.0,371,4693.293072
7.0,244,4696.182854
6.0,320,4700.141351
3.0,226,4702.931028
3.0,228,4705.556353
5.0,306,4708.972074
7.0,256,4711.849094
4.0,272,4714.891002
6.0,397,4719.329145
4.0,244,4722.046765
6.0,347,4725.849971
2.0,180,4727.831671
13.0,608,4734.548905
3.0,210,4736.879477
7.0,371,4741.011096
4.0,267,4743.944834
3.0,210,4746.267212
3.0,214,4748.624643
5.0,273,4751.663927
7.0,290,4754.860935
10.0,391,4759.354672
2.0,177,4761.303641
7.0,348,4765.133181
9.0,390,4769.907412
9.0,527,4775.701117
4.0,257,4778.585814
9.0,480,4783.848046
10.0,361,4787.795054
6.0,356,4791.770817
7.0,265,4794.655286
8.0,362,4798.624417
8.0,428,4803.304652
7.0,472,4808.515575
5.0,304,4811.851844
11.0,374,4815.932888
5.0,306,4819.424456
5.0,334,4823.0564
3.0,210,4825.410138
7.0,282,4828.490308
8.0,283,4831.595036
4.0,259,4834.443435
8.0,528,4840.257503
7.0,311,4843.706766
12.0,485,4849.048112
8.0,570,4855.29768
7.0,306,4858.675625
7.0,336,4862.433795
8.0,447,4867.329881
3.0,297,4870.650291
3.0,214,4872.986176
8.0,435,4877.934236
8.0,443,4882.866863
7.0,256,4885.67625
4.0,314,4889.115999
3.0,216,4891.48364
4.0,291,4894.71806
2.0,181,4896.698535
7.0,247,4899.418597
7.0,385,4903.632718
10.0,495,4909.081621
7.0,332,4912.75131
3.0,224,4915.243383
9.0,557,4921.333891
10.0,519,4927.031823
6.0,334,4930.727019
5.0,309,4934.134187
2.0,178,4936.052158
6.0,326,4939.830524
4.0,260,4942.684171
6.0,348,4946.57221
3.0,219,4948.956072
6.0,431,4953.691395
6.0,342,4957.4712
4.0,265,4960.379823
1.0,151,4962.047355
8.0,447,4967.024627
6.0,341,4970.852221
4.0,260,4973.715777
8.0,534,4979.537034
6.0,380,4983.758388
14.0,534,4989.670218
10.0,504,4995.183524
4.0,245,4997.970123
5.0,330,5001.639713
6.0,359,5005.569996
9.0,417,5010.145742
5.0,311,5013.545567
3.0,278,5016.665045
9.0,510,5022.236255
4.0,259,5025.113663
9.0,535,5030.998477
6.0,371,5035.074939
8.0,670,5042.455266
12.0,605,5049.090409
4.0,384,5053.356812
8.0,382,5057.593987
8.0,390,5062.038491
8.0,408,5066.522794
6.0,368,5070.570715
6.0,390,5074.874193
3.0,210,5077.164191
7.0,264,5080.070693
8.0,402,5084.46167
3.0,209,5086.771407
2.0,183,5088.799509
13.0,627,5095.630174
3.0,207,5097.90217
3.0,209,5100.212721
3.0,230,5102.816814
8.0,510,5108.4706
2.0,200,5110.649902
7.0,399,5115.056526
9.0,704,5122.941484
3.0,548,5128.973123
2.0,182,5131.030026
5.0,301,5134.316329
11.0,403,5138.829739
5.0,296,5142.088553
4.0,251,5144.809427
8.0,418,5149.421115
7.0,373,5153.507526
8.0,446,5158.440771
8.0,280,5161.526005
4.0,244,5164.213416
6.0,323,5167.727319
13.0,584,5174.174546
10.0,427,5178.972481
7.0,364,5182.946056
5.0,332,5186.599948
4.0,274,5189.703087
11.0,559,5195.792207
7.0,255,5198.613362
9.0,541,5204.582998
4.0,278,5207.677643
8.0,461,5212.768257
16.0,435,5217.556976
8.0,475,5222.873779
5.0,296,5226.161915
11.0,453,5231.230171
5.0,338,5234.914865
11.0,577,5241.556919
6.0,685,5249.12793
9.0,389,5253.451301
8.0,297,5256.712847
6.0,349,5260.653268
8.0,306,5264.020833
3.0,244,5266.735126
6.0,418,5272.021957
11.0,336,5275.958286
5.0,352,5280.526199
7.0,365,5284.845369
11.0,659,5292.624353
12.0,397,5297.255401
7.0,256,5300.419061
7.0,375,5304.906027
10.0,418,5309.914893
7.0,280,5313.224977
8.0,362,5317.472628
9.0,448,5322.614135
8.0,523,5328.558279
6.0,353,5332.666847
4.0,262,5335.625056
8.0,436,5340.604059
5.0,342,5344.538449
8.0,302,5347.980322
12.0,661,5355.504485
7.0,360,5359.78995
7.0,452,5364.943354
10.0,378,5369.292139
7.0,381,5373.605896
7.0,277,5376.743892
4.0,262,5379.744766
3.0,253,5382.646206
9.0,430,5387.553023
9.0,378,5391.811504
7.0,633,5398.949669
3.0,217,5401.47893
8.0,404,5406.03476
11.0,301,5409.453135
8.0,375,5413.662482
5.0,303,5417.075192
6.0,581,5423.879594
7.0,367,5427.99244
4.0,261,5430.980191
6.0,390,5435.350388
6.0,343,5439.290831
11.0,293,5442.601177
16.0,548,5448.857954
7.0,244,5451.620121
4.0,245,5454.440064
13.0,489,5459.993928
7.0,302,5463.368435
7.0,433,5468.267113
9.0,662,5475.797583
3.0,212,5478.344262
9.0,351,5482.469874
4.0,241,5485.203131
13.0,457,5490.442601
8.0,363,5494.572276
5.0,301,5498.002866
11.0,676,5505.681339
5.0,313,5509.214902
5.0,289,5512.493731
3.0,209,5514.896004
6.0,410,5519.49625
3.0,221,5522.028997
7.0,389,5526.34654
8.0,445,5531.392661
9.0,448,5536.388926
7.0,415,5541.308709
7.0,390,5545.755374
9.0,456,5550.881228
4.0,240,5553.622518
7.0,374,5558.039259
6.0,325,5561.696084
4.0,287,5564.969528
15.0,532,5571.067323
11.0,406,5575.670803
9.0,412,5580.271552
8.0,488,5585.71961
5.0,315,5589.281833
8.0,322,5592.967936
9.0,481,5598.487693
5.0,325,5602.159936
7.0,356,5606.331616
10.0,362,5610.893875
7.0,261,5613.935813
4.0,264,5616.851831
9.0,444,5622.798643
6.0,407,5627.378757
7.0,366,5631.717478
12.0,487,5637.117202
10.0,536,5642.996435
9.0,351,5646.850733
8.0,424,5651.531421
5.0,296,5654.788998
8.0,396,5659.321738
4.0,261,5662.183902
5.0,313,5665.666281
8.0,299,5668.945837
8.0,423,5673.590148
7.0,418,5678.161193
8.0,278,5681.29546
5.0,312,5684.707061
9.0,453,5689.680914
9.0,520,5695.392209
6.0,340,5699.112561
11.0,433,5703.860707
11.0,535,5709.858834
7.0,666,5717.130811
16.0,491,5722.678155
7.0,372,5726.730215
8.0,285,5729.883991
7.0,362,5733.859343
4.0,261,5736.721858
11.0,438,5741.581096
4.0,237,5744.20511
13.0,409,5748.670048
5.0,317,5752.137878
5.0,310,5755.568915
4.0,274,5758.569231
5.0,291,5761.774845
8.0,284,5764.894143
3.0,205,5767.133715
8.0,503,5772.691259
4.0,296,5775.984021
7.0,249,5778.893541
2.0,182,5780.909528
7.0,389,5785.164429
8.0,396,5789.514803
7.0,278,5792.619961
5.0,306,5795.947926
8.0,409,5800.453473
7.0,358,5804.370536
12.0,565,5810.588449
10.0,464,5815.643564
6.0,342,5819.429279
7.0,416,5824.016637
17.0,496,5829.461327
5.0,370,5833.491367
7.0,414,5838.192505
10.0,486,5843.565769
12.0,422,5848.198347
4.0,271,5851.140048
9.0,435,5855.947547
12.0,599,5862.542459
4.0,259,5865.392611
4.0,258,5868.261731
9.0,488,5873.608688
9.0,505,5879.143334
9.0,444,5884.061145
3.0,211,5886.400529
6.0,318,5889.938404
8.0,433,5894.691246
8.0,402,5899.288662
7.0,350,5903.159915
6.0,337,5906.860769
11.0,603,5913.473902
5.0,322,5917.017704
5.0,288,5920.192065
5.0,291,5923.414781
10.0,561,5929.549431
8.0,428,5934.301211
6.0,361,5938.296808
11.0,404,5942.721957
6.0,343,5946.506529
9.0,435,5951.269276
5.0,273,5954.242529
3.0,210,5956.572773
8.0,417,5961.305803
4.0,240,5963.992782
9.0,411,5968.50915
5.0,296,5971.766848
6.0,319,5975.278149
8.0,307,5978.664276
4.0,263,5981.559273
6.0,317,5985.030104
10.0,510,5990.687809
7.0,362,5994.690777
6.0,336,5998.400487
7.0,349,6002.282499
9.0,505,6007.827055
5.0,306,6011.212844
5.0,307,6014.583396
4.0,258,6017.471252
9.0,344,6021.438316
10.0,404,6025.908259
12.0,555,6031.970808
5.0,300,6035.278211
8.0,426,6040.042682
6.0,347,6043.889039
5.0,322,6047.416245
9.0,494,6052.890121
8.0,402,6057.328764
8.0,401,6061.714767
5.0,340,6065.450873
8.0,477,6070.762832
5.0,310,6074.187437
6.0,340,6078.053973
11.0,521,6083.783636
12.0,539,6089.781719
7.0,359,6093.739288
10.0,458,6098.732257
8.0,421,6103.40104
9.0,453,6108.446882
6.0,363,6112.448009
5.0,308,6115.826113
8.0,312,6119.296188
5.0,294,6122.512138
8.0,274,6125.621548
8.0,470,6130.806374
9.0,472,6136.047413
10.0,815,6145.129961
5.0,309,6148.494132
10.0,447,6153.448996
4.0,295,6156.66527
8.0,463,6161.715546
8.0,420,6166.378521
12.0,533,6172.256221
7.0,387,6176.475616
3.0,210,6178.853824
7.0,384,6183.179043
8.0,407,6187.718403
9.0,456,6192.711202
7.0,405,6197.185086
6.0,310,6200.715608
5.0,270,6203.685381
6.0,340,6207.399187
5.0,293,6210.603557
10.0,463,6215.728443
7.0,364,6219.738497
7.0,371,6223.848111
12.0,345,6227.683447
8.0,379,6231.89264
6.0,359,6235.830266
8.0,400,6240.241948
11.0,516,6245.954182
7.0,397,6250.338113
5.0,291,6253.508471
7.0,369,6257.621751
13.0,680,6265.31868
7.0,420,6269.955299
7.0,354,6273.880421
7.0,407,6278.449334
11.0,532,6284.352246
9.0,475,6289.62546
5.0,288,6292.856635
9.0,327,6296.409762
4.0,268,6299.342683
5.0,291,6302.545877
8.0,420,6307.179594
12.0,605,6313.883667
5.0,309,6317.76382
17.0,571,6324.450471
11.0,356,6328.436262
8.0,383,6332.708993
8.0,410,6337.280497
6.0,330,6340.977534
6.0,339,6344.737404
5.0,292,6348.019192
7.0,372,6352.122782
13.0,493,6357.608035
7.0,376,6361.750704
8.0,404,6366.161215
13.0,444,6371.09291
9.0,473,6376.303072
10.0,434,6381.286492
4.0,240,6383.928849
5.0,288,6387.164907
12.0,339,6390.921858
17.0,637,6397.965336
9.0,447,6402.945898
4.0,294,6406.212528
9.0,357,6410.105707
9.0,445,6415.056601
9.0,471,6420.280656
7.0,401,6424.711542
6.0,309,6428.106991
3.0,227,6430.642758
6.0,346,6434.544474
6.0,332,6438.453067
9.0,452,6443.486584
4.0,239,6446.171227
4.0,262,6449.101158
6.0,355,6453.048204
9.0,430,6457.811534
11.0,460,6462.913933
7.0,388,6467.275865
1.0,149,6468.944933
11.0,406,6473.404578
16.0,603,6480.088883
8.0,424,6484.73861
17.0,532,6490.570616
9.0,738,6498.87677
3.0,231,6501.415619
9.0,501,6507.01987
16.0,678,6514.625249
7.0,375,6519.111109
5.0,269,6522.157123
11.0,516,6527.893655
7.0,397,6532.275965
10.0,512,6537.883111
5.0,304,6541.226023
6.0,350,6545.143174
11.0,525,6550.910074
10.0,338,6554.640962
10.0,480,6560.123613
11.0,402,6564.521494
9.0,500,6570.025558
8.0,416,6574.634271
13.0,746,6582.809865
10.0,352,6586.639411
6.0,335,6590.341017
10.0,363,6594.314636
4.0,289,6597.449285
11.0,399,6601.812973
9.0,434,6606.640263
5.0,304,6610.011387
6.0,323,6613.525003
11.0,455,6618.697802
6.0,370,6622.892925
9.0,330,6626.490488
11.0,498,6631.939382
8.0,423,6636.574858
11.0,540,6642.4874
7.0,338,6646.2071
9.0,386,6650.433182
9.0,449,6655.429369
7.0,421,6660.073352
5.0,287,6663.204474
10.0,625,6670.068867
19.0,725,6678.107506
12.0,435,6682.939353
23.0,723,6690.867708
15.0,485,6696.171592
11.0,434,6700.929836
11.0,552,6706.960145
8.0,414,6711.55792
5.0,287,6714.741142
7.0,403,6719.213135
8.0,377,6723.452188
8.0,388,6727.72773
9.0,458,6732.806005
11.0,494,6738.430955
8.0,479,6743.75321
10.0,580,6750.17864
9.0,420,6754.73131
5.0,291,6757.941895
4.0,267,6760.891142
7.0,382,6765.087598
8.0,436,6769.909992
8.0,497,6775.372723
11.0,513,6781.043965
9.0,490,6786.381382
13.0,509,6792.029879
11.0,579,6798.516299
7.0,430,6803.292222
8.0,426,6807.934394
9.0,317,6811.485885
10.0,498,6816.893908
8.0,436,6821.69374
8.0,455,6826.722453
9.0,521,6832.435231
9.0,437,6837.247378
7.0,483,6842.60246
9.0,478,6847.897003
11.0,602,6854.489503
7.0,389,6858.895895
11.0,468,6864.095473
12.0,427,6868.806898
12.0,523,6874.582271
7.0,388,6878.901254
8.0,425,6883.582069
7.0,395,6887.976351
13.0,500,6893.458995
8.0,470,6898.592396
11.0,447,6903.55576
8.0,404,6908.005487
15.0,428,6912.728353
9.0,340,6916.468257
9.0,450,6921.660379
5.0,309,6925.047877
6.0,299,6928.315441
2.0,199,6930.467294
4.0,264,6933.363087
9.0,457,6938.459732
12.0,512,6944.101286
12.0,585,6950.534941
10.0,525,6956.332786
8.0,432,6961.068134
8.0,453,6966.050805
5.0,418,6970.661544
7.0,352,6974.531287
11.0,400,6979.098129
14.0,417,6983.701923
10.0,485,6989.012734
4.0,266,6992.016374
9.0,426,6996.765356
7.0,368,7000.849398
7.0,382,7005.061512
10.0,376,7009.238187
5.0,303,7012.601696
10.0,468,7017.772885
7.0,377,7021.911885
10.0,510,7027.499875
10.0,374,7031.70348
7.0,376,7035.808592
7.0,389,7040.234806
11.0,478,7045.54821
12.0,422,7050.18615
4.0,285,7053.301724
12.0,593,7059.909194
6.0,374,7064.004606
8.0,423,7068.731605
6.0,308,7072.180498
5.0,312,7075.690976
11.0,287,7078.894342
10.0,362,7082.846652
10.0,516,7088.581108
9.0,417,7093.188107
13.0,592,7099.884921
8.0,451,7104.868402
16.0,495,7110.274345
9.0,456,7115.294017
7.0,416,7119.897992
12.0,553,7125.999349
9.0,341,7129.742214
9.0,448,7134.690538
5.0,305,7138.118302
8.0,404,7142.566428
12.0,521,7148.268102
3.0,211,7150.602631
8.0,411,7155.131842
12.0,593,7161.819058
7.0,381,7165.997512
11.0,539,7171.965266
8.0,375,7176.051462
14.0,619,7182.831951
13.0,495,7188.312279
6.0,349,7192.153338
15.0,587,7198.634017
8.0,420,7203.285878
7.0,406,7207.719761
10.0,465,7212.854559
11.0,442,7217.773846
18.0,565,7224.03283
9.0,474,7229.200132
13.0,596,7235.72261
8.0,528,7241.50898
11.0,411,7245.972605
10.0,515,7251.564647
6.0,314,7255.025793
11.0,389,7259.31643
22.0,709,7267.056773
3.0,211,7269.381781
11.0,411,7273.89974
9.0,344,7277.756962
10.0,502,7283.329831
13.0,516,7288.96332
10.0,519,7294.673052
12.0,464,7299.750422
9.0,327,7303.339977
9.0,467,7308.439779
9.0,386,7312.68303
16.0,679,7320.169851
6.0,398,7324.522689
13.0,588,7331.109718
6.0,339,7334.84972
19.0,435,7339.841461
9.0,311,7343.271896
10.0,488,7348.635482
8.0,434,7353.382665
11.0,620,7360.186183
13.0,507,7365.758672
7.0,371,7369.930426
11.0,524,7375.7228
12.0,457,7380.710879
9.0,474,7385.884344
11.0,503,7391.464429
6.0,368,7395.510798
9.0,324,7399.244955
11.0,528,7405.076942
4.0,250,7407.85548
9.0,445,7412.744349
11.0,487,7418.115417
10.0,322,7421.678329
14.0,597,7428.619021
6.0,341,7432.533917
6.0,324,7436.170017
10.0,460,7441.229806
9.0,483,7446.46677
9.0,461,7451.56764
6.0,340,7455.296006
14.0,387,7459.711837
4.0,261,7462.6169
8.0,512,7468.230651
3.0,211,7470.524312
5.0,306,7473.888079
10.0,498,7479.297755
17.0,426,7483.995459
5.0,292,7487.178192
9.0,467,7492.29642
8.0,574,7498.567989
9.0,385,7502.752477
8.0,417,7507.373417
17.0,441,7512.19649
8.0,409,7516.706871
3.0,212,7519.141013
7.0,377,7523.275939
6.0,313,7526.74021
5.0,309,7530.494852
4.0,275,7533.542106
8.0,333,7537.214211
6.0,335,7540.905514
10.0,548,7546.996647
12.0,302,7550.318893
9.0,343,7554.079821
17.0,518,7559.693768
4.0,247,7562.406968
12.0,435,7567.167178
4.0,253,7569.923692
8.0,454,7574.901175
19.0,556,7581.248366
16.0,462,7586.268363
11.0,579,7592.813133
13.0,722,7600.73942
9.0,350,7604.599312
5.0,330,7608.223024
12.0,345,7612.051813
5.0,301,7615.335276
9.0,522,7621.039415
13.0,514,7626.744609
14.0,387,7630.98756
12.0,539,7636.913941
5.0,310,7640.558094
6.0,355,7644.482544
7.0,390,7648.733511
9.0,397,7653.112027
10.0,496,7658.594865
12.0,432,7663.353621
6.0,360,7667.372901
5.0,352,7671.312896
11.0,414,7675.859143
11.0,391,7680.139173
7.0,379,7684.274421
7.0,425,7689.032225
12.0,773,7697.475773
7.0,357,7701.501322
8.0,275,7704.566941
9.0,463,7709.671689
6.0,320,7713.16357
10.0,504,7718.735989
8.0,406,7723.217958
7.0,401,7727.581992
7.0,392,7731.893202
11.0,397,7736.262087
6.0,358,7740.166902
11.0,538,7746.06597
7.0,362,7750.07202
12.0,476,7755.274788
14.0,492,7760.822586
8.0,292,7764.021511
9.0,497,7769.464372
8.0,306,7772.838299
13.0,478,7778.079722
10.0,488,7783.475069
12.0,565,7789.686039
11.0,493,7795.027558
9.0,443,7799.942131
8.0,308,7803.312013
9.0,325,7806.875522
17.0,483,7812.18644
9.0,351,7816.020151
10.0,425,7820.933302
8.0,444,7825.779167
10.0,515,7831.438879
11.0,464,7836.465988
6.0,361,7840.452634
5.0,317,7843.96122
17.0,554,7850.035387
8.0,471,7855.207029
10.0,492,7860.652972
5.0,309,7864.018962
11.0,657,7871.286552
13.0,457,7876.321657
13.0,548,7882.423302
17.0,620,7889.246684
10.0,519,7894.967994
13.0,436,7899.755941
9.0,458,7904.735943
9.0,343,7908.545684
18.0,725,7916.417893
20.0,734,7924.542673
7.0,368,7928.572633
11.0,420,7933.168695
8.0,277,7936.217489
5.0,276,7939.473432
5.0,306,7942.810941
9.0,481,7948.098656
6.0,338,7951.771149
5.0,281,7954.909292
8.0,312,7958.333408
11.0,524,7964.064711
9.0,469,7969.263005
10.0,616,7975.998024
9.0,460,7981.016929
10.0,520,7986.733209
13.0,471,7991.882861
15.0,638,7999.073253
13.0,555,8005.28358
6.0,354,8009.125882
6.0,339,8012.853686
13.0,610,8019.593889
12.0,628,8026.572298
10.0,361,8030.581589
17.0,535,8036.519264
6.0,333,8040.218804
10.0,321,8043.747347
11.0,523,8049.511751
11.0,548,8055.504602
11.0,567,8061.874812
14.0,649,8069.064888
8.0,531,8074.935634
22.0,592,8081.571234
9.0,412,8086.184094
2.0,201,8088.488991
11.0,506,8094.166989
14.0,638,8101.296418
7.0,390,8105.655818
4.0,244,8108.383772
6.0,319,8111.963962
5.0,329,8115.616533
6.0,361,8119.763986
4.0,277,8122.892701
9.0,465,8128.166281
7.0,349,8132.026525
11.0,555,8138.198268
6.0,358,8142.130559
4.0,266,8145.207433
8.0,458,8150.241254
14.0,482,8155.555507
11.0,511,8161.201941
9.0,469,8166.339452
8.0,418,8170.93857
12.0,473,8176.168697
11.0,543,8182.290401
7.0,247,8185.025174
19.0,456,8190.108062
14.0,524,8195.863512
13.0,536,8201.741216
7.0,378,8205.951132
11.0,559,8212.04745
7.0,388,8216.326751
6.0,321,8219.903123
15.0,580,8226.310396
6.0,365,8230.31074
11.0,493,8235.686154
12.0,590,8242.411488
10.0,458,8247.429445
13.0,513,8253.125715
5.0,307,8256.541633
8.0,438,8261.385623
11.0,469,8266.569865
11.0,460,8271.729465
10.0,492,8277.194393
10.0,472,8282.398003
10.0,506,8287.97238
7.0,388,8292.243328
17.0,588,8298.89659
12.0,561,8305.142905
20.0,612,8311.899796
10.0,484,8317.28594
6.0,350,8321.147983
8.0,398,8325.568112
16.0,636,8332.701289
8.0,433,8337.745224
5.0,308,8341.327128
9.0,394,8345.707442
6.0,303,8349.051382
8.0,427,8353.710008
10.0,513,8359.484111
8.0,413,8364.39502
19.0,674,8371.780063
5.0,309,8375.151868
11.0,493,8380.596997
14.0,785,8389.241947
19.0,677,8396.733686
8.0,437,8401.509546
6.0,353,8405.352089
12.0,477,8410.641431
8.0,411,8415.088712
8.0,466,8420.395581
17.0,432,8425.19995
11.0,538,8431.030151
7.0,397,8435.445899
6.0,380,8439.634997
8.0,451,8444.575948
13.0,500,8450.048305
12.0,455,8455.066771
7.0,401,8459.479819
6.0,335,8463.168505
11.0,589,8469.611361
17.0,569,8475.883081
6.0,304,8479.443156
6.0,340,8483.240531
8.0,466,8488.37049
9.0,366,8492.396162
4.0,260,8495.256883
10.0,599,8501.796754
9.0,477,8507.096818
7.0,374,8511.213535
9.0,458,8516.296702
16.0,437,8521.162056
18.0,628,8528.042788
11.0,473,8533.377485
8.0,393,8537.701383
10.0,376,8542.021344
10.0,483,8547.427943
11.0,422,8552.125698
9.0,489,8557.502396
9.0,344,8561.282736
17.0,632,8568.288841
11.0,570,8574.460757
8.0,446,8579.372195
9.0,459,8584.450549
9.0,496,8589.873884
22.0,661,8597.147695
14.0,529,8603.091873
14.0,521,8608.751173
5.0,303,8612.161989
8.0,432,8616.918178
13.0,590,8623.385565
6.0,352,8627.268244
8.0,437,8632.103116
7.0,388,8636.389411
7.0,360,8640.334635
8.0,437,8645.122273
17.0,608,8651.790624
12.0,323,8655.334321
10.0,490,8660.866923
10.0,453,8665.884491
12.0,518,8671.516638
7.0,368,8675.605211
8.0,416,8680.182675
9.0,465,8685.278062
13.0,544,8691.284438
6.0,325,8694.918409
16.0,414,8699.449591
6.0,362,8703.464981
7.0,368,8707.565746
12.0,541,8713.486946
6.0,361,8717.455932
11.0,569,8723.841847
13.0,590,8730.291195
12.0,447,8735.188465
10.0,459,8740.226387
16.0,611,8747.00734
6.0,427,8751.725368
11.0,552,8757.814711
9.0,352,8761.666935
8.0,373,8765.733714
14.0,623,8772.594919
8.0,442,8777.426958
9.0,482,8782.877959
8.0,277,8785.965464
16.0,445,8790.837314
11.0,508,8796.390339
12.0,312,8799.830339
9.0,450,8804.808235
8.0,415,8809.404019
11.0,585,8815.881593
12.0,611,8822.563162
10.0,553,8828.662524
11.0,570,8834.994864
14.0,474,8840.392638
10.0,481,8845.628054
8.0,393,8849.969049
8.0,400,8854.364207
11.0,553,8860.476278
7.0,359,8864.442927
12.0,762,8872.915732
9.0,462,8878.003432
12.0,547,8884.110746
11.0,526,8889.903176
13.0,368,8893.996961
20.0,673,8901.610927
15.0,492,8907.083279
14.0,526,8912.925966
9.0,552,8919.069445
6.0,367,8923.134295
13.0,534,8929.144911
12.0,513,8934.816873
14.0,656,8942.165561
9.0,452,8947.201743
4.0,241,8949.873408
4.0,270,8952.904011
10.0,477,8958.29121
13.0,484,8963.689599
11.0,503,8969.284158
12.0,571,8975.580176
10.0,477,8980.890987
16.0,747,8989.194392
14.0,643,8996.442713
11.0,621,9003.406944
9.0,459,9008.559306
12.0,481,9013.884442
16.0,534,9020.01597
6.0,325,9023.603973
5.0,321,9027.169639
10.0,463,9032.281674
10.0,494,9037.798601
11.0,523,9043.608873
7.0,436,9048.45269
12.0,589,9055.105917
9.0,421,9059.774452
9.0,354,9063.690228
6.0,358,9067.776984
7.0,329,9071.454514
13.0,555,9077.693491
9.0,482,9083.251213
19.0,809,9092.346852
7.0,353,9096.265747
8.0,473,9101.5893
12.0,404,9106.084841
7.0,394,9110.509776
9.0,465,9115.675681
4.0,261,9118.563107
10.0,641,9125.629858
15.0,417,9130.273399
12.0,680,9137.740558
19.0,830,9147.026496
10.0,541,9152.981492
11.0,555,9159.161904
18.0,548,9165.279243
8.0,415,9169.929955
20.0,713,9177.796599
9.0,423,9182.462254
9.0,479,9187.776496
14.0,608,9194.452205
11.0,481,9199.896263
12.0,568,9206.157534
9.0,503,9211.781954
6.0,341,9215.552803
12.0,791,9224.377384
10.0,492,9229.874107
9.0,463,9234.931387
9.0,458,9240.208038
15.0,573,9247.03466
10.0,381,9251.78932
6.0,332,9255.594229
12.0,516,9261.689745
10.0,533,9267.849154
12.0,550,9274.265031
10.0,378,9278.609404
8.0,435,9283.393772
8.0,374,9287.56298
13.0,596,9294.126675
6.0,338,9297.85054
10.0,499,9303.387873
19.0,571,9309.686178
8.0,465,9314.764142
5.0,306,9318.291674
17.0,635,9325.328799
10.0,532,9331.231379
6.0,547,9337.304506
11.0,641,9344.354168
13.0,912,9354.364663
7.0,370,9358.416031
14.0,530,9364.236356
9.0,534,9370.094761
16.0,646,9377.13412
15.0,607,9384.006892
12.0,623,9390.838235
8.0,398,9395.238034
10.0,515,9400.922306
9.0,455,9405.92985
15.0,517,9411.620464
8.0,442,9416.505567
11.0,536,9422.410213
13.0,448,9427.350124
17.0,711,9435.183784
6.0,336,9439.051467
15.0,673,9446.696801
11.0,556,9452.812296
16.0,591,9459.30478
14.0,587,9465.752051
10.0,410,9470.31492
6.0,359,9474.2324
11.0,489,9479.626665
11.0,521,9485.320841
12.0,474,9490.545419
9.0,356,9494.453396
14.0,535,9500.465427
10.0,379,9504.628386
9.0,429,9509.439072
13.0,476,9514.68338
15.0,630,9521.660279
17.0,645,9528.730468
9.0,571,9535.021683
10.0,525,9540.798524
8.0,397,9545.139271
10.0,493,9550.532708
12.0,570,9556.82712
8.0,428,9561.661016
10.0,472,9566.830724
9.0,326,9570.421006
11.0,417,9574.982466
11.0,577,9581.300542
12.0,585,9587.736678
13.0,470,9592.90037
10.0,446,9597.758225
7.0,344,9601.560763
7.0,385,9605.751242
13.0,366,9609.789954
9.0,469,9614.905576
8.0,382,9619.369565
12.0,602,9625.943597
13.0,495,9631.409968
11.0,471,9636.576374
22.0,510,9642.133759
8.0,407,9646.541221
10.0,426,9651.245845
10.0,506,9656.77636
15.0,597,9663.296426
7.0,344,9667.021671
11.0,393,9671.310703
10.0,485,9676.637855
8.0,429,9681.494721
5.0,286,9684.627828
14.0,546,9690.64986
9.0,426,9695.314641
6.0,336,9698.994471
10.0,475,9704.249999
11.0,524,9710.04142
10.0,495,9715.510768
7.0,417,9720.074792
15.0,397,9724.425521
12.0,560,9730.59944
12.0,499,9736.197638
7.0,362,9740.310569
21.0,626,9747.236407
13.0,563,9753.429781
11.0,506,9759.013685
15.0,545,9765.022513
13.0,528,9770.843243
14.0,501,9776.361824
9.0,445,9781.193494
19.0,912,9791.223119
12.0,693,9798.921878
13.0,491,9804.381812
10.0,375,9808.503745
8.0,433,9813.222775
18.0,649,9820.364784
6.0,333,9824.032408
14.0,608,9830.694256
7.0,384,9834.888324
10.0,565,9841.096589
15.0,703,9848.798827
11.0,498,9854.25965
11.0,500,9859.921126
8.0,405,9864.323869
15.0,639,9871.32019
8.0,417,9875.881071
12.0,469,9881.050725
15.0,553,9887.174106
10.0,566,9893.467058
11.0,427,9898.244596
7.0,368,9902.321871
13.0,621,9909.196711
7.0,384,9913.470085
16.0,582,9920.199284
17.0,626,9927.149418
8.0,385,9931.517872
6.0,333,9935.318365
18.0,524,9941.1249
16.0,462,9946.29638
10.0,504,9951.868024
10.0,509,9957.529758
10.0,458,9962.620018
15.0,440,9967.455308
17.0,686,9974.996848
10.0,487,9980.483828
13.0,666,9987.875549
12.0,571,9994.254575
9.0,436,9999.102806
8.0,432,10003.887882
8.0,446,10008.88263
9.0,336,10012.581898
10.0,421,10017.194238
13.0,478,10022.447973
13.0,669,10029.7478
9.0,427,10034.517734
12.0,463,10039.892738
9.0,417,10044.498177
18.0,969,10055.292123
14.0,917,10065.413697
16.0,508,10071.097071
10.0,515,10076.801853
9.0,484,10082.117968
14.0,503,10087.66929
9.0,503,10093.454986
7.0,389,10097.94469
7.0,367,10102.275421
10.0,499,10107.79874
6.0,339,10111.578291
9.0,621,10118.441186
12.0,534,10124.369274
10.0,508,10130.015629
9.0,406,10134.509727
13.0,588,10140.941169
11.0,553,10147.037104
20.0,642,10154.264271
13.0,589,10161.289613
13.0,641,10168.447414
7.0,391,10172.708162
11.0,503,10178.205413
14.0,512,10183.852414
25.0,905,10193.766969
11.0,439,10198.625292
12.0,509,10204.144167
14.0,709,10212.00291
9.0,501,10217.480116
6.0,299,10220.979987
10.0,418,10225.532907
10.0,456,10230.63669
6.0,334,10234.322781
9.0,451,10239.245903
7.0,461,10244.368958
10.0,535,10250.203646
12.0,570,10256.450477
10.0,367,10260.478472
12.0,336,10264.13588
11.0,511,10269.746374
17.0,358,10273.688552
7.0,352,10277.604574
17.0,626,10284.56096
14.0,536,10290.485747
7.0,439,10295.317358
6.0,341,10299.089819
11.0,539,10305.040681
16.0,591,10311.510322
9.0,426,10316.153681
11.0,548,10322.193018
10.0,477,10327.463038
10.0,438,10332.225157
8.0,377,10336.322577
8.0,408,10341.029967
11.0,373,10345.151433
7.0,401,10349.522857
14.0,574,10355.787345
11.0,512,10361.409415
12.0,776,10370.172249
8.0,422,10374.789637
9.0,474,10379.94531
16.0,489,10385.372852
11.0,423,10389.986554
4.0,279,10393.07076
10.0,421,10397.697433
12.0,589,10404.319017
20.0,637,10411.277768
12.0,431,10416.038058
21.0,620,10422.851777
10.0,467,10427.965966
14.0,398,10432.436836
9.0,449,10437.322519
5.0,314,10440.802072
7.0,370,10444.851174
11.0,531,10450.695874
9.0,510,10456.245969
9.0,445,10461.302844
12.0,444,10466.210526
11.0,435,10470.917223
18.0,539,10476.907249
7.0,382,10481.143272
8.0,453,10486.070984
11.0,568,10492.258963
10.0,532,10498.103865
11.0,539,10504.029391
14.0,527,10509.769269
15.0,402,10514.272796
14.0,984,10525.206305
12.0,453,10530.179105
15.0,543,10536.145154
14.0,516,10541.759654
7.0,386,10545.987455
13.0,491,10551.43641
7.0,402,10555.837409
12.0,524,10561.614844
9.0,451,10566.539704
11.0,515,10572.203773
18.0,803,10581.191854
7.0,432,10585.906754
12.0,456,10590.947727
12.0,580,10597.284959
12.0,436,10602.061229
15.0,641,10609.066662
11.0,546,10615.064194
17.0,568,10621.242696
5.0,325,10624.774891
11.0,436,10629.535562
12.0,734,10637.597891
3.0,272,10640.750232
9.0,439,10645.574566
8.0,424,10650.241911
4.0,262,10653.180247
9.0,543,10659.037138
12.0,534,10664.909598
20.0,659,10672.212957
14.0,404,10676.679292
11.0,427,10681.319165
17.0,565,10687.533384
14.0,613,10694.245217
10.0,523,10700.190489
13.0,441,10704.943025
7.0,375,10709.035583
15.0,492,10714.423473
8.0,376,10718.570351
8.0,367,10722.585616
8.0,401,10727.037755
7.0,389,10731.41381
17.0,674,10738.845886
14.0,636,10745.804698
9.0,426,10750.465089
9.0,494,10755.838912
8.0,275,10758.976639
11.0,563,10765.214348
9.0,448,10770.103453
19.0,807,10778.921751
9.0,450,10783.860685
11.0,500,10789.358251
11.0,394,10793.760628
9.0,423,10798.354428
9.0,488,10803.713222
12.0,533,10809.6338
12.0,555,10815.681921
13.0,659,10823.174596
11.0,546,10829.196609
13.0,581,10835.585683
11.0,600,10842.240525
9.0,424,10846.90048
4.0,239,10849.575394
12.0,400,10853.980713
8.0,454,10858.996517
10.0,480,10864.267525
11.0,441,10869.111461
8.0,428,10873.840621
5.0,300,10877.132475
10.0,474,10882.53755
10.0,456,10887.56337
6.0,330,10891.150458
11.0,545,10897.184106
10.0,510,10902.826539
9.0,476,10908.105723
11.0,586,10914.666818
13.0,628,10921.576437
6.0,355,10925.436995
12.0,622,10932.275382
14.0,511,10938.109477
17.0,586,10944.68936
12.0,509,10950.423187
9.0,482,10955.8107
9.0,422,10960.521073
10.0,561,10966.847311
14.0,538,10972.757281
12.0,662,10980.041031
10.0,357,10984.123654
9.0,467,10989.319883
5.0,309,10992.736082
12.0,639,11000.010333
10.0,465,11005.113947
9.0,451,11010.164215
13.0,624,11017.133049
8.0,400,11021.580673
8.0,382,11025.769446
9.0,497,11031.265309
11.0,557,11037.468247
10.0,470,11042.613442
9.0,484,11047.954643
16.0,577,11054.253848
10.0,634,11061.450649
8.0,424,11066.445007
11.0,437,11071.379195
7.0,366,11075.448505
11.0,548,11081.431251
19.0,762,11089.716124
10.0,513,11095.390851
10.0,458,11100.425345
6.0,351,11104.28808
10.0,524,11110.080096
8.0,635,11117.035373
14.0,502,11122.70744
14.0,708,11130.452462
7.0,369,11134.514919
24.0,517,11140.194938
15.0,607,11146.836811
9.0,450,11151.787844
12.0,574,11158.058157
7.0,335,11161.728032
17.0,511,11167.326696
13.0,501,11172.862134
10.0,445,11177.779941
13.0,578,11184.584696
7.0,434,11189.321062
8.0,422,11193.958353
9.0,455,11198.913682
15.0,678,11206.368819
18.0,527,11212.108077
5.0,290,11215.302578
11.0,404,11219.723404
15.0,646,11226.763021
11.0,644,11233.83296
13.0,474,11239.195951
21.0,938,11249.471989
11.0,532,11255.272821
10.0,397,11259.588716
8.0,437,11264.381984
6.0,368,11268.482532
8.0,425,11273.121134
8.0,429,11277.877145
5.0,311,11281.257864
7.0,497,11286.681582
12.0,594,11293.105642
10.0,488,11298.610311
7.0,395,11303.000789
12.0,459,11308.055112
16.0,482,11313.327543
7.0,404,11317.725019
9.0,554,11323.793801
14.0,621,11330.585101
8.0,401,11334.948061
7.0,454,11339.914888
12.0,574,11346.206152
10.0,391,11350.470297
10.0,571,11356.768209
11.0,441,11361.727986
8.0,419,11366.342901
7.0,402,11370.722411
10.0,538,11376.664193
11.0,524,11382.401856
11.0,614,11389.170259
10.0,499,11394.602772
18.0,693,11402.135295
14.0,730,11410.244122
5.0,341,11413.948613
10.0,487,11419.556392
11.0,530,11425.296126
12.0,552,11431.331968
12.0,603,11437.984287
17.0,549,11443.978283
5.0,295,11447.198185
8.0,393,11451.549721
6.0,374,11455.694849
13.0,620,11462.424407
9.0,484,11467.759536
12.0,760,11476.084452
12.0,576,11482.578918
11.0,637,11489.556615
14.0,691,11497.150604
8.0,432,11501.891101
14.0,636,11508.842493
4.0,281,11511.901669
5.0,515,11517.597995
15.0,397,11521.918828
13.0,510,11527.429593
10.0,360,11531.415852
9.0,334,11535.080596
8.0,467,11540.43105
8.0,395,11544.782989
12.0,565,11550.972315
5.0,280,11554.025098
10.0,490,11559.40169
7.0,383,11563.657519
9.0,359,11567.649949
15.0,564,11573.831653
12.0,603,11580.432542
18.0,590,11586.875956
8.0,443,11591.786038
8.0,476,11597.009615
6.0,345,11600.893179
12.0,518,11606.526528
5.0,295,11609.794195
13.0,466,11614.894847
19.0,586,11621.2457
9.0,499,11626.758218
10.0,537,11632.668445
10.0,418,11637.286385
10.0,485,11642.606061
12.0,550,11648.633877
9.0,522,11654.3877
12.0,592,11661.047535
8.0,433,11665.786093
12.0,463,11670.901683
11.0,454,11675.890262
6.0,305,11679.226098
7.0,370,11683.248126
13.0,617,11690.035624
17.0,959,11700.511657
16.0,589,11706.955698
11.0,722,11714.89298
12.0,643,11722.106049
13.0,530,11727.889138
12.0,408,11732.317069
10.0,346,11736.143773
12.0,624,11743.066055
16.0,615,11749.776602
12.0,484,11755.066063
11.0,533,11760.913505
19.0,819,11769.865766
11.0,611,11776.592938
13.0,694,11784.418099
7.0,568,11790.613876
11.0,479,11795.810599
12.0,531,11801.68405
15.0,641,11808.719471
13.0,642,11815.801075
7.0,384,11820.022627
8.0,753,11828.275245
9.0,352,11832.157401
10.0,480,11837.391224
10.0,447,11842.495387
11.0,512,11848.08966
9.0,461,11853.129299
21.0,850,11862.451848
7.0,386,11866.680336
11.0,525,11872.470272
15.0,416,11877.053051
15.0,464,11882.133129
8.0,298,11885.400096
10.0,522,11891.173114
16.0,803,11900.065023
9.0,476,11905.282586
11.0,650,11912.416108
19.0,861,11921.855614
12.0,629,11928.717311
16.0,621,11935.486966
9.0,438,11940.300108
14.0,723,11948.276666
9.0,651,11955.361366
16.0,650,11962.611266
8.0,469,11967.72929
9.0,524,11973.832254
18.0,680,11981.465261
22.0,629,11988.351245
8.0,410,11992.859033
11.0,441,11997.695522
16.0,496,12003.117003
12.0,446,12008.04629
13.0,354,12011.895092
12.0,535,12017.839351
10.0,446,12022.889399
21.0,955,12033.369631
8.0,419,12037.95552
6.0,345,12042.018524
10.0,362,12045.995049
13.0,352,12049.874302
12.0,457,12054.869313
19.0,728,12062.825381
18.0,678,12070.236619
12.0,524,12075.969712
10.0,499,12081.658773
18.0,624,12088.498945
8.0,407,12092.933544
12.0,529,12098.744608
15.0,645,12105.74917
10.0,559,12111.865376
9.0,440,12116.65687
16.0,613,12123.349962
8.0,454,12128.38584
18.0,616,12135.118651
12.0,589,12141.821135
10.0,525,12147.499858
17.0,763,12155.841795
9.0,483,12161.171299
10.0,386,12165.353577
9.0,434,12170.104909
20.0,656,12177.274542
15.0,567,12183.486712
4.0,242,12186.11546
11.0,590,12192.60214
20.0,477,12197.817405
10.0,534,12203.774995
10.0,621,12210.607892
12.0,421,12215.192944
6.0,317,12218.641053
13.0,506,12224.224407
10.0,611,12230.893435
9.0,450,12235.807228
10.0,540,12241.741081
18.0,608,12248.385041
7.0,372,12252.465682
12.0,427,12257.126335
11.0,550,12263.302931
13.0,599,12269.892207
15.0,425,12274.493423
11.0,529,12280.240912
13.0,616,12286.9572
20.0,583,12293.346759
12.0,556,12299.442066
11.0,520,12305.074131
11.0,550,12311.046508
19.0,583,12317.37897
9.0,417,12322.069915
10.0,503,12327.53044
15.0,611,12334.231143
14.0,580,12340.548701
7.0,407,12344.995047
11.0,421,12349.666711
13.0,558,12355.768586
9.0,419,12360.302562
22.0,744,12368.47066
10.0,505,12374.005403
11.0,556,12380.227492
10.0,476,12385.417143
11.0,490,12390.744085
9.0,434,12395.555953
9.0,486,12400.843573
17.0,601,12407.372445
7.0,404,12411.819579
13.0,518,12417.472974
9.0,486,12422.756685
16.0,673,12430.163161
15.0,685,12437.627428
11.0,581,12444.116749
15.0,629,12450.964574
6.0,356,12454.887698
8.0,477,12460.131507
7.0,388,12464.401815
13.0,725,12472.417139
11.0,544,12478.380625
9.0,453,12483.265147
11.0,423,12487.927341
13.0,590,12494.467717
13.0,515,12500.300544
22.0,828,12509.358849
17.0,725,12517.249981
9.0,475,12522.596582
7.0,390,12526.930103
11.0,564,12533.111184
11.0,520,12538.887041
14.0,606,12546.213366
18.0,540,22350.123341
12.0,512,22356.995406
29.0,564,22363.744205
9.0,581,22370.861737
14.0,680,22379.209239
5.0,318,22382.926084
16.0,787,22391.952575
9.0,419,22396.690477
10.0,522,22402.809137
13.0,584,22409.498683
12.0,514,22415.411391
23.0,643,22422.72472
8.0,436,22427.686963
12.0,522,22433.585027
5.0,319,22437.184237
17.0,455,22442.29008
20.0,681,22449.981842
22.0,728,22458.339082
14.0,569,22464.796309
11.0,496,22470.35155
12.0,573,22476.800933
15.0,456,22481.884308
9.0,502,22487.516315
14.0,413,22492.186834
28.0,563,22498.455513
16.0,550,22504.597389
11.0,730,22512.730097
8.0,395,22517.151662
16.0,458,22522.470116
10.0,381,22526.749405
12.0,551,22532.937033
7.0,388,22537.266378
14.0,611,22544.101298
10.0,534,22550.085761
9.0,520,22555.88769
21.0,622,22562.867989
11.0,415,22567.518596
11.0,594,22574.202178
12.0,477,22579.716398
6.0,341,22583.527438
11.0,522,22589.395897
9.0,404,22593.918593
22.0,559,22600.236411
10.0,418,22604.952187
17.0,605,22611.736397
14.0,548,22617.973707
15.0,663,22625.350594
10.0,510,22631.133163
15.0,566,22637.402719
13.0,525,22643.380595
10.0,440,22648.340445
13.0,617,22655.238729
12.0,587,22661.812587
14.0,531,22667.846054
14.0,663,22675.397355
11.0,520,22681.502268
13.0,454,22687.063655
16.0,630,22695.082383
7.0,350,22699.272463
26.0,689,22706.825849
9.0,566,22713.268512
23.0,661,22720.503015
19.0,743,22728.712821
14.0,529,22734.503907
24.0,553,22740.522146
12.0,376,22744.611769
12.0,608,22751.253057
10.0,412,22755.719764
6.0,335,22759.489074
5.0,311,22762.936991
9.0,430,22767.611558
6.0,363,22771.557293
7.0,378,22775.712078
8.0,279,22778.787991
11.0,537,22784.663005
10.0,413,22789.1375
7.0,378,22793.23847
10.0,378,22797.419161
16.0,563,22803.53354
15.0,982,22814.168746
11.0,422,22818.872025
11.0,502,22824.328043
16.0,599,22830.934097
9.0,534,22836.751181
16.0,474,22841.958663
16.0,433,22846.694303
5.0,273,22849.728876
11.0,488,22855.077128
12.0,546,22861.036775
13.0,635,22868.006014
7.0,405,22872.388304
19.0,575,22878.903588
16.0,614,22885.619138
17.0,642,22892.687733
16.0,471,22897.842709
17.0,917,22907.848345
16.0,613,22914.562608
16.0,477,22919.747289
13.0,790,22928.403656
11.0,874,22938.011242
14.0,617,22944.859279
10.0,522,22950.563945
12.0,610,22957.200135
15.0,577,22963.612655
16.0,581,22969.98239
9.0,453,22974.926099
21.0,504,22980.441555
11.0,483,22985.714847
13.0,611,22992.419247
9.0,458,22997.460699
16.0,435,23002.362088
10.0,505,23007.851594
9.0,427,23012.580309
12.0,568,23018.751395
12.0,599,23025.271515
19.0,598,23031.755825
11.0,508,23037.264452
7.0,352,23041.101271
15.0,639,23048.092181
12.0,558,23054.12604
9.0,432,23058.999369
9.0,483,23064.292873
10.0,517,23069.924243
7.0,406,23074.365372
6.0,309,23077.717961
19.0,716,23085.607809
13.0,390,23089.889676
13.0,460,23094.913893
10.0,583,23101.275407
7.0,384,23105.446313
7.0,370,23109.511794
13.0,656,23116.644298
22.0,544,23122.85713
10.0,492,23128.224344
12.0,509,23133.756149
11.0,492,23139.135926
10.0,463,23144.183841
13.0,459,23149.210935
15.0,668,23156.437681
9.0,460,23161.439737
9.0,459,23166.467554
15.0,630,23173.380321
13.0,520,23179.26502
20.0,788,23187.893033
18.0,840,23198.179779
14.0,481,23203.603572
14.0,760,23212.150064
8.0,437,23217.071161
6.0,326,23220.808425
14.0,678,23228.562875
9.0,475,23233.964668
6.0,361,23238.153228
20.0,607,23245.227886
14.0,626,23252.47487
15.0,564,23258.903484
12.0,444,23263.92409
12.0,569,23270.559196
16.0,625,23277.67752
11.0,498,23283.316032
14.0,585,23289.879955
13.0,443,23294.850926
23.0,679,23302.650325
23.0,597,23309.368768
12.0,582,23315.884086
5.0,307,23319.432512
9.0,428,23324.229558
14.0,649,23331.432809
11.0,529,23337.308418
15.0,559,23343.534513
10.0,519,23349.292408
22.0,520,23355.116614
17.0,512,23360.959308
13.0,513,23366.700613
14.0,481,23372.080378
4.0,243,23374.773337
18.0,753,23383.129896
11.0,512,23388.848026
11.0,568,23395.195887
16.0,601,23401.891743
10.0,375,23406.024217
20.0,634,23413.135102
13.0,598,23419.901241
11.0,520,23425.733232
11.0,577,23432.258902
18.0,497,23437.87489
21.0,786,23446.689859
10.0,488,23452.154569
7.0,414,23456.810886
10.0,518,23462.616894
15.0,635,23469.69687
6.0,354,23473.700912
8.0,408,23478.397691
6.0,327,23482.062939
19.0,541,23488.158585
9.0,438,23493.072461
13.0,486,23498.580393
8.0,366,23502.651046
8.0,485,23508.092232
20.0,688,23515.763519
6.0,312,23519.225916
12.0,500,23524.954492
17.0,596,23531.557582
18.0,661,23539.011482
26.0,875,23548.8299
7.0,383,23553.141657
21.0,768,23561.746681
7.0,359,23566.05936
18.0,696,23573.943598
10.0,676,23581.532305
13.0,491,23587.024171
15.0,515,23592.697099
26.0,602,23599.546534
18.0,571,23606.064728
12.0,546,23612.204791
13.0,596,23618.910682
8.0,418,23623.638608
14.0,609,23630.550359
14.0,520,23636.36879
11.0,528,23642.243158
15.0,500,23647.82055
6.0,332,23651.526274
9.0,435,23656.38768
10.0,494,23662.036882
12.0,591,23668.712817
19.0,697,23676.532409
17.0,757,23685.050272
18.0,555,23691.31734
7.0,368,23695.462628
10.0,470,23700.649883
10.0,484,23705.971386
10.0,500,23711.559771
21.0,753,23720.137513
18.0,625,23727.116481
16.0,602,23733.901251
14.0,683,23741.547654
13.0,538,23747.655723
23.0,825,23756.829576
7.0,410,23761.454904
15.0,650,23768.625479
22.0,684,23776.192121
20.0,805,23785.348649
12.0,546,23791.435737
17.0,711,23799.522573
14.0,494,23805.051977
6.0,343,23809.067154
15.0,414,23813.670298
13.0,503,23819.305162
18.0,605,23826.045646
14.0,497,23831.649304
12.0,544,23838.082427
11.0,558,23844.590584
9.0,463,23849.776083
10.0,520,23855.560257
15.0,682,23863.247967
7.0,388,23867.593472
22.0,798,23877.522802
16.0,613,23884.204132
9.0,444,23889.074605
20.0,471,23894.239755
15.0,595,23900.855655
17.0,611,23907.575758
10.0,604,23914.292787
16.0,581,23920.904497
18.0,525,23926.611967
12.0,559,23932.763121
9.0,476,23937.970654
13.0,529,23943.713497
9.0,425,23948.379956
11.0,510,23953.973888
11.0,521,23959.758808
18.0,632,23966.67826
8.0,354,23970.528765
12.0,448,23975.456111
27.0,631,23982.367859
12.0,446,23987.269692
17.0,682,23994.736043
14.0,583,24001.108207
23.0,561,24007.241601
9.0,484,24012.543724
11.0,486,24017.891919
11.0,556,24024.071393
14.0,504,24029.540895
11.0,397,24033.858843
19.0,752,24042.094828
10.0,456,24047.054413
20.0,651,24054.144441
20.0,728,24062.056053
16.0,769,24070.415214
10.0,469,24075.528814
11.0,559,24081.814449
14.0,614,24088.529202
9.0,659,24095.709684
9.0,706,24103.502612
13.0,607,24110.06624
11.0,474,24115.25087
15.0,406,24119.685984
15.0,473,24124.879633
13.0,687,24132.304082
16.0,606,24139.103596
8.0,516,24144.749912
8.0,513,24150.398293
17.0,640,24157.359488
15.0,593,24163.839806
12.0,639,24170.842479
9.0,306,24174.221513
15.0,527,24179.997015
10.0,441,24184.843717
12.0,415,24189.351261
13.0,674,24196.760773
13.0,619,24203.664301
11.0,586,24210.067786
18.0,490,24215.434433
9.0,470,24220.55119
17.0,413,24225.090598
7.0,386,24229.302479
9.0,466,24234.373131
14.0,453,24239.381726
10.0,588,24245.812994
14.0,664,24253.017538
12.0,483,24258.458812
13.0,430,24263.214359
9.0,546,24269.152929
15.0,452,24274.127072
17.0,761,24282.418477
11.0,397,24286.733949
14.0,616,24293.446919
21.0,735,24301.568069
20.0,587,24307.938869
9.0,519,24313.619336
14.0,590,24320.271136
12.0,544,24326.214295
15.0,644,24333.274155
9.0,699,24340.963413
13.0,527,24346.708947
11.0,448,24351.617769
11.0,503,24357.126113
21.0,672,24364.517575
17.0,639,24371.490701
9.0,587,24377.940619
12.0,658,24385.232991
12.0,519,24390.897779
10.0,405,24395.339848
18.0,436,24400.102168
14.0,737,24408.128798
13.0,480,24413.411611
12.0,549,24419.407162
19.0,947,24429.695716
13.0,507,24435.254686
12.0,598,24441.978915
10.0,617,24448.707431
10.0,486,24453.972974
10.0,508,24459.512711
14.0,460,24464.503264
14.0,346,24468.327823
13.0,1019,24479.476449
16.0,469,24484.621508
16.0,627,24491.486214
10.0,495,24496.893821
16.0,716,24504.919626
8.0,401,24509.304363
12.0,568,24515.495445
10.0,506,24521.055832
12.0,564,24527.175617
23.0,741,24535.233138
22.0,932,24545.370648
12.0,650,24552.464879
15.0,571,24558.743103
7.0,372,24562.822119
20.0,569,24569.109836
11.0,457,24574.080518
11.0,523,24579.785219
11.0,512,24585.456724
12.0,442,24590.268227
9.0,485,24595.617295
8.0,419,24600.229872
23.0,762,24608.563442
15.0,776,24617.107892
16.0,758,24625.50103
19.0,714,24633.305246
15.0,421,24637.882677
23.0,590,24644.362493
13.0,609,24651.162022
8.0,460,24656.18749
12.0,794,24664.942651
18.0,594,24671.639797
22.0,861,24681.239562
8.0,570,24687.493987
20.0,777,24696.063912
16.0,456,24701.139158
11.0,465,24706.229355
10.0,643,24713.293785
11.0,587,24719.692554
13.0,489,24725.137726
10.0,511,24730.749225
13.0,532,24736.597503
12.0,421,24741.505972
15.0,693,24749.578034
17.0,556,24755.761239
14.0,432,24760.705591
15.0,532,24766.547992
7.0,390,24771.016936
16.0,611,24777.724039
9.0,513,24783.400393
7.0,370,24787.51632
7.0,348,24791.352773
7.0,385,24795.549011
11.0,542,24801.728043
5.0,320,24805.242341
11.0,598,24811.758045
16.0,600,24818.359476
24.0,701,24825.966189
13.0,504,24831.483215
12.0,455,24836.538825
10.0,382,24840.760775
7.0,422,24845.379269
9.0,466,24850.56804
15.0,642,24857.61064
16.0,455,24862.714956
13.0,615,24869.470848
14.0,527,24875.153703
15.0,541,24881.164179
13.0,508,24886.704323
13.0,518,24892.299475
16.0,739,24900.389277
19.0,736,24908.456392
14.0,624,24915.301307
15.0,421,24920.079312
13.0,585,24926.464136
12.0,417,24931.058743
13.0,642,24938.062682
10.0,501,24943.565729
11.0,504,24949.089397
10.0,486,24954.398804
8.0,450,24959.319848
11.0,531,24965.115395
25.0,667,24972.349481
17.0,629,24979.355085
11.0,519,24985.011294
14.0,527,24990.811805
14.0,666,24998.040902
6.0,358,25001.997274
15.0,521,25007.726076
13.0,627,25014.549634
10.0,333,25018.180128
9.0,445,25023.08024
12.0,577,25029.342453
15.0,461,25034.405037
15.0,657,25041.724936
13.0,959,25052.240908
11.0,458,25057.233313
16.0,845,25066.43688
20.0,651,25073.540918
18.0,734,25081.622013
18.0,574,25087.976963
16.0,543,25093.874629
15.0,625,25100.872223
12.0,507,25106.354118
9.0,510,25111.908247
12.0,535,25117.799164
13.0,682,25125.24838
16.0,444,25130.123997
15.0,637,25137.055388
20.0,610,25143.681327
17.0,612,25150.426063
6.0,345,25154.213967
11.0,465,25159.466771
11.0,582,25165.800345
11.0,406,25170.238128
18.0,770,25178.651478
18.0,688,25186.140316
15.0,528,25191.896981
10.0,540,25197.790818
10.0,548,25203.746679
16.0,733,25211.753471
10.0,500,25217.19926
10.0,508,25222.936801
8.0,409,25227.405259
13.0,459,25232.434275
11.0,513,25238.059268
15.0,657,25245.220119
16.0,590,25251.671303
16.0,746,25259.852266
22.0,564,25265.997193
17.0,679,25273.478987
9.0,476,25278.816177
11.0,490,25284.182889
16.0,647,25291.261527
7.0,341,25294.960633
18.0,560,25301.123099
16.0,601,25307.616529
13.0,640,25314.576578
14.0,533,25320.440233
10.0,466,25325.503284
15.0,675,25332.857013
13.0,443,25337.774877
11.0,579,25344.232406
22.0,824,25353.216366
9.0,482,25358.475529
22.0,899,25368.338452
17.0,605,25374.938362
9.0,457,25379.937127
14.0,670,25387.229405
15.0,645,25394.269793
24.0,774,25402.804797
8.0,507,25408.286728
10.0,505,25413.840605
9.0,540,25419.716003
12.0,601,25426.297045
16.0,476,25431.534043
6.0,441,25436.334787
16.0,736,25444.394492
8.0,418,25449.010674
10.0,494,25454.421438
20.0,1141,25467.081174
3.0,229,25469.594944
21.0,576,25475.939464
13.0,541,25481.859538
21.0,568,25488.145004
14.0,566,25494.33796
12.0,550,25500.359119
11.0,556,25506.461356
9.0,540,25512.342879
12.0,564,25518.600947
8.0,402,25523.026634
11.0,492,25528.423798
11.0,624,25535.209665
11.0,580,25541.570524
8.0,386,25545.824373
19.0,594,25552.35994
10.0,473,25557.578787
9.0,463,25562.578221
7.0,459,25567.654906
9.0,458,25572.643776
8.0,388,25576.850942
16.0,553,25583.069509
10.0,583,25589.444379
16.0,552,25595.465627
17.0,557,25601.529831
18.0,540,25607.425726
12.0,459,25612.468524
12.0,538,25618.376151
11.0,532,25624.177145
12.0,719,25632.040116
21.0,603,25638.732845
15.0,684,25646.241698
11.0,405,25650.658076
20.0,762,25659.200536
8.0,433,25663.962576
16.0,686,25671.488938
10.0,496,25676.943626
24.0,679,25684.356351
20.0,715,25692.20395
18.0,625,25699.124063
12.0,464,25704.251904
17.0,702,25711.916213
14.0,555,25717.929128
9.0,443,25722.815181
8.0,425,25727.448472
9.0,539,25733.4059
18.0,648,25740.506271
15.0,534,25746.301538
15.0,658,25753.537718
15.0,586,25760.050091
15.0,640,25767.022049
15.0,573,25773.357472
7.0,351,25777.144042
15.0,712,25784.927908
10.0,516,25790.546308
17.0,474,25795.746842
12.0,550,25801.732296
9.0,514,25807.360859
16.0,461,25812.370892
12.0,602,25819.147996
9.0,362,25823.171405
12.0,532,25828.978387
25.0,877,25838.551224
15.0,533,25844.36427
11.0,487,25849.679851
10.0,479,25854.893026
16.0,732,25862.88293
10.0,493,25868.208753
13.0,583,25874.566883
16.0,656,25881.881994
11.0,409,25886.321354
20.0,573,25892.543428
13.0,649,25899.640116
8.0,360,25903.560381
9.0,586,25909.949084
7.0,421,25914.583482
20.0,678,25921.894714
22.0,695,25929.497799
12.0,578,25935.802849
16.0,1393,25952.006934
18.0,538,25958.05298
15.0,450,25963.087398
12.0,542,25969.071198
11.0,405,25973.676556
14.0,592,25980.215118
15.0,514,25986.032189
13.0,570,25992.159833
13.0,607,25998.953244
17.0,641,26006.088178
14.0,362,26010.120977
17.0,709,26017.938887
12.0,539,26023.881991
14.0,644,26030.946028
10.0,373,26035.126464
10.0,463,26040.182704
13.0,577,26046.433095
14.0,658,26053.545004
16.0,895,26063.392793
11.0,423,26067.997602
10.0,477,26073.199699
12.0,663,26080.461987
15.0,605,26087.031691
10.0,473,26092.217325
12.0,517,26097.845907
11.0,623,26104.62392
16.0,630,26111.50185
16.0,736,26119.639557
17.0,568,26125.881305
11.0,588,26132.288652
11.0,603,26138.863937
18.0,624,26145.683624
19.0,830,26154.69485
15.0,593,26161.209029
14.0,607,26167.781034
4.0,239,26170.42383
25.0,965,26181.048194
15.0,536,26186.95686
19.0,624,26193.730444
17.0,861,26203.146813
21.0,737,26211.220361
14.0,657,26218.390273
26.0,706,26226.061258
10.0,504,26231.677565
18.0,670,26239.126248
18.0,450,26244.11332
8.0,437,26249.035972
20.0,701,26256.7524
17.0,625,26263.613812
20.0,819,26272.660033
24.0,888,26282.366266
15.0,513,26287.919718
8.0,400,26292.291675
22.0,693,26300.093759
15.0,661,26307.408674
14.0,482,26312.727718
22.0,657,26319.992686
14.0,648,26327.161061
13.0,548,26333.128824
21.0,888,26342.823279
11.0,494,26348.165424
13.0,747,26356.364344
15.0,543,26362.456451
14.0,566,26368.553876
13.0,547,26374.529491
7.0,351,26378.387752
17.0,642,26385.383182
12.0,514,26391.017673
13.0,611,26397.655602
16.0,619,26404.37479
10.0,399,26408.749178
16.0,560,26414.830696
22.0,799,26423.680687
23.0,807,26432.412354
15.0,564,26438.553852
16.0,467,26443.637558
11.0,590,26450.168011
21.0,718,26457.959255
18.0,692,26465.437996
17.0,549,26471.415232
14.0,563,26477.549803
15.0,575,26484.106699
14.0,507,26489.60725
19.0,581,26495.881266
20.0,951,26506.268219
11.0,491,26511.565078
22.0,678,26518.988351
13.0,635,26525.939759
23.0,608,26532.574375
11.0,489,26537.990255
13.0,619,26544.864587
12.0,572,26551.083555
13.0,524,26556.79292
19.0,691,26564.70434
11.0,650,26571.880207
23.0,760,26581.3223
14.0,758,26589.987511
12.0,729,26598.399589
8.0,552,26604.626665
26.0,811,26613.710946
12.0,513,26619.569744
17.0,561,26625.854503
26.0,730,26633.997924
18.0,745,26642.295041
17.0,471,26647.506994
14.0,502,26653.064101
22.0,732,26661.326427
11.0,673,26668.824173
21.0,571,26675.178665
13.0,447,26680.192651
14.0,580,26686.634518
18.0,515,26692.356942
23.0,904,26702.491993
13.0,611,26709.301771
13.0,532,26715.235015
8.0,368,26719.536899
12.0,574,26725.993024
12.0,539,26731.970244
8.0,384,26736.210243
10.0,458,26741.394372
15.0,500,26746.917683
13.0,590,26753.507275
24.0,838,26762.738978
19.0,427,26767.467391
18.0,694,26775.138071
9.0,455,26780.321549
14.0,494,26785.727676
18.0,855,26795.204311
13.0,599,26801.889148
14.0,645,26809.03673
11.0,550,26815.488769
13.0,472,26820.904274
24.0,601,26827.804111
