#{"t_start": 1764133606.4651616, "env_id": "ALE/Breakout-v5"}
r,l,t
0.0,125,0.998598
2.0,204,4.707538
1.0,154,7.20973
0.0,149,9.519962
0.0,140,13.182585
2.0,198,15.671137
3.0,252,19.827076
2.0,201,23.672513
0.0,132,25.708472
3.0,226,28.353468
2.0,207,32.01346
3.0,255,36.11451
2.0,207,39.792311
0.0,131,41.87228
4.0,300,46.660175
0.0,144,49.120703
4.0,301,53.70138
4.0,281,59.417228
0.0,125,61.493413
3.0,249,65.750262
2.0,196,68.461837
3.0,247,72.899838
5.0,325,79.057715
4.0,294,83.60211
0.0,120,85.74307
2.0,202,88.187622
3.0,246,92.220056
2.0,200,95.941503
3.0,244,100.471661
2.0,196,103.126224
2.0,201,106.861575
4.0,294,111.414789
3.0,227,115.357811
3.0,246,119.556986
3.0,244,123.699682
3.0,244,127.733231
2.0,199,130.190428
2.0,199,133.994737
2.0,195,136.261909
2.0,195,139.966531
2.0,195,142.289456
2.0,202,146.070269
2.0,202,149.901905
4.0,296,154.140104
4.0,297,158.352192
2.0,197,162.113255
2.0,201,164.477847
2.0,198,168.25837
2.0,198,170.550492
4.0,294,176.43927
0.0,127,178.650894
0.0,125,180.565774
3.0,245,184.630165
2.0,197,187.041377
3.0,250,191.102988
2.0,203,195.004456
2.0,200,197.494802
2.0,198,201.689658
3.0,226,205.521643
2.0,197,207.943954
3.0,247,211.975891
3.0,245,215.835473
4.0,294,220.009967
2.0,197,223.792635
3.0,225,226.225772
3.0,244,230.159805
3.0,246,234.237953
3.0,246,238.295686
2.0,195,242.452549
4.0,296,246.73886
0.0,124,248.77192
2.0,199,252.493509
2.0,195,254.986468
3.0,246,258.934178
4.0,293,263.015147
3.0,246,267.040228
5.0,331,272.792609
3.0,246,276.928596
2.0,196,279.236273
3.0,244,283.241355
3.0,247,287.350599
2.0,196,290.994503
2.0,196,293.498874
3.0,244,297.464419
2.0,198,301.145917
3.0,247,305.180934
3.0,244,307.685901
5.0,327,313.633919
3.0,246,317.863635
2.0,196,320.203802
3.0,246,324.346128
3.0,244,328.3298
3.0,243,332.185031
3.0,245,336.537504
2.0,196,340.45665
0.0,123,342.338629
3.0,246,346.880388
2.0,198,349.618831
3.0,244,353.842872
2.0,199,357.486393
2.0,195,359.732834
0.0,124,361.74512
3.0,247,365.73676
3.0,244,369.851509
3.0,244,373.849605
4.0,280,377.840528
3.0,248,381.850253
3.0,267,385.939332
3.0,245,389.698951
3.0,247,393.576917
3.0,245,397.630574
4.0,299,402.404153
3.0,245,406.642498
4.0,298,410.967149
2.0,195,414.673558
3.0,245,418.523674
4.0,294,422.690646
3.0,250,426.713764
2.0,197,430.547215
2.0,203,432.896093
3.0,244,437.063418
3.0,245,441.207876
3.0,245,445.288946
3.0,225,449.235637
2.0,195,451.453724
3.0,246,455.529595
4.0,294,459.750764
2.0,196,463.764594
3.0,244,467.845123
2.0,196,470.279472
2.0,195,474.344996
2.0,195,476.59808
4.0,298,482.231408
3.0,245,486.140509
3.0,247,490.435122
3.0,244,492.94242
2.0,195,496.956076
2.0,195,500.712667
3.0,247,503.253731
2.0,198,507.129241
3.0,249,511.126747
2.0,196,513.773967
2.0,196,517.529073
3.0,244,521.54787
4.0,294,525.833249
3.0,243,529.843253
2.0,197,533.772568
4.0,294,538.029583
4.0,300,542.387905
4.0,299,548.046781
2.0,195,550.384214
4.0,297,554.840584
3.0,244,558.908901
3.0,245,562.7744
2.0,197,566.626193
4.0,295,571.008634
3.0,245,574.973713
2.0,196,578.768007
3.0,244,581.465322
3.0,251,585.393375
2.0,200,589.297661
2.0,199,593.486744
2.0,200,595.8428
3.0,253,600.056323
2.0,196,603.868821
4.0,316,608.142456
2.0,202,611.876891
2.0,195,614.210425
2.0,195,617.877938
3.0,245,621.888112
2.0,205,624.397448
2.0,196,628.51791
3.0,247,632.748714
2.0,195,635.013452
3.0,253,639.108079
4.0,296,644.854664
2.0,196,647.648061
3.0,245,651.77518
3.0,245,655.827644
3.0,247,659.838493
3.0,246,663.821854
4.0,326,668.245303
3.0,245,672.281281
2.0,197,676.180125
3.0,280,680.702563
3.0,247,684.646572
5.0,348,690.472968
3.0,224,692.915034
4.0,293,698.612091
3.0,250,703.286713
3.0,247,705.98623
3.0,243,709.909638
3.0,245,713.932072
2.0,196,717.564941
3.0,245,721.49528
2.0,198,723.971652
5.0,355,730.011369
4.0,311,734.608082
3.0,247,738.688248
2.0,196,742.536345
3.0,246,746.370286
2.0,195,748.810438
3.0,250,752.812686
6.0,351,758.555339
2.0,195,762.233651
4.0,289,766.589332
6.0,394,772.817525
3.0,247,776.610538
5.0,307,780.978009
2.0,195,784.777742
3.0,251,788.797023
3.0,245,792.713928
2.0,195,795.144034
3.0,235,799.128011
4.0,307,803.33495
3.0,256,807.30672
4.0,282,812.743573
2.0,197,815.048501
2.0,212,818.93157
5.0,328,823.385813
5.0,326,829.222558
3.0,248,833.171833
4.0,258,837.364107
4.0,298,842.008535
3.0,246,846.044611
2.0,196,849.841791
3.0,252,853.802764
3.0,244,857.713579
3.0,246,860.587127
5.0,325,866.325364
4.0,294,870.492072
4.0,282,875.930168
3.0,246,878.53262
3.0,244,882.46667
3.0,284,887.962843
4.0,277,891.953924
4.0,283,896.063205
3.0,258,900.164453
3.0,246,904.144161
3.0,265,908.317067
7.0,447,914.723223
2.0,213,918.826989
5.0,340,925.013358
2.0,197,927.550845
4.0,297,933.41711
2.0,204,935.709797
2.0,196,939.516466
2.0,195,941.827474
2.0,206,946.057908
3.0,267,950.264319
2.0,195,952.597052
4.0,276,958.193514
4.0,297,962.414099
3.0,255,966.337246
4.0,274,970.551402
2.0,207,974.529284
5.0,305,978.802261
5.0,326,984.630805
2.0,208,987.20129
3.0,245,991.155219
2.0,195,994.74397
2.0,198,997.146041
2.0,196,1001.150188
4.0,274,1005.393546
5.0,352,1011.419458
4.0,294,1015.739594
4.0,282,1019.977311
6.0,355,1026.187258
5.0,302,1030.64404
4.0,259,1034.898548
3.0,248,1038.911069
2.0,201,1042.652414
4.0,296,1047.044161
5.0,317,1053.093801
1.0,149,1055.336328
3.0,246,1059.451611
6.0,325,1064.135879
7.0,361,1069.927335
5.0,291,1074.174016
2.0,184,1077.893603
1.0,151,1080.268209
6.0,325,1084.756964
2.0,184,1088.720006
1.0,148,1090.754925
5.0,293,1094.993251
7.0,245,1099.010239
2.0,184,1102.684484
4.0,265,1106.94301
2.0,182,1109.298303
7.0,246,1113.366628
7.0,361,1119.413225
2.0,185,1121.702056
6.0,327,1127.459751
3.0,231,1131.348307
2.0,182,1133.585147
1.0,148,1135.817024
5.0,300,1141.313078
3.0,222,1143.859599
6.0,327,1149.930681
7.0,250,1154.084813
2.0,181,1156.509593
2.0,185,1160.343113
11.0,279,1164.506671
11.0,294,1168.550079
5.0,294,1173.996985
3.0,213,1176.689275
11.0,281,1180.952727
1.0,157,1184.5679
3.0,223,1187.082896
3.0,217,1190.797825
7.0,261,1194.844132
3.0,211,1198.799298
3.0,213,1201.38216
3.0,220,1205.325137
11.0,274,1209.748685
5.0,302,1215.293341
4.0,272,1219.424023
7.0,262,1223.583024
2.0,191,1225.822688
7.0,254,1229.960095
7.0,246,1234.113155
7.0,263,1238.079813
2.0,180,1241.835505
7.0,257,1246.382563
7.0,258,26032.425214
3.0,212,26036.819167
7.0,288,26045.536143
7.0,382,26054.094474
7.0,262,26058.95132
11.0,283,26063.705711
7.0,248,26068.847902
2.0,205,26071.764269
11.0,403,26081.27839
6.0,348,26086.68988
7.0,256,26092.532781
6.0,328,26100.691935
7.0,372,26108.261332
11.0,287,26113.723533
11.0,269,26119.5432
7.0,365,26127.199041
7.0,365,26135.255763
4.0,273,26140.864234
4.0,282,26146.355078
3.0,226,26151.628543
8.0,309,26158.247948
7.0,246,26164.080812
5.0,295,26172.718498
5.0,299,26179.213838
11.0,279,26185.63023
3.0,249,26191.535478
11.0,394,26199.312466
2.0,182,26202.408966
11.0,394,26212.390434
14.0,425,26220.027214
7.0,355,26227.474737
7.0,361,26232.860482
8.0,430,26242.46518
9.0,337,26247.46722
6.0,350,26254.204127
6.0,340,26260.531253
9.0,331,26266.121694
4.0,264,26272.569826
3.0,213,26275.541031
5.0,329,26282.345038
4.0,261,26287.378693
8.0,428,26295.190586
3.0,210,26299.883075
6.0,328,26305.143773
4.0,265,26309.931625
12.0,430,26319.525604
5.0,327,26324.691758
9.0,345,26331.606719
6.0,346,26338.391706
10.0,499,26348.283106
3.0,230,26350.963029
8.0,295,26357.617257
5.0,299,26362.566141
7.0,373,26369.254899
13.0,482,26379.017368
13.0,356,26386.171025
5.0,319,26391.674231
4.0,261,26396.422466
4.0,277,26401.339527
9.0,483,26411.744738
9.0,345,26419.17868
6.0,342,26425.388633
8.0,416,26434.538276
11.0,396,26441.68027
8.0,418,26449.02484
12.0,449,26456.648316
8.0,455,26465.670516
8.0,420,26472.550633
13.0,350,26479.592031
5.0,297,26484.450453
12.0,336,26491.015443
6.0,329,26497.907139
7.0,397,26506.023733
3.0,212,26508.809167
7.0,405,26516.150669
2.0,183,26520.837024
4.0,277,26525.991263
5.0,316,26533.256357
14.0,555,26543.590475
9.0,330,26549.014198
11.0,424,26558.275277
6.0,317,26563.378185
16.0,459,26573.030035
7.0,393,26580.149491
22.0,704,26592.576109
3.0,214,26597.4853
8.0,394,26604.294371
5.0,317,26610.769759
8.0,431,26618.136898
15.0,404,26625.63794
8.0,297,26630.419832
16.0,561,26643.030844
4.0,270,26648.157177
8.0,296,26652.859162
14.0,580,26664.412763
7.0,417,26671.453458
4.0,258,26675.668021
4.0,251,26679.972807
6.0,356,26686.42977
9.0,462,26693.251232
22.0,706,26705.48301
14.0,496,26714.007971
4.0,295,26718.597883
8.0,424,26724.9613
7.0,369,26731.196123
9.0,326,26737.160203
5.0,312,26741.538495
4.0,248,26746.237479
3.0,210,26750.044967
9.0,330,26754.907603
7.0,362,26760.851869
3.0,215,26764.626806
13.0,485,26772.845459
10.0,387,26779.099038
10.0,347,26783.732232
12.0,336,26789.776459
18.0,596,26799.884263
12.0,289,26804.72882
3.0,217,26808.513163
3.0,210,26810.983719
3.0,215,26814.98899
8.0,415,26821.372146
10.0,367,26827.379205
22.0,579,26837.292352
17.0,665,26847.498555
7.0,405,26853.57288
4.0,242,26857.646779
13.0,648,26868.162927
12.0,445,26874.492482
20.0,716,26886.25547
13.0,455,26893.971047
12.0,409,26900.21112
10.0,482,26908.404114
7.0,366,26912.973112
12.0,445,26920.466768
3.0,231,26924.471203
10.0,396,26930.413017
10.0,498,26938.204631
12.0,612,26946.617619
16.0,469,26954.497485
16.0,629,26964.690649
12.0,482,26972.873768
9.0,468,26979.274866
6.0,331,26984.974499
10.0,505,26992.851706
3.0,227,26996.684893
11.0,396,27002.72642
13.0,334,27007.129318
13.0,482,27014.862287
23.0,612,27024.928153
11.0,547,27033.139406
11.0,423,27041.071928
13.0,481,27048.225744
16.0,604,27058.13439
8.0,417,27064.395906
8.0,422,27071.918986
6.0,341,27076.381315
9.0,470,27084.5534
8.0,426,27090.853517
4.0,260,27094.837346
7.0,361,27101.186733
7.0,380,27107.34484
12.0,318,27113.140623
12.0,577,27121.39599
4.0,267,27125.461567
11.0,462,27133.412934
18.0,616,27143.485049
9.0,311,27147.897964
9.0,433,27154.382892
13.0,489,27162.518834
9.0,473,27170.416208
11.0,278,27174.575995
14.0,512,27182.66163
12.0,424,27189.024751
12.0,550,27198.839406
15.0,543,27207.375652
12.0,334,27213.29989
17.0,366,27217.963024
9.0,446,27225.949074
19.0,610,27235.868392
11.0,510,27245.158726
10.0,499,27253.174285
16.0,494,27259.918537
8.0,299,27265.490115
8.0,439,27271.768875
20.0,616,27281.72681
16.0,624,27291.611154
12.0,452,27297.908695
15.0,473,27305.718064
8.0,405,27311.717868
10.0,500,27319.597758
16.0,463,27327.626756
15.0,531,27335.982061
9.0,325,27340.356029
11.0,495,27348.89727
11.0,417,27356.436961
6.0,344,27361.049007
14.0,637,27371.320705
17.0,653,27381.285735
23.0,562,27391.062467
15.0,676,27401.919301
9.0,459,27410.018052
13.0,617,27418.556342
9.0,450,27426.416214
14.0,515,27434.621459
12.0,549,27443.072981
18.0,527,27451.27865
7.0,358,27457.234575
8.0,414,27463.522361
14.0,671,27475.287346
22.0,667,27485.459301
15.0,535,27494.054769
10.0,454,27501.916048
16.0,601,27510.656347
9.0,455,27518.62592
11.0,510,27527.029821
10.0,384,27533.418263
22.0,663,27543.495352
20.0,655,27553.625095
12.0,601,27563.625054
14.0,635,27573.919518
16.0,412,27580.211138
16.0,605,27590.033515
17.0,513,27597.954799
7.0,394,27603.931448
12.0,527,27611.984767
11.0,564,27620.283196
13.0,549,27630.23745
9.0,502,27638.210783
10.0,389,27644.539973
9.0,449,27651.732159
10.0,480,27659.66893
15.0,661,27670.034633
15.0,657,27680.338095
4.0,243,27684.144875
19.0,612,27694.297025
16.0,459,27700.966064
26.0,758,27713.301102
17.0,573,27723.420428
13.0,593,27732.245774
16.0,450,27740.134908
18.0,429,27746.377527
4.0,271,27750.39878
19.0,624,27760.532568
22.0,613,27771.234779
5.0,297,27775.510457
7.0,410,27783.069847
20.0,734,27793.881886
11.0,493,27802.401958
13.0,632,27812.247742
9.0,462,27820.479291
13.0,342,27825.036722
11.0,544,27834.732083
8.0,401,27840.801707
15.0,618,27850.737885
11.0,565,27859.43254
18.0,659,27870.060791
11.0,576,27879.876313
14.0,531,27888.416634
17.0,629,27898.678573
9.0,461,27905.19418
16.0,672,27917.100645
11.0,521,27925.36335
14.0,366,27931.268666
9.0,457,27937.573936
3.0,221,27941.399228
8.0,396,27948.411414
18.0,535,27956.551869
25.0,651,27966.931827
10.0,346,27972.725424
15.0,617,27982.818409
14.0,545,27991.444803
8.0,401,27997.77119
9.0,435,28006.343027
6.0,346,28010.899054
12.0,518,28019.098059
12.0,534,28027.464445
3.0,212,28031.327659
22.0,531,28039.68447
17.0,477,28048.098854
11.0,405,28054.33873
11.0,494,28062.466785
8.0,402,28068.45426
10.0,476,28076.452668
19.0,549,28085.526944
8.0,396,28091.625554
23.0,664,28101.591766
12.0,548,28111.834186
6.0,345,28116.591914
13.0,595,28126.530232
25.0,555,28134.713771
24.0,573,28144.939741
9.0,454,28151.468525
16.0,596,28161.376209
22.0,694,28171.956981
15.0,718,28183.677649
17.0,502,28191.714381
21.0,394,28197.925462
12.0,456,28205.83034
10.0,350,28210.492712
7.0,378,28216.710697
21.0,476,28224.610587
11.0,582,28234.645455
29.0,892,28249.722877
25.0,622,28258.449369
11.0,538,28267.728395
15.0,398,28273.683345
20.0,598,28282.061902
20.0,623,28292.258327
21.0,633,28302.856963
17.0,500,28311.221502
24.0,468,28319.35063
16.0,567,28327.811508
20.0,636,28338.110014
10.0,492,28346.265379
14.0,505,28354.27747
22.0,761,28366.24287
7.0,391,28372.482378
20.0,591,28382.649642
17.0,618,28392.01354
20.0,635,28402.02912
15.0,567,28412.077271
16.0,595,28420.662055
6.0,361,28426.583259
14.0,564,28436.085815
12.0,550,28444.416152
14.0,687,28454.897873
11.0,549,28464.573938
17.0,614,28473.330712
12.0,474,28481.306723
14.0,541,28489.821108
22.0,682,28501.706036
12.0,520,28509.752509
19.0,564,28518.348463
10.0,480,28526.36009
22.0,814,28538.59469
19.0,403,28545.399999
20.0,604,28555.69959
24.0,608,28565.696426
7.0,397,28571.763996
22.0,747,28584.088036
22.0,690,28594.846595
16.0,591,28605.492009
15.0,605,28615.33697
28.0,669,28625.512557
21.0,713,28636.066547
14.0,528,28646.185688
19.0,582,28655.186964
17.0,577,28664.83625
25.0,659,28674.86497
21.0,634,28684.82722
23.0,534,28693.229688
6.0,343,28699.149146
13.0,641,28709.562658
12.0,514,28717.768145
25.0,525,28725.965117
12.0,559,28734.161087
25.0,640,28744.281813
10.0,494,28752.342565
16.0,559,28761.063246
6.0,308,28766.825974
16.0,571,28775.023489
15.0,411,28781.341382
20.0,561,28791.164459
20.0,509,28799.284422
25.0,611,28808.053784
18.0,692,28820.162515
24.0,671,28831.105436
18.0,534,28839.243151
16.0,606,28849.97935
13.0,508,28858.154718
27.0,531,28866.379153
7.0,383,28872.334351
20.0,667,28882.434528
23.0,488,28890.739643
9.0,451,28898.641762
13.0,613,28907.812069
14.0,487,28916.031527
15.0,438,28923.840907
18.0,523,28931.931737
23.0,572,28940.828451
13.0,608,28950.844319
6.0,346,28956.639019
27.0,832,28969.288184
30.0,716,28981.218213
22.0,700,28991.891547
20.0,713,29004.064698
15.0,676,29014.094935
15.0,402,29020.309386
10.0,394,29026.285627
11.0,590,29035.875987
18.0,534,29044.300205
19.0,677,29054.79304
21.0,554,29064.318032
15.0,411,29070.469205
13.0,373,29077.028919
8.0,435,29083.501681
16.0,675,29095.269395
16.0,688,29105.754921
22.0,565,29114.023771
19.0,545,29123.829597
15.0,553,29132.085213
14.0,575,29141.030197
12.0,447,29149.971957
11.0,409,29156.446467
16.0,630,29166.816615
10.0,525,29175.393173
8.0,414,29181.728941
10.0,552,29191.669267
9.0,470,29198.212152
13.0,621,29209.258817
14.0,401,29215.71378
23.0,727,29227.840558
16.0,655,29238.169918
9.0,350,29244.211046
17.0,622,29254.592109
8.0,407,29260.89397
13.0,551,29269.276667
19.0,721,29281.517686
16.0,641,29292.013538
20.0,588,29300.777289
11.0,547,29310.557064
23.0,533,29319.089292
27.0,750,29331.47365
18.0,621,29341.670862
14.0,501,29348.536198
17.0,605,29358.649998
8.0,377,29365.119125
9.0,483,29373.285174
16.0,717,29384.16882
30.0,579,29394.118099
24.0,642,29404.42202
16.0,485,29412.409907
19.0,582,29420.948758
17.0,654,29431.205212
12.0,583,29441.217102
11.0,523,29450.23081
14.0,649,29460.437359
18.0,622,29470.495262
23.0,624,29480.824165
9.0,425,29487.285772
14.0,612,29497.278631
18.0,659,29508.267129
18.0,380,29514.332589
21.0,592,29524.36537
10.0,496,29532.693212
27.0,606,29541.350051
9.0,439,29549.179833
20.0,661,29559.468507
12.0,521,29567.900114
8.0,443,29575.670696
7.0,373,29580.412917
7.0,399,29588.123208
19.0,569,29596.793061
7.0,370,29603.108101
10.0,392,29609.331605
19.0,572,29618.338278
5.0,291,29624.082864
13.0,668,29634.575373
27.0,695,29644.98406
19.0,688,30550.668637
18.0,492,30561.038923
12.0,468,30568.845003
19.0,595,30580.321861
18.0,532,30591.091267
9.0,429,30599.979084
18.0,556,30612.608475
12.0,601,30623.043175
25.0,661,30637.298969
19.0,637,30649.274945
21.0,641,30660.880741
9.0,448,30668.771188
10.0,510,30678.681154
19.0,534,30688.216679
17.0,661,30700.204967
18.0,653,30712.492883
17.0,607,30723.853065
20.0,720,30738.888957
11.0,423,30747.170872
14.0,620,30759.191098
7.0,371,30766.42345
29.0,765,30781.437537
23.0,557,30791.517978
14.0,490,30802.578188
19.0,512,30812.348735
19.0,705,30827.382282
23.0,724,30840.622378
15.0,573,30853.137288
15.0,666,30865.90729
16.0,600,30877.94613
18.0,672,30889.81666
17.0,775,30904.368243
13.0,572,30914.27803
23.0,542,30926.751323
16.0,450,30934.619079
11.0,524,30945.533591
15.0,573,30958.231244
20.0,695,30970.318726
20.0,575,30982.313146
28.0,768,30996.962509
23.0,562,31007.60859
10.0,548,31017.555978
27.0,706,31031.393142
22.0,527,31041.378002
15.0,399,31048.534857
11.0,525,31058.044248
15.0,649,31069.781774
11.0,485,31079.099712
17.0,578,31089.237503
13.0,577,31101.071182
15.0,546,31111.082487
8.0,418,31120.022895
8.0,422,31127.983879
23.0,728,31143.33245
19.0,552,31152.705712
7.0,369,31159.943306
24.0,444,31167.88926
26.0,849,31184.998819
5.0,292,31189.854925
7.0,347,31197.308795
13.0,602,31207.889034
12.0,545,31220.179577
10.0,479,31228.108469
15.0,618,31240.459516
27.0,554,31253.09683
16.0,672,31265.239501
9.0,442,31273.244112
10.0,353,31279.811857
17.0,347,31286.45509
12.0,428,31293.855854
19.0,552,31303.856843
19.0,569,31315.892058
16.0,594,31327.676557
9.0,445,31335.373823
19.0,543,31345.086563
23.0,681,31359.246593
20.0,457,31366.771107
19.0,580,31379.289802
19.0,664,31390.792965
20.0,593,31402.567802
13.0,434,31410.045414
9.0,463,31419.323376
14.0,497,31427.065993
29.0,616,31438.517203
17.0,659,31449.982156
24.0,640,31461.86273
31.0,609,31473.223319
14.0,457,31482.637061
19.0,670,31494.035333
18.0,696,31506.330898
18.0,540,31517.697932
17.0,494,31525.448298
26.0,693,31540.394483
14.0,644,31553.014595
13.0,561,31563.051772
31.0,870,31579.503297
17.0,486,31589.337425
11.0,517,31598.470545
13.0,609,31610.279398
12.0,323,31615.402026
25.0,891,31632.611692
26.0,735,31647.157261
23.0,683,31660.090768
12.0,586,31671.504004
13.0,624,31683.760971
21.0,517,31693.698537
20.0,805,31708.293148
19.0,557,31718.282764
18.0,417,31726.878485
17.0,474,31734.589838
12.0,588,31746.163317
4.0,245,31750.574029
14.0,667,31762.477704
17.0,619,31774.466314
19.0,713,31786.657693
13.0,567,31797.941905
21.0,662,31810.156026
19.0,665,31822.242007
16.0,439,31831.075593
19.0,607,31842.019969
15.0,485,31851.736199
19.0,557,31863.344938
21.0,740,31876.004004
12.0,516,31886.187348
16.0,586,31897.868966
19.0,507,31908.040118
8.0,417,31915.551163
20.0,717,31929.835095
24.0,564,31939.672692
16.0,714,31954.308334
15.0,536,31964.014607
16.0,569,31974.115952
16.0,621,31985.75405
32.0,878,32002.933471
24.0,528,32013.008913
22.0,653,32024.722502
19.0,808,32042.301668
19.0,689,32054.61912
