#{"t_start": 1764133606.4691052, "env_id": "ALE/Breakout-v5"}
r,l,t
0.0,131,2.314986
2.0,207,4.767077
1.0,172,7.365012
3.0,272,13.253242
2.0,241,16.069906
3.0,284,21.555965
0.0,126,23.739987
5.0,307,28.104388
1.0,175,30.295891
2.0,200,34.15341
0.0,135,36.148527
5.0,335,41.895647
2.0,215,44.610446
0.0,130,47.042018
3.0,247,51.532756
1.0,156,55.133302
2.0,197,57.601952
2.0,205,61.5111
3.0,249,65.76677
3.0,243,70.237823
3.0,243,73.148158
2.0,200,77.157438
2.0,198,81.297305
3.0,251,83.980832
2.0,196,87.909791
0.0,124,89.945517
3.0,244,93.931336
3.0,246,98.046832
3.0,243,102.735104
3.0,249,106.709629
2.0,215,109.449062
2.0,201,113.283384
4.0,294,117.652969
2.0,196,121.523613
2.0,199,124.09897
2.0,195,127.812047
2.0,197,130.254907
2.0,195,134.043171
3.0,245,138.000293
3.0,244,141.825293
2.0,197,144.230024
3.0,246,148.193687
2.0,195,151.917647
3.0,245,156.054296
3.0,245,159.862307
3.0,246,162.533369
3.0,244,166.603498
3.0,247,170.470762
2.0,200,174.448971
2.0,195,176.843662
4.0,293,182.54371
3.0,246,186.587539
2.0,201,189.160337
3.0,247,193.135442
3.0,249,197.335837
2.0,197,201.545503
4.0,298,205.841572
4.0,295,210.016498
3.0,244,213.956838
3.0,246,217.948534
2.0,198,221.545559
3.0,249,225.616691
2.0,195,227.938178
3.0,245,231.935212
3.0,247,236.157361
2.0,195,238.390088
3.0,244,242.774029
4.0,275,246.970112
2.0,195,250.661423
4.0,295,255.081372
2.0,197,258.79347
2.0,197,261.094377
3.0,247,265.083929
2.0,195,268.718464
3.0,231,272.647983
2.0,197,275.030387
2.0,198,278.859719
3.0,246,282.883679
4.0,297,287.230659
3.0,230,291.046197
2.0,195,293.543979
2.0,199,297.288601
3.0,254,301.241423
2.0,197,303.670131
3.0,248,307.562938
3.0,243,311.570915
2.0,202,315.463464
3.0,244,319.642781
0.0,121,321.761679
2.0,197,324.139433
2.0,200,327.949726
2.0,196,330.28275
3.0,243,334.281516
2.0,200,338.391277
2.0,201,340.827703
4.0,279,345.315653
2.0,224,349.690079
2.0,196,353.670052
2.0,197,355.893062
3.0,226,359.700424
3.0,249,363.800636
2.0,196,367.351198
3.0,244,370.169249
2.0,201,374.004364
2.0,196,377.5549
3.0,243,380.231415
3.0,243,384.134807
2.0,195,387.767367
4.0,294,391.851332
3.0,243,395.778675
2.0,196,399.651296
3.0,245,402.759427
3.0,252,406.930388
3.0,244,410.983748
2.0,197,414.703473
3.0,246,418.556488
2.0,196,420.977677
3.0,248,424.784018
2.0,197,428.616808
3.0,251,432.672843
3.0,249,436.862233
3.0,244,440.990807
3.0,246,445.080579
2.0,196,447.369201
2.0,196,451.117075
3.0,247,455.104136
3.0,243,457.907942
3.0,243,461.961724
3.0,244,465.979064
2.0,195,469.902103
0.0,123,471.958965
2.0,197,474.640016
2.0,195,478.281063
0.0,122,480.24266
2.0,196,482.590637
2.0,195,486.24533
0.0,122,488.24656
4.0,295,492.684698
3.0,244,496.930795
2.0,195,499.30991
4.0,296,504.897742
2.0,195,507.32198
2.0,195,511.065333
3.0,256,515.327448
5.0,347,521.303427
3.0,245,523.99732
2.0,195,527.594618
3.0,243,531.862599
3.0,248,535.975321
2.0,195,538.31111
4.0,300,543.972056
4.0,294,548.306926
2.0,196,551.951619
3.0,248,554.849373
3.0,243,558.90579
3.0,250,562.796609
3.0,248,566.953229
3.0,245,571.039104
3.0,253,575.048456
3.0,244,579.141705
3.0,243,583.09301
3.0,248,587.156004
3.0,248,591.425671
3.0,248,595.599511
2.0,198,598.022239
2.0,202,601.930061
3.0,247,606.000644
5.0,326,610.343621
2.0,201,614.044952
2.0,198,616.437589
2.0,204,620.093618
4.0,293,624.497514
3.0,244,628.845986
4.0,274,633.191612
3.0,246,637.074468
4.0,294,642.688379
5.0,345,647.843664
3.0,248,651.97458
3.0,246,656.03462
2.0,195,659.757352
5.0,325,664.131713
3.0,247,668.168866
3.0,245,672.21701
3.0,247,676.391206
4.0,295,680.949116
3.0,244,684.932065
3.0,251,688.825867
4.0,295,694.347935
5.0,350,699.136853
3.0,248,703.788391
4.0,295,708.085945
3.0,255,711.990764
3.0,244,715.922123
3.0,244,719.919587
3.0,248,723.916786
2.0,195,727.880653
3.0,248,732.105484
2.0,200,734.431583
4.0,296,740.298167
3.0,232,742.812924
3.0,249,746.637576
3.0,244,750.625852
2.0,203,754.482867
3.0,247,758.327564
3.0,247,762.268513
2.0,195,764.770069
2.0,195,768.611087
3.0,225,771.099519
4.0,277,776.457652
3.0,248,780.515684
2.0,199,782.944321
2.0,210,786.675942
2.0,195,789.173002
5.0,334,794.954334
5.0,353,800.918169
7.0,391,806.848323
3.0,247,810.713021
4.0,279,814.837275
3.0,245,818.850783
3.0,258,822.866894
2.0,214,825.493856
3.0,249,829.581851
2.0,210,833.259705
4.0,275,837.561859
4.0,294,842.18748
2.0,195,845.938752
6.0,354,851.759601
3.0,226,855.685845
2.0,196,858.095033
3.0,246,862.285545
5.0,331,867.920508
5.0,344,872.381486
5.0,349,878.221827
4.0,284,882.365895
4.0,315,888.020858
3.0,266,891.949784
4.0,275,896.015401
2.0,196,898.3203
2.0,195,902.222094
4.0,307,906.598967
3.0,249,910.718546
2.0,197,914.331314
5.0,326,919.001988
4.0,276,924.848191
4.0,294,929.357639
5.0,303,933.78127
5.0,309,939.417001
3.0,247,943.295305
2.0,197,946.168895
4.0,276,950.485477
4.0,297,955.953359
5.0,330,960.447607
5.0,346,966.235893
4.0,276,970.4625
2.0,203,974.380614
2.0,196,976.820861
2.0,196,980.655294
4.0,272,984.732467
4.0,274,988.898731
5.0,325,993.175156
2.0,195,996.964738
5.0,323,1001.574131
6.0,372,1007.780062
5.0,324,1013.651353
3.0,223,1017.473753
3.0,243,1021.534166
3.0,247,1024.35712
5.0,295,1030.167936
4.0,279,1034.677812
3.0,229,1038.561973
4.0,277,1042.720431
3.0,232,1046.717039
3.0,236,1050.939219
3.0,236,1053.776625
5.0,298,1059.488981
5.0,309,1064.063056
6.0,326,1069.692652
4.0,268,1073.824388
4.0,245,1077.841152
3.0,211,1080.523449
4.0,265,1084.706613
1.0,154,1088.462859
7.0,246,1092.358225
5.0,292,1096.664601
6.0,329,1101.168017
3.0,241,1105.031652
3.0,211,1109.132266
5.0,288,1113.397456
7.0,255,1117.513382
5.0,296,1121.754707
3.0,212,1125.694435
3.0,215,1129.464734
3.0,228,1133.203455
6.0,323,1137.664768
7.0,252,1141.652507
3.0,221,1145.476396
3.0,214,1149.637549
7.0,256,1153.810324
7.0,247,1156.561458
11.0,268,1162.093287
2.0,186,1164.513849
1.0,149,1166.508178
3.0,219,1170.286144
6.0,324,1174.485966
4.0,268,1178.885233
3.0,210,1182.83423
3.0,225,1186.722633
2.0,185,1189.00908
3.0,212,1192.84641
5.0,303,1197.058004
3.0,219,1201.141345
7.0,247,1205.200401
3.0,214,1209.204316
2.0,190,1211.630299
7.0,256,1215.67734
3.0,228,1219.50722
3.0,217,1223.406429
3.0,231,1225.92186
8.0,316,1231.681612
7.0,245,1235.895974
3.0,226,1239.782906
11.0,276,1243.894639
11.0,272,1248.951462
7.0,276,26036.437719
3.0,230,26042.697207
1.0,152,26045.938736
3.0,233,26051.616252
3.0,211,26054.869634
7.0,251,26059.6329
7.0,262,26064.246861
11.0,279,26071.044143
11.0,277,26076.187767
5.0,318,26081.791925
2.0,194,26086.340794
3.0,225,26091.740363
9.0,343,26098.172128
4.0,250,26103.722077
11.0,280,26108.725134
7.0,361,26116.73067
5.0,308,26124.130682
3.0,234,26127.65979
10.0,376,26135.772154
6.0,326,26143.384929
11.0,397,26151.764362
8.0,411,26161.170052
6.0,323,26169.788306
4.0,254,26176.048249
12.0,325,26182.833063
8.0,281,26189.002341
3.0,220,26194.698243
7.0,375,26202.076016
8.0,392,26210.230798
7.0,359,26217.669937
12.0,308,26223.098417
5.0,309,26229.90728
12.0,300,26235.377747
8.0,409,26242.847512
3.0,223,26247.218998
6.0,346,26253.839815
3.0,230,26258.201128
5.0,310,26263.029743
8.0,295,26268.546264
5.0,311,26275.253053
8.0,411,26282.535329
7.0,362,26290.00263
13.0,352,26297.343523
3.0,229,26300.365663
11.0,399,26307.532379
2.0,191,26311.978685
9.0,325,26317.719217
5.0,280,26324.077705
6.0,329,26329.324746
11.0,529,26338.856485
9.0,364,26346.166881
4.0,263,26350.866353
8.0,293,26357.491365
8.0,425,26364.86992
10.0,380,26371.583828
16.0,585,26381.915579
7.0,366,26389.289852
6.0,340,26396.343733
4.0,264,26401.159339
9.0,476,26411.526241
5.0,309,26417.194715
13.0,372,26425.103401
13.0,476,26434.67137
4.0,265,26439.456133
11.0,520,26448.954147
8.0,296,26454.109907
8.0,299,26460.608916
12.0,309,26465.60658
8.0,428,26472.546824
10.0,495,26482.104953
6.0,329,26488.729206
13.0,536,26498.236673
9.0,464,26508.185627
9.0,476,26516.011209
10.0,492,26526.042748
9.0,480,26535.966372
7.0,248,26540.879916
10.0,352,26548.219242
14.0,506,26558.060404
9.0,444,26565.403128
14.0,512,26575.469178
7.0,372,26582.821953
10.0,574,26592.540348
19.0,550,26603.949399
10.0,500,26613.261771
12.0,467,26620.845361
12.0,453,26629.762549
7.0,374,26637.533271
15.0,417,26645.825224
6.0,338,26652.378881
4.0,261,26657.617005
4.0,268,26662.291857
6.0,329,26667.032194
17.0,523,26675.842063
11.0,480,26684.599182
9.0,531,26693.107526
9.0,483,26701.400217
27.0,796,26714.269319
7.0,361,26720.606139
6.0,328,26726.512245
4.0,263,26730.776412
8.0,298,26735.287982
7.0,371,26741.274062
5.0,272,26746.111273
2.0,210,26749.909437
4.0,243,26754.201839
10.0,511,26762.445158
7.0,249,26766.249433
12.0,554,26775.23589
15.0,561,26783.560234
11.0,493,26791.921443
13.0,462,26799.808204
8.0,389,26806.537375
3.0,228,26810.441407
11.0,282,26814.732142
15.0,661,26824.951653
7.0,385,26831.228669
3.0,220,26835.201082
5.0,328,26839.656674
11.0,424,26845.88976
8.0,417,26853.39017
3.0,214,26855.995526
7.0,244,26859.893924
7.0,350,26866.055378
5.0,274,26870.171273
10.0,463,26878.103844
8.0,286,26882.26896
15.0,578,26892.028359
7.0,251,26896.076266
15.0,460,26902.52745
8.0,430,26908.966276
8.0,422,26916.412174
11.0,539,26924.637579
5.0,316,26928.786108
12.0,557,26938.268646
7.0,364,26944.097684
6.0,325,26948.472366
15.0,553,26957.939833
7.0,383,26962.797623
12.0,316,26968.854106
9.0,353,26974.740956
19.0,577,26983.084672
9.0,333,26988.800848
11.0,509,26996.702928
12.0,563,27004.8843
11.0,549,27013.096679
8.0,426,27020.623412
17.0,367,27026.666184
10.0,498,27034.702153
7.0,380,27041.022348
8.0,425,27047.881517
6.0,357,27053.726261
9.0,470,27060.286011
5.0,316,27066.004425
4.0,267,27070.026332
6.0,337,27075.890224
15.0,567,27084.526579
10.0,505,27092.673681
4.0,267,27096.563021
7.0,251,27101.04455
8.0,391,27107.203042
12.0,443,27113.638323
13.0,331,27119.290179
12.0,306,27123.4965
7.0,259,27127.764116
14.0,403,27135.333495
10.0,490,27141.975644
10.0,475,27150.165526
7.0,370,27156.267211
9.0,325,27162.097127
5.0,293,27166.199183
8.0,398,27172.349462
10.0,353,27178.207657
8.0,309,27182.674365
8.0,420,27189.004984
11.0,525,27198.69819
11.0,390,27205.001414
15.0,718,27215.619478
13.0,405,27222.059397
9.0,429,27229.699679
19.0,685,27240.693121
10.0,375,27247.351211
14.0,534,27255.594137
10.0,459,27263.441841
16.0,596,27271.882265
14.0,531,27281.412515
13.0,492,27288.084715
4.0,263,27291.957722
16.0,631,27301.904566
8.0,407,27309.224021
13.0,617,27317.763851
8.0,410,27325.48017
8.0,419,27331.755276
10.0,487,27339.707832
9.0,343,27344.428867
17.0,477,27352.778281
12.0,306,27357.106864
12.0,582,27366.977566
6.0,343,27372.836164
17.0,639,27382.770481
4.0,247,27386.870167
8.0,413,27393.230282
12.0,442,27399.722893
19.0,589,27410.155138
16.0,599,27420.068381
23.0,608,27428.53911
4.0,265,27432.838614
9.0,348,27438.88729
8.0,429,27445.317266
12.0,412,27452.755222
17.0,492,27460.928529
8.0,403,27467.054912
3.0,212,27469.605434
19.0,718,27481.424987
13.0,494,27489.610699
5.0,304,27494.120822
18.0,509,27502.233644
8.0,429,27508.751557
8.0,410,27516.487887
15.0,582,27525.008012
19.0,548,27535.298149
18.0,526,27543.239616
19.0,737,27553.760441
10.0,464,27561.719347
17.0,648,27572.078261
13.0,496,27580.156607
13.0,478,27588.002383
8.0,383,27593.976491
14.0,494,27601.807739
4.0,261,27605.791539
4.0,258,27609.735696
10.0,464,27616.106801
3.0,211,27619.966357
10.0,415,27626.339425
8.0,428,27632.664726
19.0,464,27640.82117
13.0,472,27649.407243
20.0,483,27657.318461
18.0,386,27663.477055
15.0,661,27673.68941
10.0,467,27680.465928
20.0,724,27692.366218
17.0,472,27700.33519
12.0,563,27709.054383
11.0,415,27715.422078
18.0,701,27727.711116
20.0,543,27736.124828
15.0,557,27744.37961
16.0,471,27752.193501
17.0,571,27762.206066
10.0,455,27769.028581
5.0,293,27773.494045
19.0,634,27783.58295
5.0,314,27789.315462
9.0,440,27795.94104
17.0,667,27806.497751
14.0,599,27816.38142
13.0,472,27824.548337
12.0,437,27830.955481
11.0,403,27837.241568
14.0,640,27847.087484
8.0,393,27853.3387
13.0,497,27861.634003
5.0,302,27867.5667
9.0,476,27874.326245
16.0,566,27884.444453
8.0,424,27890.712674
15.0,578,27900.788331
18.0,689,27911.097011
6.0,333,27917.121969
15.0,537,27925.455903
11.0,408,27931.55276
11.0,435,27937.753713
15.0,580,27948.423414
10.0,487,27956.266743
8.0,299,27960.678175
12.0,609,27970.743679
11.0,529,27978.943359
15.0,615,27989.267669
7.0,247,27993.282176
10.0,483,28002.117917
11.0,391,28008.272705
12.0,587,28016.797092
18.0,602,28026.952343
13.0,484,28035.114976
11.0,525,28043.53762
7.0,368,28049.811846
14.0,479,28056.615297
20.0,726,28068.360457
14.0,602,28078.44479
10.0,461,28085.628887
12.0,423,28093.204404
17.0,615,28101.587823
20.0,627,28112.333278
17.0,590,28122.349248
16.0,614,28132.312744
15.0,514,28140.644503
9.0,323,28145.231951
26.0,563,28155.246838
10.0,479,28161.580887
14.0,575,28171.417083
21.0,658,28181.582873
11.0,422,28187.853523
16.0,650,28198.116047
8.0,283,28203.883302
14.0,548,28212.437621
10.0,472,28220.218816
13.0,503,28228.46287
8.0,431,28234.936157
27.0,596,28245.161977
23.0,446,28252.059444
6.0,345,28257.935543
29.0,641,28267.787232
9.0,431,28273.922051
10.0,492,28281.770035
17.0,626,28291.961663
11.0,544,28300.394509
17.0,514,28309.057786
14.0,567,28319.165172
20.0,469,28325.653597
11.0,511,28334.063913
12.0,590,28343.95483
17.0,622,28354.072199
15.0,539,28362.356503
20.0,503,28370.274917
19.0,706,28381.092389
13.0,456,28389.383041
13.0,602,28399.54238
16.0,473,28406.230263
9.0,469,28414.215749
5.0,274,28418.207421
15.0,610,28428.267909
9.0,458,28434.57313
25.0,647,28444.802166
12.0,529,28454.21661
16.0,609,28462.973562
11.0,448,28470.754951
17.0,803,28483.458996
12.0,543,28491.764798
10.0,460,28499.787483
22.0,710,28511.60978
19.0,573,28520.161521
19.0,681,28530.582972
22.0,690,28542.634885
11.0,403,28549.318794
14.0,519,28557.490844
32.0,775,28569.683149
25.0,833,28582.491595
27.0,713,28594.724794
14.0,420,28601.577
10.0,465,28609.559305
17.0,527,28617.81853
19.0,582,28627.341537
19.0,549,28635.786756
15.0,548,28644.296037
20.0,574,28654.934323
21.0,463,28661.258243
18.0,687,28672.766988
15.0,517,28680.929963
23.0,624,28690.735457
13.0,578,28699.561164
24.0,504,28707.604798
24.0,657,28718.142469
19.0,727,28729.950225
18.0,545,28738.188313
20.0,686,28748.492134
13.0,432,28756.679219
5.0,280,28760.924523
12.0,564,28769.240783
19.0,835,28783.09006
15.0,560,28791.558067
20.0,483,28799.580085
13.0,511,28807.851907
6.0,343,28813.677744
8.0,426,28820.37695
11.0,488,28828.721416
19.0,588,28838.789052
15.0,661,28849.751158
11.0,414,28855.950355
18.0,524,28864.359465
13.0,484,28872.141691
15.0,607,28881.967172
19.0,569,28890.64135
8.0,407,28896.766139
17.0,608,28907.452198
16.0,562,28916.071267
28.0,629,28926.121006
12.0,573,28936.292646
24.0,604,28944.946128
14.0,623,28955.007024
13.0,325,28960.815444
30.0,582,28969.401301
16.0,551,28979.169615
14.0,496,28987.155204
15.0,691,28997.982601
21.0,722,29009.836694
17.0,588,29018.101531
11.0,535,29026.319511
13.0,595,29035.928232
11.0,504,29044.203551
10.0,367,29050.268832
27.0,698,29060.695998
9.0,454,29068.482579
20.0,501,29076.931373
10.0,385,29083.196037
23.0,468,29089.807412
15.0,638,29100.076795
22.0,500,29107.981669
12.0,463,29115.723896
9.0,447,29121.888413
13.0,557,29131.984485
11.0,497,29140.565138
10.0,485,29148.127773
13.0,507,29156.738525
13.0,595,29166.847619
19.0,484,29175.183723
6.0,343,29179.744189
14.0,609,29189.968365
17.0,638,29200.795937
18.0,481,29209.135228
22.0,712,29221.394438
13.0,577,29229.944222
15.0,547,29238.321037
5.0,307,29244.152241
24.0,627,29254.54388
27.0,601,29263.26309
13.0,592,29273.433293
17.0,483,29281.445657
26.0,550,29290.062237
19.0,449,29298.079669
17.0,638,29308.475393
10.0,459,29314.874862
24.0,619,29325.39821
17.0,622,29335.595701
19.0,528,29343.893275
13.0,636,29354.291259
21.0,681,29365.173004
19.0,567,29375.345453
18.0,530,29383.703784
19.0,707,29394.317558
18.0,678,29406.179033
25.0,803,29418.63616
22.0,689,29429.032999
24.0,752,29441.275364
13.0,511,29450.214375
8.0,395,29456.327307
10.0,496,29464.329913
19.0,525,29472.54283
10.0,446,29480.612298
17.0,475,29487.356004
21.0,462,29495.201293
12.0,566,29504.354203
8.0,394,29510.444956
13.0,506,29518.578982
13.0,492,29526.916667
11.0,514,29535.166866
14.0,556,29544.946728
11.0,400,29551.154583
9.0,407,29557.453867
13.0,595,29567.520598
7.0,389,29573.818984
18.0,651,29584.182018
23.0,715,29594.90488
9.0,488,29603.250221
9.0,442,29611.346513
20.0,728,29622.183462
10.0,464,29630.395084
19.0,696,29640.955791
31.0,729,30545.521347
8.0,405,30553.893258
25.0,783,30568.915737
9.0,425,30577.80437
12.0,467,30586.137834
23.0,577,30599.534159
19.0,563,30610.341138
22.0,731,30624.965951
5.0,299,30630.194313
17.0,615,30642.090371
13.0,491,30651.948239
9.0,468,30660.837246
15.0,531,30671.238365
12.0,525,30680.965415
12.0,571,30690.455842
21.0,481,30699.764677
11.0,536,30709.92059
7.0,413,30717.079681
16.0,590,30728.694796
17.0,647,30741.988047
10.0,484,30751.684036
4.0,257,30756.42871
12.0,579,30766.823121
25.0,621,30779.094929
10.0,499,30789.071113
7.0,396,30797.072604
15.0,632,30809.898639
16.0,592,30822.586928
14.0,533,30832.598133
12.0,495,30842.94465
15.0,584,30853.64115
11.0,515,30864.055355
15.0,382,30871.415929
10.0,505,30880.944615
8.0,456,30889.864533
24.0,627,30901.848457
12.0,565,30911.594484
11.0,443,30921.598083
16.0,480,30929.683737
14.0,393,30937.819129
25.0,609,30950.535484
16.0,605,30963.040755
15.0,564,30972.890306
8.0,436,30982.478156
10.0,498,30992.201237
15.0,653,31004.937766
24.0,616,31016.920463
7.0,404,31024.352925
17.0,608,31034.492511
24.0,568,31046.143977
10.0,483,31055.199692
19.0,536,31064.929955
15.0,650,31076.840586
7.0,373,31083.719369
16.0,565,31093.89195
9.0,433,31103.386625
15.0,548,31113.202021
10.0,350,31120.206067
16.0,579,31131.099908
6.0,346,31138.310607
12.0,579,31148.550526
24.0,632,31160.538147
15.0,557,31172.916414
21.0,521,31182.47097
10.0,471,31190.311582
15.0,591,31202.453657
15.0,670,31215.839437
5.0,321,31222.427176
9.0,447,31230.475112
15.0,662,31245.270641
20.0,683,31257.918395
14.0,590,31268.38138
24.0,758,31282.370678
11.0,509,31291.655529
5.0,348,31298.591131
6.0,342,31305.695081
13.0,591,31316.219798
8.0,381,31323.770475
19.0,539,31334.93827
19.0,568,31344.807384
20.0,686,31357.24121
9.0,463,31366.574368
19.0,743,31381.581965
11.0,396,31388.51366
17.0,374,31395.708021
28.0,749,31409.776393
25.0,910,31426.541866
17.0,362,31433.493602
26.0,681,31445.050637
15.0,539,31454.429709
5.0,322,31461.272971
6.0,343,31466.445629
15.0,447,31475.272662
33.0,770,31489.528125
18.0,642,31501.082489
17.0,673,31513.603765
15.0,414,31520.671896
23.0,467,31530.053169
12.0,565,31540.768865
21.0,609,31553.295553
14.0,510,31562.898866
20.0,674,31575.153277
14.0,526,31584.632145
11.0,488,31594.389143
14.0,491,31603.701514
12.0,548,31613.321929
8.0,381,31620.421486
14.0,540,31632.120535
12.0,586,31642.277977
14.0,601,31654.71142
18.0,665,31667.282981
12.0,543,31676.802459
25.0,713,31691.310436
15.0,496,31701.088415
26.0,713,31713.290001
9.0,473,31722.653377
24.0,672,31734.539048
10.0,492,31743.766048
32.0,744,31757.804042
25.0,639,31769.215752
22.0,540,31779.367748
31.0,609,31791.067859
14.0,644,31802.68863
20.0,633,31814.83964
19.0,756,31828.728482
7.0,322,31834.028222
22.0,657,31847.04058
25.0,782,31863.320639
17.0,728,31875.925173
23.0,653,31888.816468
18.0,406,31897.509269
21.0,487,31905.778327
26.0,612,31917.7703
14.0,501,31927.608597
15.0,566,31937.550452
24.0,687,31951.918284
23.0,567,31961.863324
16.0,604,31973.758413
6.0,338,31980.677973
22.0,658,31992.927509
14.0,672,32005.540453
4.0,250,32010.453341
19.0,738,32024.253727
24.0,742,32037.5334
21.0,728,32052.287354
