#{"t_start": 1764133606.465829, "env_id": "ALE/Breakout-v5"}
r,l,t
0.0,134,2.340317
0.0,134,4.354976
2.0,227,7.28639
0.0,132,9.482094
2.0,204,13.559818
3.0,244,17.759522
2.0,210,21.403982
4.0,277,25.750403
1.0,174,28.080659
0.0,128,30.0241
3.0,253,34.173523
2.0,221,37.868969
2.0,196,40.232081
3.0,257,44.530855
4.0,298,51.067168
2.0,211,53.558241
3.0,257,57.73917
2.0,204,61.70293
2.0,197,64.172323
2.0,196,68.299912
2.0,197,70.880737
2.0,199,75.166261
2.0,195,79.018952
2.0,200,81.673102
2.0,195,85.62185
3.0,245,89.690134
2.0,196,92.074417
4.0,294,96.405417
2.0,196,100.610956
0.0,124,102.847607
2.0,196,105.269926
2.0,202,109.191923
2.0,195,113.019141
3.0,253,117.082154
2.0,197,119.714093
3.0,246,123.844246
4.0,293,128.083375
3.0,246,132.148017
4.0,295,136.348651
3.0,244,140.283503
3.0,246,144.276705
3.0,245,148.24136
2.0,200,151.990113
2.0,203,154.551381
5.0,348,160.409053
3.0,246,164.304306
4.0,278,168.472545
2.0,196,172.193169
3.0,244,176.399957
1.0,168,178.818435
2.0,198,181.079373
2.0,203,184.948514
3.0,231,188.995687
3.0,250,192.924257
3.0,244,197.111005
3.0,245,201.619745
2.0,203,204.008205
2.0,196,207.745957
2.0,201,210.120505
2.0,198,213.828764
2.0,197,216.164024
2.0,196,219.855085
2.0,195,222.162488
4.0,296,227.785584
2.0,197,230.104304
1.0,149,232.323326
3.0,245,236.490167
2.0,197,240.20687
2.0,195,242.881399
3.0,246,246.93368
3.0,244,250.85549
4.0,295,256.636284
3.0,244,260.567374
3.0,245,263.076679
5.0,325,268.810532
2.0,204,272.596265
3.0,249,275.34832
0.0,122,277.373046
3.0,245,281.405817
3.0,246,285.370242
2.0,196,289.122607
3.0,251,293.161912
2.0,205,295.670305
3.0,243,299.614017
4.0,298,305.205651
3.0,244,308.998288
2.0,195,311.428588
2.0,199,315.334895
2.0,197,317.968299
2.0,199,321.822062
3.0,246,325.863212
4.0,293,330.077052
3.0,247,334.095536
3.0,243,338.418567
4.0,296,342.589853
3.0,256,347.31788
3.0,243,351.72859
2.0,200,354.140765
2.0,204,357.835448
3.0,243,361.698994
2.0,195,365.457985
2.0,196,367.812403
3.0,245,371.818003
2.0,197,374.328337
3.0,252,378.154002
3.0,246,382.135092
3.0,244,386.120881
3.0,247,389.926237
3.0,246,393.828432
2.0,199,397.592637
2.0,197,400.216963
3.0,255,404.825768
3.0,244,408.826317
2.0,195,412.493895
3.0,245,416.471619
2.0,197,418.766498
2.0,197,422.445419
3.0,256,426.49584
2.0,197,428.915951
2.0,195,432.619676
2.0,195,435.116605
3.0,246,439.369198
3.0,245,443.315269
3.0,244,447.2797
0.0,121,449.417801
2.0,197,451.663647
3.0,244,455.787381
4.0,293,461.540329
3.0,244,465.456764
3.0,244,468.355115
5.0,344,474.558083
3.0,243,478.443597
2.0,196,482.144695
2.0,196,484.492126
2.0,196,488.156691
2.0,195,490.816626
3.0,246,494.976098
2.0,196,498.771379
3.0,245,502.693068
3.0,244,505.405432
5.0,346,511.26567
4.0,297,515.705681
3.0,245,519.803008
3.0,244,523.863689
4.0,301,529.456794
3.0,244,533.702277
3.0,245,536.355353
2.0,196,540.143651
3.0,244,544.102891
3.0,247,548.202646
3.0,243,552.108651
2.0,196,554.646491
3.0,245,558.779097
4.0,304,564.412428
3.0,251,568.458764
2.0,197,570.950541
2.0,200,574.649149
2.0,196,577.139297
3.0,244,581.130515
2.0,202,584.907885
2.0,195,587.35777
3.0,245,591.587674
3.0,249,595.772637
3.0,245,599.92108
3.0,246,604.075369
3.0,245,607.943833
4.0,296,612.12429
3.0,246,616.146971
3.0,246,619.993242
3.0,250,624.122949
3.0,244,628.529935
3.0,245,632.735158
3.0,252,636.686045
2.0,196,639.094737
3.0,244,642.987724
3.0,246,647.625103
4.0,297,652.032358
3.0,247,656.100633
2.0,198,659.856923
4.0,301,664.082016
3.0,245,668.084755
4.0,299,672.439623
4.0,298,678.21217
3.0,245,682.533664
3.0,246,686.473413
2.0,196,688.772497
3.0,248,692.745556
3.0,243,696.731973
3.0,245,701.230178
1.0,151,703.689095
4.0,298,708.011225
2.0,196,711.596473
3.0,245,715.583169
2.0,195,717.871792
4.0,294,723.468534
3.0,245,727.763886
3.0,245,730.314664
3.0,246,734.534974
3.0,246,738.614447
4.0,273,742.864451
3.0,253,746.707201
2.0,195,750.454929
2.0,195,752.891922
3.0,248,756.82972
2.0,216,760.593006
2.0,195,764.310311
5.0,325,768.899877
5.0,324,774.538332
3.0,244,778.516194
2.0,197,780.860054
3.0,227,784.852861
4.0,275,789.016978
3.0,275,793.044274
3.0,247,797.240014
2.0,207,800.976335
3.0,247,804.862457
2.0,203,807.201368
6.0,397,813.19747
4.0,306,818.870979
2.0,195,821.178105
4.0,294,827.012863
4.0,276,831.144709
5.0,329,835.620408
2.0,199,839.466578
2.0,200,842.162355
2.0,195,845.909957
4.0,296,850.195099
3.0,244,854.108495
3.0,248,858.156779
2.0,195,862.061441
3.0,246,866.028485
3.0,251,869.958848
3.0,244,872.499237
3.0,252,876.463362
4.0,301,882.062391
5.0,327,886.414343
4.0,281,890.452768
2.0,205,894.254511
3.0,246,898.063662
2.0,197,901.981988
11.0,497,908.623561
2.0,202,912.548442
5.0,331,918.495554
3.0,289,923.077069
3.0,249,927.086945
2.0,196,929.764697
2.0,198,933.580633
2.0,197,935.841328
3.0,246,939.885348
2.0,223,943.65954
4.0,281,948.365667
6.0,339,954.23198
3.0,244,958.325596
2.0,197,960.598628
2.0,195,964.308575
4.0,274,968.448103
6.0,372,974.720122
2.0,195,977.069203
5.0,302,982.786358
5.0,316,987.220584
6.0,383,993.088255
2.0,207,996.931196
6.0,355,1003.230435
4.0,273,1007.396461
6.0,334,1011.898333
5.0,304,1017.557009
4.0,273,1021.818599
4.0,272,1026.256647
3.0,231,1030.227172
3.0,225,1034.44923
3.0,245,1038.422978
4.0,258,1042.459365
7.0,385,1048.879917
3.0,227,1051.501748
4.0,259,1055.701159
3.0,233,1059.863895
4.0,266,1064.125346
6.0,325,1069.74589
2.0,193,1072.22562
4.0,263,1076.120341
4.0,263,1080.551383
6.0,326,1086.446774
5.0,333,1092.345201
3.0,218,1094.90597
3.0,214,1098.709531
2.0,181,1101.08237
6.0,335,1107.035502
4.0,277,1111.326402
2.0,180,1115.01588
6.0,327,1119.483795
2.0,185,1123.209933
3.0,212,1125.719824
2.0,198,1129.390417
3.0,262,1133.310202
4.0,263,1137.45133
7.0,358,1143.354636
7.0,252,1147.662029
11.0,273,1151.826714
7.0,254,1156.008302
7.0,257,1160.272316
2.0,184,1162.507653
2.0,191,1166.206854
3.0,213,1168.579445
1.0,157,1172.021843
11.0,282,1176.291424
7.0,251,1180.402309
3.0,215,1183.004864
3.0,214,1186.873848
6.0,325,1192.603902
5.0,302,1196.826877
7.0,251,1201.052224
7.0,245,1205.056682
3.0,219,1209.104695
3.0,213,1211.673995
1.0,152,1213.776897
7.0,261,1217.827134
7.0,262,1221.925346
5.0,295,1227.65895
3.0,210,1230.039122
3.0,210,1233.97138
3.0,219,1237.778757
7.0,365,1243.803849
2.0,184,1246.693125
1.0,165,1249.272237
11.0,302,26039.414103
3.0,251,26045.586233
11.0,269,26051.567455
2.0,215,26054.848549
11.0,271,26061.336552
2.0,188,26063.861796
2.0,187,26067.057786
1.0,167,26071.204967
3.0,221,26075.960974
6.0,331,26081.665905
2.0,193,26086.197416
11.0,291,26092.05768
7.0,271,26097.983987
3.0,239,26103.411671
11.0,283,26108.516634
3.0,225,26113.615266
8.0,308,26119.686286
3.0,225,26124.414504
6.0,343,26132.57759
3.0,245,26137.954754
7.0,379,26145.843947
11.0,396,26154.47569
5.0,297,26160.836888
4.0,271,26166.945901
6.0,332,26175.984794
6.0,349,26182.986362
3.0,216,26188.625466
8.0,302,26194.887549
8.0,395,26204.441417
7.0,362,26210.389017
9.0,334,26217.656046
8.0,412,26225.263626
12.0,451,26234.989732
3.0,210,26238.356434
8.0,398,26245.234749
7.0,390,26253.635698
5.0,311,26258.444229
4.0,264,26263.004769
8.0,280,26268.455209
8.0,293,26273.395039
7.0,253,26278.104881
7.0,370,26285.415658
7.0,244,26290.366081
13.0,374,26297.784821
4.0,244,26302.66399
9.0,463,26311.823043
7.0,379,26319.463194
7.0,364,26326.386281
14.0,516,26335.916882
14.0,505,26343.838172
9.0,352,26350.84083
12.0,321,26357.651268
11.0,507,26366.996964
8.0,404,26373.801955
8.0,429,26381.734508
11.0,386,26389.256374
9.0,436,26398.480011
7.0,384,26405.851615
9.0,460,26414.778938
16.0,454,26424.902193
8.0,428,26432.642222
3.0,229,26437.224989
6.0,319,26442.208765
8.0,319,26448.97011
3.0,228,26453.669997
9.0,334,26459.028977
8.0,318,26465.451943
7.0,379,26472.17695
8.0,411,26479.512727
5.0,322,26484.534394
8.0,426,26493.24151
9.0,486,26503.199798
13.0,481,26511.330195
10.0,519,26521.270637
10.0,384,26528.657144
9.0,351,26536.238928
15.0,554,26546.369695
11.0,400,26555.639766
11.0,438,26563.172412
7.0,398,26570.846813
10.0,389,26577.81199
8.0,443,26587.161427
8.0,285,26592.1278
8.0,306,26597.618548
11.0,418,26606.017809
15.0,524,26615.52851
11.0,405,26623.00921
8.0,445,26630.213013
15.0,435,26640.156209
10.0,381,26647.870023
10.0,496,26655.907497
9.0,447,26664.5493
6.0,346,26671.172226
18.0,660,26682.23415
7.0,424,26688.905284
6.0,404,26695.268168
9.0,483,26703.453283
2.0,187,26707.412529
12.0,330,26712.13928
9.0,444,26720.217866
3.0,214,26722.827239
9.0,508,26731.128239
4.0,245,26735.396263
10.0,369,26741.35428
9.0,469,26749.930439
7.0,380,26756.541298
17.0,650,26766.4118
7.0,362,26772.733715
4.0,248,26777.010251
12.0,287,26781.363982
18.0,562,26789.806683
14.0,385,26795.938214
8.0,430,26804.414107
8.0,290,26808.563708
7.0,252,26812.615666
8.0,277,26817.034041
10.0,483,26824.829327
8.0,389,26831.078306
10.0,493,26839.178975
16.0,610,26847.76821
7.0,374,26853.713936
12.0,514,26862.0253
4.0,297,26867.925234
10.0,471,26874.367181
7.0,376,26880.409152
10.0,484,26888.217083
12.0,564,26896.626709
6.0,327,26902.436729
9.0,447,26908.948735
9.0,323,26914.637736
13.0,336,26920.267711
8.0,321,26924.718987
8.0,420,26930.788978
8.0,417,26938.166901
7.0,366,26944.005715
9.0,456,26950.404405
18.0,433,26956.60936
7.0,373,26962.702443
12.0,543,26972.711312
7.0,389,26978.770998
6.0,344,26983.155726
10.0,464,26990.75706
9.0,354,26996.622424
17.0,611,27005.090293
13.0,581,27014.717218
15.0,502,27022.615246
12.0,482,27030.822648
6.0,371,27036.847506
12.0,446,27043.353422
4.0,262,27048.076435
10.0,515,27056.171045
11.0,545,27064.455257
11.0,441,27072.071686
8.0,459,27078.634709
15.0,417,27086.425883
10.0,491,27094.352128
7.0,252,27098.380954
18.0,621,27107.500711
11.0,496,27115.546205
4.0,267,27119.484223
17.0,667,27131.180704
14.0,472,27137.799573
9.0,446,27145.767108
6.0,333,27150.30554
8.0,380,27156.473109
5.0,330,27162.285793
10.0,401,27168.386383
12.0,343,27174.288952
10.0,380,27180.313339
12.0,543,27188.695687
7.0,373,27194.722505
9.0,457,27201.121388
7.0,376,27207.674878
13.0,590,27217.639019
16.0,611,27227.781386
13.0,445,27234.056097
12.0,554,27245.015835
8.0,408,27251.18167
12.0,556,27259.654408
9.0,437,27265.89551
8.0,393,27273.281379
17.0,597,27281.87383
5.0,317,27287.540344
9.0,483,27294.100406
10.0,474,27301.751369
9.0,448,27309.283859
13.0,503,27317.28224
19.0,562,27325.758142
16.0,547,27334.08226
10.0,354,27339.999549
14.0,485,27348.540383
7.0,372,27354.483077
10.0,489,27362.572786
10.0,491,27369.386065
16.0,576,27378.924259
10.0,505,27386.994538
11.0,508,27395.104034
18.0,369,27401.652022
11.0,498,27409.946512
16.0,595,27418.380039
16.0,570,27428.125681
8.0,386,27434.40068
14.0,487,27441.050256
10.0,442,27449.01439
6.0,313,27453.306756
6.0,326,27459.127424
8.0,437,27465.387995
10.0,507,27473.684508
12.0,622,27483.650175
9.0,331,27489.562257
14.0,556,27498.117803
20.0,608,27508.223143
12.0,428,27514.780771
14.0,407,27520.871008
13.0,593,27531.524131
8.0,436,27537.718426
11.0,535,27547.24002
13.0,356,27551.6316
22.0,664,27563.428877
16.0,471,27570.269797
17.0,570,27579.972891
15.0,423,27586.223104
13.0,460,27593.8988
11.0,521,27601.870811
18.0,628,27611.722917
15.0,398,27617.883308
13.0,486,27624.414449
11.0,398,27632.113806
7.0,361,27636.772743
14.0,420,27644.585479
9.0,346,27649.769772
10.0,504,27657.820945
17.0,454,27665.605346
20.0,629,27676.002931
14.0,480,27683.77054
15.0,521,27692.106366
16.0,720,27703.058533
8.0,423,27710.807591
10.0,497,27717.358257
13.0,472,27725.598996
25.0,615,27735.999317
23.0,774,27748.006917
14.0,649,27758.154313
17.0,651,27769.00465
10.0,399,27775.363493
9.0,465,27783.221269
16.0,568,27791.73766
27.0,638,27802.433037
9.0,437,27810.034705
11.0,494,27817.940733
10.0,501,27825.037079
8.0,399,27832.515004
9.0,450,27838.999666
6.0,327,27844.640335
11.0,541,27852.924788
14.0,504,27861.293237
4.0,254,27865.633445
8.0,381,27871.851798
7.0,376,27877.926082
26.0,714,27888.723806
19.0,687,27900.767712
16.0,621,27909.375607
7.0,394,27917.041172
12.0,492,27923.821048
22.0,761,27935.774606
15.0,569,27945.998596
15.0,552,27954.538624
16.0,442,27962.447917
15.0,576,27970.869823
15.0,577,27980.576515
22.0,533,27989.221133
8.0,385,27995.466097
9.0,470,28002.773962
11.0,538,28012.486063
15.0,601,28021.146816
14.0,532,28029.538045
11.0,512,28037.764287
15.0,581,28048.128965
9.0,465,28056.047478
12.0,616,28064.680836
16.0,449,28072.462056
19.0,629,28083.115926
15.0,520,28091.444445
15.0,578,28099.701726
22.0,793,28114.051859
10.0,496,28122.042152
12.0,540,28130.316869
15.0,550,28138.791303
17.0,708,28150.976007
10.0,453,28157.37208
5.0,340,28163.243914
14.0,544,28171.506388
20.0,455,28179.359719
19.0,451,28185.702953
20.0,646,28196.01108
14.0,541,28204.317547
12.0,473,28212.553616
15.0,596,28222.364917
10.0,498,28230.763882
12.0,305,28235.028543
9.0,483,28243.179812
16.0,640,28253.977634
12.0,453,28260.264706
6.0,314,28265.883254
10.0,404,28271.835341
31.0,810,28284.005894
15.0,526,28292.305282
17.0,502,28300.560014
8.0,403,28307.275552
18.0,487,28315.350652
36.0,873,28329.760989
9.0,457,28337.763687
9.0,452,28344.16953
9.0,439,28352.102281
11.0,512,28360.009445
14.0,473,28366.46339
9.0,474,28374.704066
22.0,704,28385.593795
6.0,323,28391.720275
9.0,443,28398.110167
16.0,472,28406.150476
8.0,408,28412.378209
11.0,484,28420.388796
13.0,497,28428.366082
10.0,480,28436.118911
17.0,606,28444.806239
19.0,713,28456.783031
20.0,489,28464.721765
9.0,430,28470.976973
14.0,566,28480.98311
24.0,646,28491.338742
33.0,789,28503.777753
12.0,576,28512.308014
33.0,777,28524.576993
28.0,630,28534.614174
5.0,293,28540.206281
9.0,469,28547.655441
22.0,724,28559.639609
18.0,673,28569.832515
14.0,514,28578.225771
7.0,387,28584.353684
8.0,388,28590.803106
24.0,787,28603.73666
21.0,779,28617.478063
24.0,719,28627.662178
24.0,772,28640.273533
10.0,529,28648.68418
15.0,402,28655.441172
12.0,545,28664.93701
13.0,445,28671.151021
21.0,640,28681.221461
17.0,626,28691.042408
19.0,575,28701.187383
22.0,695,28711.86122
15.0,668,28722.312613
20.0,593,28732.066855
12.0,580,28740.280267
14.0,555,28750.322842
18.0,579,28758.958045
7.0,353,28764.9257
15.0,626,28774.894012
15.0,552,28783.253119
22.0,584,28793.262865
39.0,903,28807.687534
27.0,584,28816.08908
20.0,491,28824.597194
22.0,570,28834.817658
22.0,560,28843.235412
16.0,600,28853.897432
18.0,555,28862.360099
21.0,743,28874.172478
20.0,743,28886.179518
10.0,472,28892.996555
22.0,583,28903.223189
16.0,519,28911.799217
14.0,618,28921.832464
24.0,706,28932.387483
13.0,629,28942.759521
16.0,572,28952.60827
25.0,824,28965.097272
17.0,566,28975.026334
10.0,495,28981.637245
16.0,464,28989.629235
15.0,589,28999.802743
23.0,798,29011.982702
11.0,595,29021.850303
24.0,649,29031.867358
27.0,754,29043.954308
21.0,755,29054.819303
24.0,768,29066.88601
23.0,581,29077.120485
12.0,424,29083.52317
11.0,411,29089.86341
16.0,627,29100.063818
13.0,512,29108.044493
14.0,642,29118.011684
23.0,513,29126.28494
14.0,524,29134.672488
11.0,462,29143.042707
7.0,351,29149.949609
15.0,585,29158.926588
13.0,482,29166.959061
8.0,415,29173.274473
4.0,263,29177.669919
12.0,509,29186.021343
15.0,385,29192.242451
19.0,644,29203.252307
14.0,547,29213.269061
17.0,509,29221.516672
26.0,718,29232.228006
11.0,570,29242.08607
14.0,600,29250.941351
5.0,349,29257.056923
11.0,443,29264.830636
11.0,497,29273.133456
12.0,513,29281.321214
12.0,469,29287.950209
8.0,413,29294.585381
16.0,446,29302.486586
22.0,622,29312.732757
36.0,850,29325.714373
12.0,584,29335.764024
16.0,666,29346.192437
16.0,705,29358.351642
14.0,656,29368.886321
24.0,717,29379.966947
23.0,730,29392.020382
24.0,647,29402.403639
21.0,651,29412.734555
13.0,665,29423.085007
12.0,590,29433.133279
10.0,461,29441.005339
12.0,555,29450.136259
18.0,648,29460.364316
13.0,603,29470.271147
6.0,384,29476.417358
10.0,488,29484.877618
25.0,529,29493.037811
21.0,608,29502.313282
20.0,606,29512.21819
18.0,429,29520.118399
18.0,534,29528.50527
15.0,547,29537.207282
19.0,693,29547.48682
7.0,389,29553.711003
6.0,359,29559.783066
10.0,374,29565.8309
9.0,426,29573.747897
4.0,256,29577.833071
9.0,476,29584.576442
7.0,399,29590.896733
12.0,565,29601.006449
12.0,409,29607.39529
14.0,479,29615.724731
14.0,509,29624.103652
17.0,652,29634.482643
12.0,606,29644.461293
8.0,445,30542.881886
7.0,346,30550.66928
17.0,589,30561.589515
19.0,657,30573.683204
15.0,577,30585.905568
12.0,438,30594.301378
6.0,334,30602.240967
23.0,706,30615.76751
21.0,620,30628.031419
9.0,427,30637.411585
12.0,547,30647.282439
18.0,474,30656.411764
16.0,602,30666.200898
16.0,657,30679.124741
19.0,668,30692.416852
13.0,592,30702.962963
18.0,649,30714.933179
16.0,597,30726.425617
21.0,604,30738.823929
22.0,760,30754.132101
24.0,727,30766.851948
13.0,486,30776.330645
10.0,483,30786.557664
19.0,700,30800.1046
10.0,491,30809.989029
20.0,555,30822.426924
7.0,373,30830.023857
17.0,520,30840.013656
12.0,553,30850.509841
25.0,812,30866.2476
12.0,578,30878.114089
15.0,542,30887.651179
21.0,623,30899.589068
26.0,609,30911.076861
15.0,465,30919.230126
23.0,810,30937.046558
18.0,580,30948.245241
17.0,618,30960.820861
16.0,483,30969.999564
8.0,408,30977.504386
13.0,624,30989.916908
12.0,562,31000.184697
10.0,361,31007.625877
16.0,677,31019.869684
17.0,499,31029.457087
14.0,545,31039.283
20.0,628,31050.931533
15.0,545,31062.107241
21.0,617,31072.320013
14.0,518,31081.897039
20.0,564,31093.563415
24.0,638,31106.090672
14.0,667,31118.148862
20.0,582,31130.586985
18.0,643,31143.439816
15.0,610,31153.147476
15.0,544,31164.977277
16.0,679,31177.881237
23.0,711,31191.945772
15.0,556,31202.291346
16.0,572,31213.407228
9.0,453,31222.45249
17.0,604,31234.650825
7.0,380,31242.655079
18.0,611,31253.741618
21.0,485,31262.98602
17.0,638,31275.295559
24.0,604,31286.441744
10.0,468,31294.136102
18.0,670,31308.411141
15.0,547,31318.635859
9.0,456,31327.653458
14.0,524,31337.351587
18.0,488,31345.246941
15.0,646,31357.386926
17.0,621,31369.708309
6.0,364,31377.11558
21.0,720,31390.72389
23.0,863,31407.363318
15.0,550,31417.363083
18.0,485,31426.48038
15.0,603,31436.234051
8.0,409,31444.766426
18.0,425,31451.992444
14.0,629,31463.753251
20.0,571,31473.360257
21.0,759,31487.559853
6.0,381,31494.191689
9.0,479,31503.719199
14.0,619,31515.568929
12.0,570,31525.210127
16.0,570,31537.965556
12.0,595,31548.44929
10.0,396,31555.682022
22.0,711,31569.908816
21.0,612,31581.682751
29.0,685,31594.187308
9.0,433,31601.570454
12.0,626,31613.268964
17.0,507,31622.856063
18.0,529,31632.847881
11.0,539,31644.130029
20.0,739,31657.921613
7.0,397,31666.857469
8.0,303,31671.555599
9.0,476,31680.967961
34.0,808,31696.516709
19.0,670,31708.40014
15.0,508,31718.076728
17.0,522,31727.38192
21.0,482,31736.599224
27.0,694,31748.708256
22.0,638,31760.403145
25.0,746,31774.740031
15.0,683,31788.305218
20.0,742,31800.612832
20.0,586,31812.318067
20.0,665,31824.40103
28.0,647,31836.318775
12.0,319,31843.82004
29.0,775,31858.439774
17.0,692,31871.058075
14.0,474,31880.786454
15.0,543,31890.912761
19.0,433,31898.196301
8.0,423,31907.891517
18.0,484,31917.311236
19.0,495,31925.502341
21.0,631,31937.457277
9.0,447,31947.037076
32.0,822,31961.879817
11.0,413,31969.569318
7.0,383,31976.648043
14.0,643,31988.436121
6.0,304,31995.285345
20.0,613,32007.559117
20.0,448,32015.522288
22.0,713,32029.573681
17.0,468,32037.445724
22.0,702,32052.011567
19.0,547,32062.079893
