#{"t_start": 1764244998.0705786, "env_id": "ALE/Breakout-v5"}
r,l,t
6.0,364,8.738115
6.0,357,16.902557
5.0,345,24.667177
2.0,213,29.524379
1.0,170,33.501189
7.0,282,39.849796
2.0,206,44.336915
7.0,399,53.178102
9.0,346,60.710212
2.0,187,65.052881
4.0,262,71.264922
2.0,185,75.616272
3.0,222,80.486376
7.0,275,86.513708
1.0,152,90.407437
3.0,221,95.523938
3.0,211,100.282769
2.0,180,104.090289
1.0,156,107.9837
3.0,214,113.052036
7.0,247,118.720929
3.0,212,123.603346
2.0,185,127.449166
11.0,277,134.231227
3.0,232,139.49876
3.0,211,144.108014
2.0,205,148.874736
1.0,155,152.210029
2.0,189,156.524458
1.0,168,160.298096
2.0,194,164.830317
1.0,151,168.473804
1.0,155,171.854351
2.0,184,176.572066
7.0,251,182.262951
2.0,192,186.604337
3.0,218,191.593287
3.0,228,196.893682
0.0,126,199.616483
1.0,151,203.156314
4.0,258,209.263279
2.0,185,213.763002
0.0,120,216.480529
1.0,156,219.836547
9.0,327,227.71249
3.0,223,232.795023
7.0,254,238.599027
1.0,153,241.833592
3.0,210,246.777832
1.0,156,250.360367
2.0,182,254.873224
2.0,181,259.070646
2.0,181,263.064018
1.0,163,266.988428
3.0,215,272.110995
3.0,223,277.017457
7.0,260,283.249177
2.0,192,287.630223
1.0,172,291.668537
7.0,262,297.687341
2.0,185,302.107826
3.0,219,307.163598
2.0,191,311.646603
3.0,234,316.846027
7.0,247,322.506344
3.0,216,327.382416
7.0,248,332.804911
3.0,222,338.38174
3.0,216,343.684554
11.0,270,349.80029
3.0,212,354.871047
7.0,246,360.444476
1.0,150,363.948754
2.0,181,368.526692
3.0,213,373.452136
3.0,212,378.125932
1.0,149,381.986349
5.0,294,388.924963
7.0,259,394.979127
3.0,216,399.91322
3.0,211,404.424374
2.0,186,408.958196
2.0,185,413.229104
3.0,213,418.196802
7.0,251,423.924458
7.0,244,429.462374
2.0,180,434.095146
3.0,216,439.111437
3.0,217,444.297416
2.0,194,448.772663
3.0,230,454.393585
7.0,252,460.382511
2.0,193,464.556279
2.0,184,468.961104
2.0,187,473.501685
7.0,249,479.029479
11.0,274,485.282632
11.0,271,492.377492
7.0,248,498.121528
3.0,216,503.217988
2.0,192,507.791575
7.0,248,513.517729
7.0,252,519.854793
3.0,213,524.982088
2.0,184,529.023127
2.0,184,533.532421
2.0,181,537.950038
7.0,249,543.554708
2.0,195,548.232024
0.0,128,551.25897
11.0,273,557.785706
7.0,244,563.462769
3.0,217,568.662437
3.0,212,573.861096
4.0,258,580.183083
7.0,259,585.83935
2.0,186,590.344197
1.0,152,593.953739
9.0,336,601.952543
3.0,230,607.508571
2.0,185,612.19111
7.0,253,617.92412
1.0,167,621.881054
3.0,216,626.815249
3.0,214,631.838452
3.0,221,636.982804
2.0,194,641.419218
2.0,185,645.87349
7.0,251,652.123471
2.0,217,657.1853
7.0,261,663.306548
2.0,181,667.260232
7.0,247,673.034029
3.0,217,678.192961
3.0,212,683.161018
2.0,195,687.615236
3.0,215,692.851324
7.0,245,699.026849
2.0,190,702.83631
7.0,253,708.818219
2.0,194,713.394417
3.0,225,718.328854
1.0,151,722.133048
2.0,201,726.523798
2.0,191,730.889588
1.0,154,734.391832
1.0,155,738.109912
1.0,149,741.600916
3.0,215,746.75803
2.0,180,751.470767
2.0,184,755.418621
7.0,255,761.671099
2.0,193,766.288707
3.0,214,771.236498
3.0,230,776.381887
7.0,247,782.482246
3.0,223,787.555682
2.0,181,792.065772
7.0,252,797.973077
2.0,183,802.257404
3.0,219,807.492815
2.0,189,811.879916
8.0,303,818.85807
3.0,218,824.168814
3.0,216,829.507425
3.0,215,834.888415
2.0,188,839.37535
1.0,161,843.344898
7.0,249,849.059612
4.0,252,855.361478
7.0,245,861.181632
3.0,219,866.502476
3.0,216,871.599828
2.0,182,876.044709
2.0,184,880.043351
7.0,257,886.519385
2.0,226,891.496255
2.0,198,896.675099
5.0,294,903.318904
4.0,262,909.423709
3.0,222,914.400753
3.0,220,919.38183
7.0,256,925.424532
2.0,182,929.830103
7.0,247,935.546556
3.0,214,940.629253
2.0,181,944.63458
3.0,231,950.049469
2.0,182,954.426152
2.0,193,959.21282
2.0,189,963.408828
2.0,184,967.81158
6.0,345,975.569269
2.0,179,980.406515
2.0,190,984.783451
2.0,181,988.724486
3.0,217,993.988859
2.0,198,998.856175
2.0,192,1003.48847
7.0,250,1009.18149
3.0,220,1014.502571
7.0,248,1020.891427
7.0,251,1026.643209
1.0,179,1031.066427
2.0,182,1035.115201
3.0,236,1040.754451
7.0,261,1047.223796
8.0,285,1054.310457
3.0,227,1059.624364
4.0,251,1066.035172
1.0,161,1069.540851
2.0,181,1074.229354
6.0,353,1082.828209
1.0,154,1086.334233
2.0,186,1090.769995
7.0,245,1096.581997
4.0,241,1102.428519
3.0,220,1107.900961
2.0,190,1112.275979
3.0,219,1117.370089
11.0,278,1124.011115
2.0,189,1128.63796
3.0,230,1133.936675
7.0,244,1139.566367
2.0,180,1143.932569
7.0,253,1149.580656
11.0,275,1156.384413
3.0,216,1161.442612
1.0,152,1164.874093
2.0,205,1169.922379
3.0,215,1174.995345
1.0,155,1178.504561
2.0,191,1183.218656
1.0,166,1187.330372
3.0,219,1192.777596
2.0,196,1197.518807
2.0,196,1202.565192
3.0,211,1207.31513
4.0,262,1213.739019
3.0,216,1218.996167
2.0,191,1223.561118
4.0,266,1229.997632
2.0,183,1234.549007
3.0,216,1239.967883
3.0,230,1245.22015
3.0,210,1250.317669
3.0,214,1255.437238
1.0,149,1259.276364
3.0,227,1264.945816
2.0,179,1268.842883
4.0,262,1275.579434
2.0,190,1280.260646
3.0,217,1285.411224
7.0,254,1291.93975
2.0,187,1296.632175
2.0,180,1301.037034
3.0,219,1306.545768
3.0,214,1312.001787
6.0,334,1320.101202
5.0,314,1327.552424
3.0,216,1332.890449
5.0,315,1340.53938
3.0,215,1345.748096
3.0,219,1350.957154
2.0,193,1355.638917
2.0,187,1360.297934
3.0,222,1365.462214
3.0,216,1370.665218
3.0,218,1376.027682
3.0,212,1381.276884
3.0,222,1386.928039
1.0,152,1390.598132
2.0,187,1395.322486
3.0,216,1400.624974
7.0,247,1406.50507
3.0,211,1411.693472
2.0,211,1416.761019
3.0,220,1422.007015
4.0,259,1427.824447
3.0,216,1433.158376
3.0,214,1438.583347
3.0,217,1443.79421
8.0,307,1451.218373
5.0,314,1458.768411
3.0,233,1464.595813
1.0,152,1468.090342
4.0,275,1475.115455
8.0,283,1482.301131
3.0,216,1487.461557
2.0,187,1491.741242
7.0,246,1497.999118
7.0,247,1503.990049
11.0,288,1510.937267
3.0,217,1516.361268
7.0,249,1522.317112
2.0,186,1526.914971
7.0,266,1533.056492
3.0,219,1538.187668
3.0,243,1544.229659
2.0,196,1549.408853
2.0,192,1553.950392
3.0,229,1559.062426
4.0,268,1565.356417
3.0,229,1571.167447
4.0,278,1577.758094
7.0,252,1584.040008
7.0,253,1589.875053
7.0,245,1596.015834
2.0,186,1599.978691
3.0,218,1605.716947
2.0,182,1609.953828
3.0,214,1615.28016
7.0,263,1621.492051
11.0,271,1627.838609
2.0,191,1632.592965
7.0,288,1639.555542
3.0,224,1645.206467
3.0,261,1651.601226
7.0,258,1657.864145
7.0,248,1664.102685
2.0,180,1668.041049
7.0,255,1674.577501
7.0,250,1680.447125
3.0,216,1685.656095
7.0,249,1691.571226
3.0,214,1696.846781
2.0,199,1701.971598
2.0,183,1706.356613
5.0,310,1713.943896
11.0,285,1720.829416
3.0,236,1726.712367
2.0,181,1730.886456
3.0,234,1736.648332
3.0,232,1742.516802
3.0,221,1747.636745
3.0,213,1752.90325
3.0,215,1758.33514
3.0,233,1764.179099
11.0,283,1770.742625
7.0,257,1777.316623
3.0,214,1782.536837
2.0,183,1787.087616
1.0,148,1790.651983
3.0,242,1796.552881
3.0,224,1801.874789
1.0,155,1806.019942
1.0,161,1809.572481
7.0,248,1815.996509
7.0,245,1822.041572
7.0,244,1827.876956
3.0,221,1833.193949
7.0,247,1839.831401
3.0,218,1845.099466
2.0,190,1849.856845
3.0,223,1855.167521
7.0,249,1860.987248
3.0,215,1866.410969
3.0,220,1871.555999
4.0,272,1878.610586
2.0,210,1883.391893
1.0,150,1887.522462
1.0,154,1890.998718
3.0,243,1896.83145
3.0,216,1902.17873
7.0,250,1908.723367
11.0,284,1915.859536
7.0,258,1921.816983
7.0,254,1928.16827
3.0,229,1933.569153
4.0,243,1939.964125
7.0,249,1945.921946
3.0,230,1951.317199
3.0,225,1957.011906
7.0,249,1962.769434
3.0,211,1967.879793
3.0,216,1973.155113
4.0,260,1979.411112
7.0,250,1985.144561
1.0,168,1989.229753
7.0,248,1995.675064
2.0,190,2000.260981
4.0,265,2006.882066
5.0,341,2015.024586
11.0,280,2021.319496
2.0,213,2026.587985
7.0,260,2033.072939
1.0,156,2037.21202
3.0,221,2042.454937
3.0,223,2048.084659
2.0,189,2053.026251
2.0,201,2058.045497
4.0,250,2064.62407
2.0,185,2069.660515
5.0,289,2076.683292
7.0,255,2082.731985
8.0,307,2090.122773
3.0,240,2096.042408
5.0,297,2103.327392
5.0,293,2110.777177
2.0,186,2114.871704
11.0,283,2121.984421
3.0,224,2127.374069
3.0,213,2132.503911
1.0,151,2136.331703
5.0,295,2143.270696
5.0,320,2150.940589
4.0,269,2157.358145
4.0,261,2163.878237
8.0,276,2170.994547
7.0,250,2176.841362
2.0,179,2181.432619
2.0,186,2185.642263
8.0,297,2193.071909
8.0,291,2200.031834
2.0,186,2204.768038
2.0,194,2209.8609
4.0,270,2216.487608
6.0,358,2225.517765
2.0,183,2230.329097
11.0,445,2240.907324
2.0,184,2245.611102
12.0,329,2253.344675
8.0,299,2260.850405
5.0,345,2269.008647
3.0,210,2274.077795
6.0,353,2282.81142
11.0,280,2289.499723
2.0,188,2294.365038
2.0,181,2298.892403
4.0,245,2304.669773
6.0,329,2312.868444
2.0,203,2317.423766
4.0,264,2323.730756
7.0,258,2329.908903
7.0,263,2336.361504
3.0,220,2341.781522
1.0,152,2345.424232
3.0,214,2350.636818
4.0,268,2357.272135
5.0,290,2364.817177
4.0,253,2370.866306
3.0,228,2376.615565
5.0,319,2384.389304
6.0,326,2392.083538
6.0,353,2401.110373
5.0,293,2408.150933
4.0,273,2414.886483
4.0,245,2420.908154
5.0,295,2428.008112
3.0,226,2433.568005
7.0,248,2439.568587
3.0,212,2444.873249
7.0,248,2450.647414
5.0,316,2458.245926
3.0,219,2463.669116
3.0,215,2468.698029
6.0,342,2477.105688
3.0,221,2482.298103
8.0,297,2489.272813
13.0,377,2498.917724
2.0,184,2503.481308
4.0,263,2509.712185
4.0,285,2516.271852
8.0,294,2523.925072
11.0,276,2530.293257
3.0,221,2535.547984
8.0,283,2542.707276
5.0,278,2549.809392
4.0,289,2556.886114
8.0,293,2563.858651
3.0,215,2569.071349
5.0,305,2576.417775
4.0,276,2582.731388
8.0,281,2590.018103
9.0,478,2601.49589
5.0,316,2609.122041
11.0,445,3262.216233
4.0,262,3269.763544
3.0,211,3276.20655
5.0,333,3286.29164
12.0,320,3296.288146
7.0,257,3304.626054
7.0,254,3313.207809
7.0,261,3321.335688
11.0,293,3330.416938
3.0,260,3339.290238
2.0,183,3345.014413
6.0,338,3355.066992
4.0,270,3363.751771
8.0,286,3372.505092
11.0,410,3385.669865
4.0,264,3394.314718
12.0,440,3408.43615
7.0,254,3417.325118
4.0,264,3426.59959
4.0,255,3435.058525
10.0,380,3448.122298
