#{"t_start": 1764222035.4813254, "env_id": "ALE/Breakout-v5"}
r,l,t
0.0,121,4.25717
0.0,124,7.279083
1.0,176,11.753415
2.0,216,17.231201
2.0,198,22.136955
3.0,253,28.668072
4.0,304,35.74991
3.0,257,42.558075
2.0,201,47.941455
3.0,236,53.853681
2.0,210,59.625598
0.0,133,63.138875
4.0,310,71.134286
0.0,124,74.172882
3.0,251,80.507918
2.0,217,86.068476
2.0,197,90.858158
2.0,197,96.135619
2.0,198,100.948157
0.0,127,103.953798
3.0,251,110.315598
2.0,204,115.545649
2.0,205,121.027192
2.0,231,126.386969
3.0,248,132.947125
2.0,198,137.866854
2.0,198,142.517421
2.0,196,147.330147
2.0,227,153.392551
2.0,198,158.402163
2.0,196,163.724049
2.0,205,168.989567
0.0,132,172.085553
3.0,248,178.76564
3.0,238,185.806319
3.0,249,191.943252
3.0,246,198.237961
3.0,246,204.704063
2.0,230,210.579531
2.0,202,215.463007
0.0,130,219.296351
0.0,133,222.35441
0.0,132,225.824656
3.0,255,232.111493
2.0,201,237.840703
4.0,305,246.609516
0.0,136,249.639045
3.0,228,256.062069
2.0,208,261.231461
2.0,203,266.667063
3.0,251,272.668322
0.0,151,276.982942
3.0,248,283.436838
2.0,202,288.419663
3.0,229,294.552062
2.0,201,299.681636
3.0,244,305.95689
0.0,126,309.617556
1.0,176,313.642689
2.0,205,319.003438
0.0,129,322.175563
3.0,253,328.361337
4.0,295,336.203468
2.0,199,340.958409
2.0,207,346.209192
2.0,206,351.152782
0.0,129,354.695769
3.0,248,360.723591
0.0,131,363.630213
2.0,199,368.80876
5.0,331,377.404729
2.0,203,382.305989
5.0,308,390.257437
4.0,296,397.756221
2.0,209,403.464066
0.0,127,406.56378
2.0,202,411.703707
5.0,350,420.463137
2.0,221,425.990392
5.0,338,435.001775
3.0,255,441.314454
2.0,209,446.914262
2.0,197,451.716277
2.0,216,457.153729
2.0,196,461.968536
5.0,330,470.435805
2.0,210,475.85504
2.0,206,480.669081
6.0,378,490.349294
4.0,300,497.818338
2.0,198,503.202259
0.0,133,506.335847
2.0,202,512.042445
0.0,128,515.588034
5.0,344,524.439475
3.0,252,530.98223
2.0,204,536.061396
2.0,205,541.427108
2.0,197,546.74421
0.0,123,549.886814
3.0,249,556.43562
3.0,243,563.070691
2.0,198,568.459569
2.0,218,574.045694
3.0,247,580.172612
4.0,301,588.145646
2.0,205,593.402592
0.0,132,596.939506
2.0,218,602.35107
0.0,151,605.833078
3.0,250,612.649554
2.0,209,617.444398
2.0,211,622.966924
2.0,196,627.656357
0.0,127,631.083874
3.0,252,637.262319
2.0,199,642.130046
3.0,244,648.617866
4.0,295,655.790523
4.0,294,662.92894
2.0,198,668.036638
2.0,200,673.571877
3.0,246,679.640125
2.0,209,685.114996
0.0,128,688.287504
5.0,330,696.85698
3.0,248,702.954768
4.0,275,709.895828
2.0,203,714.935061
0.0,127,717.986224
2.0,206,723.300788
2.0,199,728.387762
4.0,274,735.467074
3.0,251,742.087198
2.0,202,747.313568
2.0,207,752.648923
4.0,280,760.114879
3.0,250,766.488345
5.0,334,775.198995
3.0,249,781.768099
3.0,247,787.686319
3.0,249,793.618243
2.0,199,798.534886
0.0,124,802.293849
2.0,196,807.226999
2.0,199,812.268221
3.0,250,819.15247
3.0,246,825.563327
5.0,347,834.007641
3.0,245,840.036336
3.0,246,846.565179
3.0,238,852.625196
2.0,199,857.384195
4.0,311,865.288891
2.0,197,870.33307
2.0,203,875.787551
2.0,203,880.766767
2.0,197,885.662492
3.0,256,892.320866
3.0,247,898.892344
2.0,211,904.398245
2.0,210,909.686953
4.0,296,917.05548
2.0,200,922.123838
2.0,201,927.564957
2.0,205,932.390945
2.0,196,937.304338
2.0,204,942.943745
2.0,197,947.855715
2.0,207,953.5703
2.0,201,958.741314
3.0,250,965.294966
2.0,197,970.241183
2.0,200,975.113855
0.0,126,978.437763
3.0,246,985.067624
0.0,122,988.460285
2.0,197,993.992982
3.0,246,1000.057188
2.0,202,1004.808119
3.0,249,1010.485933
0.0,128,1013.293325
6.0,364,1021.607873
3.0,244,1027.553962
1.0,171,1031.536334
3.0,255,1036.981162
4.0,293,1044.296875
2.0,196,1048.618042
2.0,199,1053.171848
2.0,202,1057.693252
2.0,213,1062.748777
5.0,346,1070.916599
3.0,244,1076.601259
2.0,207,1081.624423
2.0,207,1086.19802
2.0,212,1091.496391
4.0,297,1098.24883
2.0,202,1103.177164
3.0,250,1108.757845
0.0,138,1112.14919
2.0,199,1116.5886
3.0,249,1122.590522
3.0,243,1128.347776
5.0,325,1135.871786
2.0,198,1140.908369
0.0,132,1143.636995
2.0,203,1148.125377
2.0,208,1152.978187
3.0,243,1158.443498
4.0,299,1165.594564
3.0,256,1171.304818
2.0,196,1176.253966
4.0,294,1182.955005
4.0,295,1189.54207
4.0,296,1196.299444
3.0,259,1202.203218
4.0,297,1209.471243
2.0,205,1213.885135
2.0,197,1218.447055
3.0,243,1224.121861
3.0,259,1230.259384
3.0,233,1235.626064
0.0,128,1238.50617
3.0,260,1244.576312
2.0,200,1248.987064
3.0,250,1255.174258
3.0,247,1260.802544
3.0,244,1266.296347
2.0,227,1271.957883
2.0,208,1276.501639
2.0,204,1281.619612
4.0,304,1288.846952
3.0,243,1294.260769
2.0,199,1298.753846
2.0,206,1303.566309
2.0,204,1308.101967
2.0,207,1313.05739
2.0,215,1317.940572
4.0,297,1324.645939
2.0,207,1329.610103
3.0,245,1335.10701
2.0,199,1339.518954
6.0,393,1348.933767
3.0,237,1353.986058
2.0,203,1358.99567
0.0,124,1361.64374
2.0,200,1366.130866
0.0,126,1369.476811
3.0,248,1375.010705
2.0,200,1379.605688
3.0,248,1385.592269
5.0,347,1393.452796
2.0,211,1398.502965
2.0,207,1403.547379
2.0,201,1408.0324
2.0,246,1413.581705
2.0,195,1417.891107
3.0,252,1423.931813
4.0,303,1430.807599
2.0,199,1435.763492
3.0,241,1441.534296
2.0,204,1446.017494
2.0,199,1451.103762
3.0,246,1456.75863
2.0,205,1461.40698
4.0,309,1468.467036
3.0,269,1474.571388
4.0,295,1481.678412
3.0,226,1486.633977
2.0,199,1491.200426
3.0,244,1498.538239
4.0,316,1507.252276
0.0,124,1510.423779
1.0,154,1514.271142
1.0,169,1518.818517
3.0,240,1525.343582
2.0,199,1530.842712
2.0,201,1535.973557
2.0,219,1541.651121
2.0,195,1547.129796
3.0,244,1553.604619
2.0,204,1559.626655
5.0,366,1569.167308
8.0,468,1582.356697
3.0,235,1588.703154
11.0,447,1600.668095
2.0,200,1605.931863
2.0,205,1611.931371
5.0,311,1620.870541
0.0,143,1624.58292
3.0,259,1631.614981
2.0,197,1637.067584
2.0,197,1642.500897
3.0,232,1649.019889
2.0,200,1654.241472
4.0,274,1662.36265
2.0,243,1668.727938
3.0,256,1675.338302
4.0,273,1683.043684
2.0,189,1688.132554
4.0,251,1694.449872
3.0,219,1700.283876
3.0,210,1706.428467
3.0,210,1712.551574
6.0,342,1721.867094
7.0,378,1732.050646
4.0,254,1738.966145
2.0,194,1744.227728
4.0,266,1751.112119
4.0,271,1758.608468
2.0,180,1763.096632
7.0,251,1769.964558
3.0,223,1775.82531
7.0,248,1782.359018
1.0,158,1786.788334
2.0,190,1791.906929
1.0,155,1795.86918
8.0,293,1803.23806
1.0,166,1807.436894
5.0,321,1815.83751
7.0,416,1826.869964
1.0,156,1831.181441
5.0,292,1838.771738
7.0,250,1845.033591
2.0,183,1850.29933
3.0,234,1857.311466
3.0,226,1863.538443
4.0,275,1871.056286
2.0,188,1876.476084
2.0,193,1881.925771
5.0,318,1890.891789
4.0,286,1898.504024
7.0,253,1905.750354
3.0,222,1911.363264
3.0,236,1917.977049
3.0,244,1924.602968
3.0,237,1930.953742
7.0,386,1941.754379
3.0,240,1947.939155
2.0,185,1953.024625
7.0,246,1959.576274
3.0,215,1965.651066
2.0,193,1970.79917
3.0,213,1976.555053
2.0,181,1981.70162
3.0,213,1987.249299
4.0,258,1993.893294
5.0,355,2003.489542
3.0,241,2009.820229
2.0,203,2015.240939
2.0,199,2020.006799
4.0,260,2026.922188
4.0,283,2033.877167
4.0,263,2040.871715
5.0,301,2049.157326
3.0,222,2055.588515
7.0,251,2062.881337
7.0,246,2069.27433
5.0,295,2077.34254
3.0,216,2083.447442
3.0,218,2089.771992
4.0,257,2097.501119
5.0,330,2107.47194
6.0,354,2115.377553
5.0,294,2122.513475
4.0,271,2128.684489
1.0,164,2132.767446
4.0,266,2138.911391
4.0,265,2145.049527
6.0,328,2152.962645
5.0,324,2160.2709
6.0,328,2168.161163
5.0,290,2174.791823
6.0,329,2182.70842
2.0,203,2187.272008
3.0,244,2192.804053
3.0,228,2198.363449
7.0,396,2207.525519
3.0,211,2212.466902
9.0,352,2221.090527
7.0,247,2226.80994
6.0,353,2235.178993
10.0,494,2246.887724
4.0,260,2252.936633
8.0,306,2260.353272
12.0,312,2267.949049
7.0,373,2276.633249
3.0,219,2282.203509
3.0,221,2287.286984
2.0,191,2292.001518
4.0,268,2298.674318
3.0,226,2303.856586
3.0,215,2309.349206
3.0,227,2314.912475
3.0,260,2321.186527
3.0,230,2326.399244
2.0,185,2331.238256
3.0,234,2337.754605
8.0,295,2345.925433
7.0,360,2355.564037
7.0,251,2362.421411
5.0,311,2370.67132
2.0,187,2375.756994
10.0,359,2384.812468
8.0,278,2392.088313
3.0,229,2397.688317
4.0,256,2404.325364
7.0,403,2414.737643
5.0,317,2423.320658
5.0,309,2431.16455
4.0,264,2438.411012
6.0,343,2447.908299
5.0,325,2456.677597
7.0,254,2463.420715
8.0,286,2470.663567
3.0,215,2476.405279
3.0,241,2483.014626
10.0,435,2494.431278
8.0,297,2502.454804
3.0,234,2507.95778
7.0,249,2514.984975
7.0,377,2524.278526
6.0,349,2533.97387
5.0,291,2541.399722
4.0,295,2548.640312
6.0,351,2557.8871
9.0,345,2566.634034
9.0,324,2575.223355
5.0,318,2583.210184
5.0,292,2591.08589
3.0,228,2597.323445
5.0,346,2606.157124
9.0,315,2614.450093
3.0,216,2619.891726
2.0,188,2624.891253
3.0,213,2630.778242
5.0,325,2639.115771
15.0,563,2653.24488
8.0,278,2660.638576
2.0,226,2666.181624
11.0,386,2676.047058
8.0,479,2688.398419
3.0,240,2694.720541
10.0,416,2704.842019
9.0,461,2716.651507
9.0,336,2724.913185
10.0,370,2733.853472
3.0,214,2739.305432
6.0,339,2747.852063
7.0,391,2757.718798
14.0,504,2770.514083
10.0,396,2780.217623
3.0,253,2786.349144
12.0,446,2798.125634
5.0,309,2806.365896
10.0,341,2814.877778
4.0,276,2822.172823
8.0,441,2833.320375
6.0,346,2842.491531
11.0,412,2853.338778
3.0,241,2860.301436
10.0,393,2870.762716
5.0,355,2879.915798
11.0,403,2890.119432
4.0,266,2897.454809
6.0,341,2906.308627
15.0,505,2919.406931
7.0,360,2928.971318
11.0,431,2940.228889
5.0,312,2948.287141
13.0,390,2958.145081
5.0,290,2965.715708
7.0,254,2972.394162
11.0,282,2980.028671
7.0,245,2987.198674
11.0,279,2993.57125
8.0,280,3000.048482
7.0,250,3005.455466
7.0,377,3013.8826
4.0,286,3020.487463
8.0,292,3027.000987
8.0,282,3033.658895
5.0,296,3040.365822
15.0,457,3050.429065
10.0,533,3062.726988
10.0,375,3071.634122
5.0,323,3079.282768
6.0,309,3085.833175
8.0,394,3094.9396
6.0,324,3102.229726
10.0,361,3110.480633
12.0,318,3118.082929
10.0,396,3126.877897
15.0,401,3135.966799
5.0,317,3143.28721
8.0,296,3150.175702
5.0,313,3157.528688
8.0,294,3164.534704
4.0,246,3170.363174
6.0,346,3178.29312
8.0,278,3184.911536
6.0,350,3192.982497
6.0,341,3200.912923
9.0,328,3208.188425
5.0,316,3215.914176
20.0,376,3224.657874
9.0,466,3235.879635
7.0,368,3244.565469
2.0,191,3249.132203
3.0,223,3254.181937
10.0,405,3263.736179
4.0,286,3270.367111
6.0,370,3278.61287
4.0,266,3284.994546
4.0,311,3291.773968
3.0,220,3297.098294
8.0,290,3303.775459
14.0,537,3315.77641
5.0,318,3322.977567
9.0,347,3331.178567
7.0,257,3337.557184
4.0,244,3343.079701
6.0,339,3350.642585
5.0,316,3357.769022
5.0,287,3364.305807
5.0,313,3371.580818
5.0,329,3379.207587
4.0,263,3385.317221
3.0,213,3390.371235
9.0,339,3398.009745
11.0,278,3404.061364
5.0,305,3411.360676
9.0,329,3419.048353
7.0,384,3427.533108
4.0,248,3433.093598
7.0,256,3439.18036
10.0,512,3450.803803
9.0,327,3458.5898
5.0,313,3465.701286
8.0,288,3472.437407
8.0,427,3482.001809
11.0,440,3492.718655
11.0,285,3499.458709
7.0,251,3505.057027
13.0,528,3517.074315
9.0,337,3524.631042
11.0,538,3536.767195
10.0,527,3548.435499
4.0,269,3554.469796
6.0,369,3562.685972
10.0,349,3570.772236
7.0,377,3579.184856
4.0,260,3585.273063
7.0,405,3594.264097
6.0,362,3602.468553
10.0,490,3613.94914
7.0,414,3623.076807
8.0,281,3629.678985
4.0,268,3635.529416
4.0,280,3641.606662
15.0,566,3654.450787
2.0,183,3658.659586
9.0,472,3668.911093
8.0,277,3675.428321
10.0,356,3683.124739
5.0,317,3690.260807
7.0,361,3698.566835
4.0,260,3704.54389
15.0,430,3714.146428
4.0,258,3719.653709
13.0,496,3731.176414
12.0,446,3741.634388
12.0,539,3753.567173
14.0,530,3765.480649
21.0,531,3777.451966
6.0,380,3786.201544
12.0,477,3797.037066
5.0,339,3804.479828
7.0,400,3813.76154
12.0,441,3823.372802
9.0,328,3831.069184
10.0,496,3841.847568
9.0,328,3849.476748
4.0,251,3855.303252
10.0,379,3863.559243
14.0,544,3876.164536
4.0,286,3882.814119
6.0,325,3890.405723
12.0,318,3897.598285
7.0,396,3906.427645
13.0,458,3916.91666
8.0,279,3923.355186
9.0,355,3931.631908
10.0,522,3943.532653
16.0,472,3954.044584
8.0,460,3964.123163
13.0,529,3975.839466
4.0,259,3981.778619
11.0,281,3988.33932
11.0,545,4000.51529
14.0,380,4008.803732
4.0,256,4014.692252
7.0,358,4022.981821
9.0,349,4030.952204
4.0,261,4036.549245
3.0,215,4041.489808
7.0,411,4051.655491
8.0,418,4060.908821
6.0,329,4068.396939
7.0,373,4076.541851
12.0,443,4086.636977
9.0,325,4093.800699
9.0,424,4103.879314
3.0,216,4108.829015
5.0,309,4115.813386
9.0,492,4126.98331
11.0,513,4138.866216
12.0,428,4148.37765
9.0,336,4156.14618
15.0,425,4166.342987
6.0,365,4174.751192
9.0,480,4185.734531
11.0,280,4192.776923
3.0,232,4198.281541
6.0,329,4205.603572
3.0,252,4211.902442
8.0,437,4222.30617
12.0,503,4234.15887
11.0,277,4240.529644
11.0,497,4251.697329
9.0,441,4262.432128
15.0,420,4271.88522
7.0,249,4278.087826
9.0,450,4288.018192
8.0,424,4298.079617
8.0,393,4307.118524
8.0,410,4316.62837
9.0,449,4326.992389
4.0,253,4333.038018
4.0,246,4338.751724
5.0,313,4346.384004
9.0,462,4356.941744
7.0,373,4366.090667
8.0,424,4375.904023
9.0,438,4386.539704
7.0,403,4395.397387
12.0,524,4407.881682
6.0,367,4416.775292
8.0,434,4426.872927
14.0,361,4435.310467
9.0,459,4445.988518
2.0,185,4450.524711
9.0,325,4458.004718
12.0,431,4467.914403
4.0,274,4474.292493
4.0,259,4480.429867
10.0,400,4489.913979
12.0,419,4499.39076
12.0,299,4506.596945
10.0,407,4516.194057
10.0,469,4526.763655
6.0,355,4535.43619
11.0,547,4548.202074
4.0,260,4554.238832
18.0,516,4566.55546
7.0,351,4574.943435
7.0,358,4583.335046
12.0,564,4596.578527
12.0,449,4607.119509
11.0,422,4617.091239
13.0,313,4624.566164
9.0,481,4635.768548
11.0,543,4647.946535
15.0,570,4661.355196
18.0,566,4674.532448
18.0,562,4687.699192
9.0,323,4695.396137
8.0,393,4704.324142
7.0,376,4713.263633
14.0,614,4727.336095
9.0,448,4737.781319
5.0,277,4744.364208
7.0,407,4753.71411
22.0,548,4766.350833
14.0,584,4779.889042
15.0,575,4793.344682
8.0,395,4802.903345
14.0,416,4812.422663
18.0,693,4828.36872
6.0,347,4836.853354
9.0,488,4847.891398
5.0,329,4855.446693
11.0,502,4867.228627
18.0,398,4876.30071
16.0,563,4889.685651
15.0,544,4901.897812
8.0,418,4911.885389
5.0,304,4918.446875
14.0,394,4927.857517
14.0,526,4942.89174
7.0,394,4953.513522
14.0,372,4964.372324
5.0,313,4973.332751
11.0,523,4987.661243
3.0,212,4993.924239
10.0,511,5009.03042
10.0,466,5021.670491
4.0,258,5029.934336
9.0,327,5038.882323
14.0,468,5052.781918
6.0,344,5062.72773
8.0,403,5074.433969
18.0,672,5093.305632
5.0,295,5102.002778
13.0,559,5118.719495
6.0,364,5129.097482
10.0,401,5139.674943
13.0,480,5153.244917
5.0,315,5162.275994
15.0,610,5178.600156
13.0,617,5195.876638
7.0,387,5206.607258
13.0,494,5219.971339
14.0,393,5231.410518
7.0,402,5242.071125
13.0,502,5255.545924
8.0,300,5264.097187
15.0,561,5279.364074
11.0,422,5291.377206
14.0,634,5308.34224
13.0,472,5320.884175
10.0,488,5333.861235
13.0,531,5349.132878
10.0,484,5362.87879
12.0,602,5379.486977
13.0,505,5393.212285
9.0,444,5405.474901
12.0,447,5417.833334
8.0,385,5428.194736
8.0,282,5436.516984
9.0,494,5449.492732
7.0,370,5459.975919
6.0,372,5469.54127
9.0,480,5483.077019
25.0,704,5502.488712
17.0,638,5520.628962
10.0,508,5534.310459
9.0,451,5546.901062
13.0,463,5557.942483
13.0,618,5573.022147
11.0,414,5583.040371
5.0,306,5590.600353
11.0,395,5599.998991
20.0,669,5616.194512
14.0,547,5629.376493
6.0,331,5637.39246
7.0,399,5646.896359
6.0,326,5654.386387
5.0,341,5662.787719
9.0,441,5673.656905
6.0,323,5681.158721
15.0,455,5692.302337
14.0,349,5700.919036
14.0,548,5714.10963
16.0,483,5725.825914
14.0,562,5739.332018
7.0,427,5749.791147
10.0,507,5762.134383
7.0,385,5771.599564
14.0,501,5783.938768
10.0,470,5795.013813
13.0,476,5806.565539
4.0,279,5813.52861
16.0,692,5830.683838
11.0,480,5842.435988
12.0,537,5855.360131
20.0,645,5871.357802
19.0,517,5884.403856
10.0,323,5892.171805
11.0,404,5902.436684
4.0,262,5909.07774
11.0,391,5918.454258
11.0,510,5931.166514
18.0,684,5948.659478
9.0,456,5960.155037
14.0,512,5972.712403
6.0,365,5981.718002
18.0,371,5991.144263
11.0,461,6002.781653
10.0,488,6014.75899
12.0,543,6028.730129
10.0,519,6041.691368
14.0,614,6056.533662
7.0,375,6065.828622
14.0,659,6081.902953
8.0,410,6091.893982
19.0,529,6105.214724
21.0,668,6121.623045
14.0,569,6135.613086
22.0,590,6150.320732
11.0,527,6162.796559
14.0,523,6176.031569
4.0,241,6182.073778
13.0,473,6194.126571
12.0,464,6205.853476
13.0,513,6218.492941
20.0,576,6232.584172
10.0,435,6243.211438
24.0,506,6255.687613
6.0,332,6264.353703
5.0,327,6272.206397
22.0,456,6283.781043
18.0,645,6299.510111
10.0,464,6311.390862
7.0,364,6320.684777
15.0,437,6331.777646
18.0,568,6346.200154
9.0,455,6357.844091
9.0,501,6369.970409
13.0,611,6385.638505
16.0,467,6397.593711
11.0,401,6408.138732
13.0,577,6422.250719
17.0,613,6438.278803
6.0,336,6446.612232
14.0,352,6454.991111
14.0,514,6467.776471
11.0,439,6478.618639
12.0,526,6491.63928
21.0,510,6504.743907
18.0,545,6518.842232
13.0,627,6535.150538
29.0,654,6551.637094
10.0,487,6564.174604
11.0,541,6578.193097
7.0,398,6588.554958
15.0,630,6604.948744
10.0,514,6618.285995
8.0,411,6629.028049
17.0,630,6645.015407
18.0,597,6660.438413
13.0,439,6671.645351
15.0,535,6685.38892
26.0,717,6703.735068
10.0,481,6716.013214
9.0,416,6726.685888
13.0,628,6743.214773
17.0,677,6760.925447
14.0,522,6774.854805
12.0,590,6790.128521
3.0,216,6795.844892
8.0,422,6807.058483
17.0,623,6823.298338
16.0,630,6839.427464
9.0,453,6851.425066
19.0,568,6866.327497
8.0,451,6877.309692
10.0,488,6889.955678
12.0,446,6901.42086
6.0,346,6910.620206
15.0,684,6927.739346
8.0,392,6937.328012
10.0,467,6949.945358
5.0,308,6957.873068
18.0,624,6973.910202
17.0,506,6987.154058
15.0,598,7002.550869
13.0,608,7018.213336
11.0,511,7031.455534
11.0,560,7046.326704
20.0,580,7061.207323
9.0,428,7072.495919
20.0,569,7086.957206
15.0,652,7104.625575
18.0,554,7119.164448
14.0,513,7132.268338
16.0,597,7148.032767
12.0,436,7159.550506
17.0,490,7172.392875
9.0,492,7184.903859
22.0,907,7208.745098
15.0,594,7224.10559
10.0,492,7236.447531
16.0,505,7249.90053
13.0,629,7265.478199
11.0,548,7279.890638
25.0,540,7294.043753
7.0,392,7303.847999
4.0,259,7310.552031
9.0,447,7321.686771
11.0,543,7335.939207
22.0,657,7352.735494
14.0,477,7365.089641
14.0,515,7378.818269
20.0,638,7394.955417
14.0,602,7410.693657
10.0,492,7423.911047
8.0,422,7434.543865
14.0,515,7448.775199
3.0,226,7454.197493
18.0,537,7468.751168
16.0,464,7481.171592
11.0,526,7495.189796
13.0,474,7507.860234
18.0,661,7524.785596
17.0,472,7536.937345
11.0,510,7550.211204
12.0,547,7564.751464
13.0,471,7576.958294
14.0,534,7590.451877
26.0,815,7611.603687
26.0,706,7629.326535
11.0,559,7644.232964
10.0,489,7656.566792
13.0,480,7669.172853
17.0,719,7687.588377
19.0,580,7702.272352
15.0,547,7716.713971
17.0,627,7732.904234
14.0,391,7742.994965
15.0,554,7756.960183
15.0,543,7771.157436
22.0,656,7788.139144
6.0,380,7798.128211
12.0,593,7813.926212
9.0,446,7825.564968
23.0,598,7841.616764
23.0,659,7859.283316
16.0,618,7875.644105
13.0,518,7888.658043
4.0,257,7895.370994
12.0,556,7910.24742
13.0,463,7922.194824
13.0,438,7933.647041
15.0,563,7947.900192
18.0,635,7963.906615
9.0,492,7976.937958
23.0,691,7994.821507
9.0,442,8005.893283
24.0,640,8022.616319
17.0,617,8038.545433
18.0,665,8055.401484
23.0,887,8078.547297
10.0,504,8091.987401
18.0,691,8109.644341
5.0,275,8116.410476
9.0,401,8127.509878
18.0,638,8144.062531
8.0,444,8155.430453
29.0,771,8175.166855
9.0,432,8186.411312
14.0,507,8199.412353
22.0,544,8213.78963
28.0,709,8232.710315
20.0,639,8248.965697
17.0,649,8266.005912
17.0,458,8278.376908
10.0,472,8290.617915
10.0,505,8303.825003
23.0,746,8323.287312
11.0,509,8335.908435
13.0,460,8348.301688
21.0,615,8363.988937
21.0,697,8382.092351
7.0,344,8391.588252
8.0,441,8402.748312
3.0,209,8408.598616
12.0,527,8422.325118
25.0,692,8439.898263
24.0,649,8457.325569
20.0,758,8476.720001
26.0,745,8495.975715
19.0,667,8513.527493
19.0,707,8531.677692
23.0,653,21980.130634
21.0,572,21997.307987
20.0,516,22013.078448
27.0,952,22043.762863
24.0,616,22062.582184
12.0,581,22080.370081
12.0,535,22097.307388
16.0,665,22117.186956
14.0,529,22134.541291
16.0,717,22155.861274
17.0,716,22178.54618
6.0,333,22189.262978
27.0,750,22212.755225
25.0,697,22234.620186
24.0,782,22259.786449
21.0,641,22280.102748
13.0,591,22298.317296
19.0,776,22322.898584
31.0,840,22348.499777
17.0,688,22369.408035
29.0,735,22391.706502
15.0,563,22408.607088
23.0,722,22430.370624
20.0,502,22446.400183
24.0,861,22473.770473
11.0,420,22487.04134
15.0,523,22503.632023
22.0,637,22523.362975
14.0,633,22543.36404
11.0,479,22558.733367
6.0,342,22570.078975
21.0,705,22591.525053
18.0,775,22611.667647
21.0,585,22627.168147
16.0,701,22646.089412
23.0,744,22665.540066
14.0,651,22682.798154
18.0,627,22698.994396
11.0,528,22712.325186
19.0,687,22730.135451
11.0,496,22742.730707
26.0,553,22757.394388
9.0,477,22769.044876
20.0,735,22788.100114
17.0,480,22800.968103
17.0,507,22814.339319
18.0,745,22833.746223
7.0,423,22844.876649
18.0,503,22858.1467
16.0,608,22874.27722
15.0,618,22890.626213
12.0,428,22901.94677
24.0,630,22919.212291
19.0,699,22937.749537
15.0,561,22952.510448
